Time_Minutes,Memory_Used_MiB,GPU_Utilization_Pct,Power_Watts
0.0001,23,0,16.15
0.0180,23,0,16.15
0.0361,25,0,16.12
0.0535,25,0,16.13
0.0712,888,6,25.57
0.0889,1726,6,27.51
0.1073,2616,8,27.72
0.1247,3454,6,27.63
0.1422,4390,8,27.69
0.1605,5208,6,27.59
0.1784,6144,6,27.66
0.1967,7080,6,27.78
0.2147,7990,7,27.78
0.2330,8880,6,27.75
0.2508,9744,6,27.86
0.2682,10726,6,27.77
0.2865,11616,8,27.80
0.3047,12054,0,27.88
0.3228,12904,33,29.96
0.3402,13180,100,56.73
0.3576,14180,100,60.46
0.3754,14180,100,65.98
0.3931,14180,100,62.53
0.4106,14180,100,64.11
0.4280,14180,100,60.20
0.4461,14180,99,59.60
0.4641,14180,100,68.76
0.4816,14180,100,62.17
0.4990,14180,99,65.10
0.5167,14180,100,65.96
0.5341,14180,99,62.11
0.5522,14180,100,65.70
0.5696,14180,100,64.80
0.5873,14180,100,66.03
0.6050,14180,100,68.65
0.6225,14180,100,69.81
0.6402,14180,99,63.16
0.6583,14180,100,60.51
0.6761,14180,99,63.58
0.6938,14180,99,66.85
0.7115,14180,100,61.08
0.7289,14180,100,66.15
0.7463,14180,100,63.79
0.7638,14180,100,63.96
0.7811,14180,99,62.05
0.7991,14180,100,63.65
0.8166,14180,100,68.56
0.8340,14180,100,62.82
0.8521,14180,99,67.61
0.8697,14180,100,61.50
0.8871,14180,99,65.14
0.9045,14180,99,63.34
0.9228,14180,99,63.42
0.9405,14180,100,64.27
0.9586,14180,100,60.85
0.9763,14180,99,64.92
0.9937,14180,99,62.36
1.0111,14180,100,63.39
1.0289,14180,99,66.77
1.0467,14180,99,63.16
1.0647,14180,100,66.60
1.0824,14180,99,63.88
1.0999,14180,99,65.44
1.1180,14180,99,65.33
1.1354,14180,100,65.73
1.1531,14180,100,66.08
1.1705,14180,100,62.70
1.1879,14180,100,64.85
1.2054,14180,100,62.53
1.2228,14180,99,66.26
1.2402,14180,100,66.52
1.2575,14180,99,66.55
1.2749,14180,99,64.20
1.2922,14180,100,66.86
1.3099,14180,99,62.59
1.3273,14180,100,65.24
1.3451,14180,100,67.70
1.3625,14180,99,65.73
1.3799,14180,100,65.37
1.3979,14180,100,67.77
1.4154,14180,99,67.88
1.4329,14180,100,67.57
1.4506,14180,100,65.14
1.4679,14180,100,67.24
1.4853,14180,100,64.01
1.5031,14180,100,67.15
1.5206,14180,100,68.62
1.5380,14180,100,66.71
1.5554,14180,99,66.01
1.5728,14180,99,66.58
1.5905,14180,100,67.69
1.6083,14180,100,68.00
1.6257,14180,100,64.38
1.6434,14180,100,66.51
1.6608,14180,99,65.07
1.6785,14180,100,68.76
1.6959,14180,99,65.13
1.7133,14180,100,65.21
1.7308,14180,100,65.53
1.7485,14180,99,66.24
1.7662,14180,100,69.53
1.7835,14180,100,68.70
1.8013,14180,99,67.70
1.8187,14180,99,64.93
1.8361,14180,100,66.27
1.8535,14180,99,68.45
1.8709,14180,100,66.94
1.8886,14180,100,68.36
1.9060,14180,100,69.30
1.9241,14180,100,64.90
1.9415,14180,100,68.73
1.9589,14180,100,66.72
1.9763,14180,99,64.70
1.9940,14180,100,68.98
2.0117,14180,100,66.96
2.0295,14180,100,67.94
2.0470,14180,100,70.46
2.0647,14180,99,67.67
2.0825,14180,99,69.68
2.0999,14180,99,69.35
2.1173,14180,99,67.62
2.1347,14180,99,70.34
2.1527,14180,100,66.54
2.1702,14180,100,69.16
2.1876,14180,99,67.94
2.2053,14180,99,69.75
2.2234,14180,99,67.78
2.2414,14180,99,66.97
2.2591,14180,100,68.72
2.2765,14180,100,68.59
2.2939,14180,100,68.59
2.3120,14180,100,70.45
2.3294,14180,100,70.37
2.3471,14180,100,70.02
2.3652,14180,100,70.58
2.3829,14180,99,68.70
2.4007,14180,100,68.20
2.4181,14180,100,66.99
2.4359,14180,99,69.93
2.4533,14180,99,67.78
2.4713,14180,100,67.45
2.4887,14180,100,69.85
2.5061,14180,99,70.68
2.5235,14180,99,70.96
2.5415,14180,100,67.45
2.5593,14180,100,66.46
2.5767,14180,100,66.34
2.5941,14180,99,68.15
2.6121,14180,100,67.50
2.6295,14180,100,68.07
2.6473,14180,100,69.61
2.6647,14180,100,72.70
2.6821,14180,100,66.02
2.6995,14180,100,72.32
2.7169,14180,100,69.00
2.7343,14180,100,67.92
2.7524,14180,99,70.51
2.7701,14180,99,70.63
2.7879,13136,100,69.75
2.8053,13472,99,71.38
2.8227,13472,100,70.34
2.8405,13472,100,68.16
2.8582,13812,99,71.54
2.8763,13812,100,76.18
2.8937,13812,100,64.84
2.9111,14156,99,70.35
2.9291,14156,100,67.55
2.9472,14156,100,68.87
2.9650,14156,100,68.98
2.9827,14156,100,72.37
3.0005,14156,99,68.05
3.0182,14156,100,73.63
3.0359,14156,99,69.96
3.0537,14156,100,70.01
3.0714,14156,100,71.50
3.0887,14156,99,68.52
3.1064,14156,100,69.89
3.1239,14156,100,70.85
3.1413,13240,100,65.83
3.1587,13802,100,70.75
3.1767,13802,99,65.27
3.1941,14492,100,73.01
3.2118,14492,99,66.16
3.2295,14492,99,68.81
3.2469,14492,100,65.01
3.2643,14492,100,71.72
3.2817,14492,99,64.93
3.2997,14492,100,69.65
3.3171,14492,100,73.07
3.3352,14492,100,75.42
3.3526,14492,100,72.50
3.3700,14492,100,66.51
3.3874,14492,100,68.94
3.4048,14492,100,76.40
3.4221,14492,100,70.70
3.4395,14492,100,75.32
3.4573,14492,100,68.31
3.4750,14492,100,70.38
3.4925,13734,99,65.53
3.5105,14080,100,69.32
3.5279,14080,100,75.20
3.5453,14080,100,67.50
3.5633,14436,100,65.99
3.5807,14436,100,66.64
3.5985,14436,100,68.05
3.6159,14436,100,79.28
3.6333,14436,100,74.82
3.6507,14436,100,76.46
3.6684,14436,100,78.19
3.6861,14436,100,72.32
3.7038,14436,100,63.70
3.7215,14436,100,65.96
3.7392,14436,99,77.95
3.7569,14436,100,71.43
3.7746,14436,99,64.75
3.7921,14436,100,66.96
3.8099,14436,100,71.97
3.8273,13738,100,69.96
3.8454,14086,100,68.37
3.8629,14448,100,63.88
3.8803,14448,100,72.17
3.8977,14448,99,76.75
3.9154,14448,100,69.54
3.9328,14448,100,65.55
3.9502,14448,99,76.02
3.9676,14448,100,73.24
3.9850,14448,100,68.35
4.0027,14448,100,73.62
4.0201,14448,100,63.97
4.0377,14448,100,64.78
4.0551,14812,100,65.64
4.0725,14812,100,72.14
4.0905,14812,100,80.50
4.1079,14812,100,75.52
4.1256,14812,100,79.92
4.1435,14812,100,67.85
4.1612,13314,100,68.03
4.1789,13682,100,72.75
4.1967,14056,99,78.71
4.2141,14056,99,70.25
4.2315,14056,100,67.69
4.2490,14056,100,70.51
4.2663,14056,100,65.68
4.2841,14056,100,69.06
4.3016,14056,100,78.12
4.3190,14056,100,66.35
4.3367,14056,100,65.94
4.3544,14056,100,63.10
4.3721,14056,100,64.89
4.3898,14056,100,65.55
4.4073,14056,99,74.46
4.4247,14056,100,64.19
4.4421,14056,100,64.42
4.4595,14056,100,64.20
4.4775,13362,100,68.76
4.4950,13364,100,70.97
4.5130,13716,100,71.10
4.5304,13716,100,64.90
4.5478,13716,100,70.17
4.5652,14468,100,75.50
4.5826,14468,100,66.48
4.6001,14468,100,69.03
4.6175,14468,100,70.26
4.6349,14468,99,63.47
4.6523,14468,100,63.39
4.6697,14468,100,64.45
4.6874,14468,100,75.90
4.7048,14468,100,71.40
4.7223,14468,100,72.69
4.7397,14468,100,68.67
4.7571,14468,100,66.81
4.7745,14468,100,69.72
4.7918,14468,100,63.90
4.8092,14172,99,66.81
4.8267,14172,99,71.08
4.8441,14174,100,70.90
4.8619,14174,100,67.47
4.8792,14174,100,75.32
4.8966,14174,100,64.99
4.9140,14174,100,64.96
4.9314,14174,100,74.23
4.9488,14174,100,68.94
4.9662,14174,100,65.64
4.9836,14174,100,74.01
5.0013,14174,100,64.06
5.0188,14174,99,67.05
5.0362,14174,100,74.57
5.0536,14174,100,66.02
5.0710,14174,100,67.60
5.0884,14174,100,74.27
5.1058,14174,100,64.30
5.1232,13832,100,72.58
5.1407,14204,100,68.18
5.1581,14608,100,71.58
5.1756,14608,100,67.71
5.1930,15014,100,73.90
5.2104,15014,100,67.58
5.2281,15014,100,71.93
5.2456,15014,100,67.18
5.2629,15014,100,75.50
5.2804,15014,100,65.87
5.2977,15014,100,75.51
5.3152,15014,100,65.14
5.3327,15014,100,74.26
5.3504,15014,100,67.01
5.3678,15014,100,77.94
5.3851,15014,100,70.45
5.4025,15014,100,68.45
5.4200,15014,100,73.29
5.4375,13824,100,76.58
5.4549,14886,99,66.78
5.4722,15294,99,76.55
5.4896,15294,100,66.13
5.5071,15294,100,71.19
5.5245,15294,100,68.62
5.5419,15704,100,72.42
5.5593,15704,100,72.90
5.5767,15704,100,64.37
5.5941,15704,100,70.89
5.6115,15704,100,66.13
5.6288,15704,99,69.60
5.6462,15704,100,67.29
5.6636,15704,100,74.34
5.6810,15704,100,69.77
5.6984,15704,100,65.82
5.7158,15704,100,74.03
5.7331,15704,100,66.40
5.7505,13614,98,75.80
5.7681,14042,100,70.40
5.7855,14044,100,71.80
5.8029,14044,100,73.29
5.8203,14044,100,69.46
5.8377,14044,100,64.80
5.8551,14044,100,77.44
5.8726,14044,100,66.19
5.8899,14044,100,67.90
5.9076,14044,99,68.99
5.9251,14044,100,73.86
5.9425,14044,100,68.74
5.9600,14044,100,72.90
5.9774,14044,100,73.02
5.9949,14044,100,78.67
6.0123,14044,100,74.41
6.0297,14044,100,66.37
6.0471,14044,100,73.40
6.0645,14044,100,66.27
6.0820,14016,99,71.55
6.0994,14838,99,67.92
6.1169,14838,100,68.79
6.1343,14838,100,70.25
6.1517,15278,100,71.49
6.1691,15278,99,68.54
6.1865,15278,100,74.37
6.2038,15278,100,73.67
6.2216,15278,100,65.54
6.2390,15278,100,75.43
6.2563,15278,100,69.95
6.2737,15278,99,71.58
6.2911,15278,100,66.00
6.3088,15278,100,68.32
6.3261,15278,100,67.92
6.3435,15278,100,69.83
6.3609,15278,100,69.05
6.3783,15278,100,70.39
6.3957,14318,100,65.80
6.4132,14320,99,73.36
6.4306,14320,100,64.72
6.4481,14320,99,72.19
6.4655,14320,100,69.78
6.4829,14320,100,65.63
6.5003,14320,100,67.77
6.5177,14320,100,74.30
6.5351,14320,100,68.43
6.5526,14320,100,73.78
6.5699,15222,100,64.90
6.5874,15222,100,72.11
6.6047,15222,100,66.37
6.6222,15222,100,66.77
6.6395,15222,100,72.46
6.6570,15222,100,67.32
6.6744,15222,100,68.78
6.6918,15222,100,71.43
6.7091,14232,100,65.61
6.7266,14682,100,72.54
6.7439,14682,100,67.22
6.7614,15136,100,75.31
6.7791,15136,100,71.15
6.7965,15136,99,66.84
6.8139,15136,100,70.09
6.8313,15136,100,71.28
6.8487,15136,100,65.83
6.8661,15136,100,70.40
6.8835,15136,100,72.67
6.9009,15136,100,66.78
6.9184,15136,100,67.29
6.9357,15600,100,75.21
6.9532,15600,100,66.02
6.9705,15600,100,71.32
6.9879,15600,100,71.57
7.0053,15600,100,69.99
7.0229,14108,99,66.61
7.0403,14846,100,71.51
7.0578,15304,100,72.95
7.0753,15304,100,73.36
7.0930,15304,99,77.30
7.1104,15304,99,72.36
7.1278,15774,100,71.41
7.1452,15774,100,67.66
7.1626,15774,100,73.57
7.1800,15774,100,69.71
7.1974,15774,100,64.09
7.2148,15774,100,73.07
7.2323,15774,100,71.86
7.2497,15774,100,63.31
7.2670,15774,100,73.15
7.2844,16250,100,73.04
7.3018,16250,100,65.54
7.3193,16250,100,68.96
7.3367,14282,100,66.82
7.3545,14754,100,76.40
7.3719,15226,100,66.68
7.3894,15226,100,71.49
7.4068,15714,100,66.92
7.4242,15714,100,74.77
7.4416,15714,100,66.46
7.4591,15714,100,75.40
7.4765,15714,100,73.92
7.4939,15714,100,64.25
7.5113,15714,100,70.34
7.5287,15714,100,67.35
7.5462,15714,100,72.91
7.5636,15714,100,74.44
7.5811,15714,100,65.17
7.5985,15714,100,73.15
7.6159,15714,100,65.22
7.6336,15714,100,70.23
7.6510,15714,100,68.19
7.6685,14096,100,70.85
7.6859,14592,100,74.83
7.7033,14594,100,67.09
7.7207,14594,100,77.08
7.7382,14594,100,67.62
7.7555,14594,100,66.81
7.7729,15100,100,76.26
7.7903,15100,100,69.35
7.8077,15100,100,67.08
7.8251,15100,100,69.64
7.8430,15614,100,63.97
7.8603,15614,100,64.12
7.8777,15614,100,76.33
7.8952,15614,100,64.14
7.9126,15614,100,70.13
7.9300,15614,100,78.58
7.9477,15614,100,66.09
7.9651,15614,100,70.26
7.9825,14454,100,77.56
7.9999,14454,100,72.70
8.0173,14454,100,67.94
8.0348,14454,100,65.32
8.0521,14454,100,66.69
8.0695,14454,100,69.90
8.0870,14968,100,73.69
8.1044,14968,100,68.79
8.1221,14968,100,64.49
8.1395,14968,99,63.00
8.1569,14968,100,63.51
8.1743,14968,100,70.99
8.1917,14968,100,73.60
8.2091,14968,100,64.87
8.2265,14968,100,74.65
8.2439,14968,100,64.76
8.2614,14968,100,69.77
8.2788,14968,100,68.86
8.2962,14968,100,70.20
8.3135,14696,100,77.01
8.3309,15762,99,67.96
8.3483,15762,100,69.83
8.3659,15762,100,68.16
8.3833,15762,100,74.26
8.4007,15762,100,66.24
8.4184,15762,100,70.70
8.4358,15762,100,74.95
8.4536,15762,100,70.05
8.4709,15762,100,72.40
8.4883,15762,100,75.06
8.5057,15762,100,69.60
8.5232,15762,100,65.27
8.5405,15762,100,65.10
8.5579,15762,100,67.03
8.5753,15762,100,64.87
8.5930,15762,100,64.39
8.6104,15762,100,75.96
8.6277,14362,100,78.21
8.6452,14922,99,75.88
8.6626,14922,100,69.78
8.6800,14922,100,66.35
8.6975,14922,100,69.28
8.7149,14922,100,68.03
8.7323,14922,100,78.51
8.7497,14922,100,80.13
8.7672,14922,100,74.15
8.7845,14922,100,67.77
8.8020,14922,100,64.90
8.8197,14922,100,67.58
8.8371,14922,100,78.67
8.8546,14922,99,79.54
8.8721,14922,100,80.69
8.8895,14922,100,77.65
8.9072,14922,100,74.45
8.9247,14922,100,77.66
8.9422,14922,100,73.38
8.9597,14764,100,68.11
8.9771,15200,100,67.26
8.9945,16718,100,68.97
9.0120,16718,100,66.56
9.0294,16718,100,73.46
9.0471,16718,100,68.71
9.0646,16718,100,63.27
9.0819,17284,100,64.92
9.0994,17870,100,69.71
9.1168,17870,100,76.47
9.1342,17870,100,70.30
9.1516,17870,100,68.50
9.1690,17870,100,72.52
9.1864,17870,100,77.21
9.2039,17870,100,80.89
9.2213,17870,100,70.93
9.2387,17870,100,65.40
9.2562,17870,100,63.44
9.2736,17870,100,64.58
9.2910,14294,100,68.32
9.3084,15732,100,78.45
9.3258,15732,100,77.76
9.3434,15734,99,68.59
9.3608,15734,100,68.24
9.3782,15734,100,69.56
9.3956,15734,100,68.59
9.4130,15734,100,69.47
9.4305,16284,100,73.44
9.4479,16874,100,69.99
9.4653,16874,100,73.64
9.4828,16874,100,80.20
9.5003,16874,100,75.61
9.5177,16874,100,73.65
9.5354,16874,100,65.82
9.5528,16874,100,64.54
9.5701,16874,100,65.04
9.5879,16874,100,64.31
9.6059,16874,100,66.52
9.6237,14720,100,69.52
9.6415,14720,100,76.03
9.6590,14722,100,78.72
9.6767,14722,100,70.90
9.6941,15308,100,69.93
9.7117,15308,100,70.25
9.7294,15308,100,69.20
9.7471,15908,100,65.59
9.7645,15908,100,65.65
9.7820,15908,100,67.52
9.7997,15908,100,75.46
9.8171,15908,100,79.89
9.8348,15908,100,74.93
9.8526,15908,100,72.14
9.8700,15908,100,79.47
9.8875,15908,99,74.08
9.9053,15908,100,74.15
9.9230,16516,100,75.58
9.9403,16516,100,67.44
9.9577,14642,100,66.33
9.9751,15638,100,69.02
9.9927,15638,100,73.06
10.0102,15638,100,72.02
10.0277,16212,100,74.66
10.0451,16212,100,64.96
10.0625,16832,100,66.81
10.0799,16832,100,66.34
10.0976,17454,100,64.10
10.1150,17454,100,64.69
10.1324,17454,100,71.60
10.1501,17454,100,73.34
10.1679,17454,100,78.58
10.1853,18078,99,75.82
10.2027,18078,100,76.93
10.2206,18078,100,74.77
10.2381,18078,100,76.61
10.2556,18704,100,68.77
10.2733,18704,100,67.13
10.2912,14292,98,70.83
10.3086,14846,100,76.49
10.3262,14846,100,74.49
10.3443,14846,100,67.16
10.3620,15476,100,75.34
10.3795,15476,100,63.90
10.3969,15476,100,70.82
10.4149,15476,100,76.90
10.4328,15476,100,80.47
10.4505,15476,100,78.28
10.4682,15476,100,75.19
10.4860,15476,100,79.82
10.5035,15476,100,69.81
10.5212,15476,100,64.00
10.5389,15476,100,68.80
10.5567,15476,100,74.68
10.5742,15476,100,72.61
10.5916,15476,100,78.22
10.6090,15476,100,68.09
10.6267,15476,100,73.10
10.6442,15636,100,71.51
10.6616,15636,100,67.14
10.6791,16294,100,71.37
10.6965,16968,100,73.76
10.7139,16970,100,74.81
10.7316,16970,99,69.27
10.7493,16970,100,68.49
10.7668,17678,100,73.47
10.7843,17678,100,71.61
10.8020,17678,100,72.32
10.8197,17678,100,67.00
10.8372,17678,100,68.14
10.8550,17678,100,70.19
10.8724,17678,100,66.15
10.8906,17678,100,73.49
10.9081,17678,100,66.62
10.9255,17678,100,71.67
10.9432,17678,100,71.50
10.9606,17678,100,73.24
10.9781,14636,100,74.49
10.9956,14638,100,70.66
11.0133,14638,100,69.69
11.0306,14638,100,74.29
11.0480,14638,100,70.56
11.0655,14638,100,70.43
11.0829,14638,100,70.50
11.1003,14638,100,69.35
11.1177,14638,100,68.61
11.1352,14638,100,69.54
11.1527,14638,100,69.77
11.1707,14638,100,69.51
11.1887,14638,99,69.80
11.2068,14638,100,68.75
11.2244,14638,100,73.65
11.2422,14428,100,70.25
11.2602,14428,100,73.96
11.2776,14428,100,71.25
11.2954,14428,100,69.20
11.3132,14428,99,68.36
11.3309,14428,100,70.08
11.3483,14428,100,70.94
11.3661,14428,100,65.86
11.3835,14428,100,71.25
11.4009,14428,100,72.35
11.4183,14428,100,70.31
11.4361,14428,100,69.46
11.4535,14428,100,72.20
11.4713,14428,100,71.82
11.4893,14428,100,72.09
11.5067,14960,100,68.61
11.5245,14960,100,70.65
11.5419,14960,100,66.41
11.5598,14960,100,71.48
11.5775,15406,100,69.96
11.5950,15406,100,71.22
11.6128,15406,100,69.04
11.6303,15870,100,69.65
11.6477,16342,100,71.53
11.6654,16342,100,71.36
11.6828,16342,100,70.86
11.7009,16342,100,70.46
11.7187,16838,100,72.58
11.7364,16838,100,70.70
11.7539,16838,99,71.01
11.7714,16838,100,72.09
11.7893,14970,100,69.56
11.8068,15384,100,72.71
11.8249,15816,100,71.08
11.8427,16300,100,75.54
11.8601,16300,100,73.01
11.8776,16300,100,71.10
11.8950,16300,100,72.42
11.9124,16798,100,72.61
11.9298,16798,100,68.35
11.9475,16798,100,70.41
11.9650,16798,100,73.51
11.9823,16798,100,70.08
12.0004,16798,100,70.15
12.0186,16798,100,74.35
12.0361,16798,100,71.70
12.0535,16798,100,69.99
12.0709,15104,99,74.31
12.0890,15648,100,71.61
12.1064,15648,100,70.46
12.1239,15648,100,70.56
12.1413,15648,100,72.54
12.1591,15648,100,72.35
12.1764,15648,100,73.31
12.1939,15648,100,69.49
12.2114,15648,100,72.23
12.2288,15648,100,71.01
12.2465,15648,100,75.03
12.2640,15648,100,71.01
12.2814,15648,100,70.73
12.2991,15648,100,67.89
12.3168,15648,100,69.66
12.3342,15648,100,70.89
12.3517,15130,100,69.74
12.3691,15132,100,71.89
12.3865,15132,100,71.62
12.4039,15678,99,71.47
12.4217,15678,100,71.54
12.4391,15678,100,71.40
12.4568,15678,100,71.43
12.4742,15678,100,69.86
12.4920,15678,100,67.21
12.5098,15678,100,69.24
12.5275,16226,100,65.08
12.5449,16226,100,70.61
12.5624,16226,100,71.39
12.5802,16226,99,71.37
12.5976,16226,100,70.32
12.6150,16226,100,72.36
12.6331,16226,100,72.45
12.6508,16248,100,68.83
12.6685,16248,99,70.42
12.6859,16836,100,70.57
12.7034,16836,100,72.51
12.7211,16836,100,69.49
12.7385,16836,100,75.29
12.7561,16836,100,71.77
12.7735,16836,100,69.58
12.7916,16836,100,73.48
12.8097,16836,100,71.35
12.8271,16836,100,67.82
12.8445,16836,100,69.85
12.8619,16836,100,71.06
12.8793,16836,100,70.93
12.8967,16836,100,72.65
12.9141,16836,100,66.92
12.9315,15096,100,66.94
12.9495,15098,99,72.14
12.9669,15098,100,66.30
12.9850,15098,100,70.84
13.0024,15638,100,68.38
13.0203,15638,100,73.75
13.0380,15638,100,68.93
13.0554,15638,100,68.11
13.0729,16248,100,75.44
13.0903,16248,100,67.44
13.1078,16248,100,67.74
13.1259,16248,100,71.49
13.1441,16248,100,72.79
13.1616,16248,100,70.45
13.1789,16248,100,69.71
13.1964,16248,100,72.07
13.2138,16248,100,72.04
13.2313,16248,100,77.04
13.2486,15862,100,72.88
13.2665,16362,99,72.50
13.2842,16894,100,74.63
13.3017,16894,100,75.52
13.3194,17490,100,68.46
13.3368,18130,100,67.44
13.3544,18130,100,64.33
13.3721,18130,100,65.53
13.3895,18130,100,73.76
13.4076,18130,100,72.00
13.4250,18130,100,69.89
13.4431,18130,100,68.67
13.4605,18130,100,67.69
13.4783,18130,100,71.29
13.4957,18130,100,70.25
13.5134,18130,100,71.24
13.5308,18130,100,71.92
13.5485,15394,98,69.29
13.5663,15914,100,72.42
13.5837,15914,100,71.31
13.6014,15916,100,71.38
13.6191,17180,99,70.48
13.6366,17180,100,65.18
13.6540,17180,100,67.84
13.6718,17180,100,73.67
13.6895,17180,100,72.49
13.7073,17180,100,72.64
13.7247,17180,100,66.58
13.7426,17180,100,71.04
13.7600,17180,100,68.49
13.7774,17180,100,72.71
13.7949,17180,100,69.46
13.8123,17180,100,68.06
13.8301,17180,100,70.01
13.8482,17180,100,69.66
13.8661,15418,100,70.03
13.8838,16022,100,72.09
13.9012,16022,100,72.04
13.9186,16672,100,65.78
13.9360,16672,100,70.45
13.9536,16672,100,73.99
13.9710,16672,100,69.25
13.9884,16672,100,72.70
14.0058,16672,100,71.03
14.0239,16672,100,72.05
14.0416,16672,100,67.46
14.0591,16672,100,74.59
14.0769,16672,100,76.75
14.0944,16672,100,67.49
14.1119,16672,99,72.01
14.1294,16672,100,69.49
14.1468,16672,100,71.46
14.1643,17334,100,67.74
14.1824,17040,100,76.77
14.2006,17040,100,75.83
14.2180,17042,100,67.62
14.2361,17042,100,72.35
14.2535,17042,100,70.67
14.2713,17042,100,67.35
14.2894,17042,100,74.56
14.3069,17042,100,72.77
14.3244,17042,100,71.91
14.3422,17042,100,66.87
14.3600,17042,100,70.55
14.3780,17042,100,68.69
14.3957,17042,100,69.68
14.4132,17042,100,70.24
14.4306,17042,99,72.67
14.4486,17042,100,75.48
14.4660,17042,100,70.88
14.4834,17042,100,67.74
14.5008,15468,99,68.58
14.5182,16560,100,67.05
14.5358,16562,100,68.57
14.5532,16562,100,72.05
14.5706,16562,100,73.76
14.5881,16562,100,72.19
14.6056,16562,100,69.84
14.6230,16562,100,66.39
14.6403,17286,100,66.38
14.6579,18014,100,72.15
14.6753,18014,100,74.44
14.6927,18014,100,69.80
14.7105,18014,100,69.27
14.7279,18014,100,75.03
14.7453,18014,100,71.72
14.7627,18014,100,73.19
14.7801,18014,100,67.84
14.7975,18014,100,74.64
14.8150,18014,100,67.32
14.8324,16062,98,67.00
14.8498,16064,100,69.65
14.8675,16064,100,74.46
14.8849,16064,100,72.23
14.9024,16064,100,70.79
14.9197,16064,100,72.31
14.9375,16716,100,69.07
14.9549,17410,100,71.87
14.9723,17410,100,74.22
14.9897,18160,100,68.54
15.0071,18160,100,71.90
15.0246,18160,100,71.47
15.0420,18160,100,69.18
15.0596,18160,99,69.88
15.0770,18160,100,65.32
15.0944,18160,100,69.62
15.1118,18160,100,77.09
15.1292,18160,100,70.62
15.1467,18160,100,72.35
15.1641,15616,100,76.95
15.1815,16680,100,73.27
15.1991,16680,100,69.56
15.2165,16680,100,71.85
15.2340,16680,100,72.75
15.2515,17268,100,69.33
15.2691,17268,100,70.15
15.2865,17268,100,71.02
15.3039,17268,100,70.10
15.3213,17268,100,71.84
15.3389,18684,100,72.40
15.3564,18684,100,75.88
15.3738,19462,100,68.74
15.3911,19462,100,67.68
15.4086,19462,100,70.61
15.4261,19462,100,70.70
15.4439,19462,100,76.33
15.4613,19462,100,81.07
15.4787,19464,100,74.47
15.4962,16574,100,71.56
15.5135,16576,100,74.00
15.5310,17220,100,72.50
15.5484,17968,100,76.07
15.5658,17968,100,75.50
15.5832,17968,100,78.06
15.6008,18752,100,72.25
15.6182,18752,100,74.64
15.6357,18752,100,77.58
15.6534,18752,100,69.57
15.6709,18752,100,71.66
15.6883,18752,100,70.92
15.7057,18752,100,69.67
15.7232,18752,100,70.48
15.7406,18752,100,71.51
15.7582,18752,100,66.75
15.7758,18752,100,76.90
15.7933,18752,100,67.03
15.8107,18752,100,72.85
15.8282,16000,100,73.74
15.8458,17792,100,72.16
15.8632,17792,100,73.88
15.8809,18610,100,71.25
15.8983,18610,100,66.61
15.9157,18610,100,72.94
15.9331,18610,100,73.03
15.9506,18610,100,72.93
15.9680,18610,100,66.38
15.9855,18610,100,74.22
16.0030,18610,100,72.75
16.0203,18610,100,68.31
16.0377,18610,100,73.03
16.0551,18612,100,72.29
16.0728,18612,100,72.20
16.0902,18612,100,69.42
16.1076,18612,100,74.73
16.1252,18612,100,74.21
16.1425,18612,100,70.69
16.1600,18612,100,69.57
16.1774,16426,100,71.48
16.1948,17280,100,70.29
16.2122,17282,100,70.64
16.2300,17282,100,76.28
16.2474,17282,100,70.60
16.2648,17282,100,66.80
16.2822,17282,100,66.91
16.2998,17282,100,68.03
16.3173,17282,100,69.99
16.3346,17282,100,70.52
16.3520,17282,100,75.00
16.3694,17282,100,71.96
16.3871,17282,100,73.81
16.4045,17282,100,72.61
16.4219,18130,100,72.22
16.4393,18130,100,71.23
16.4568,18130,100,69.10
16.4744,18130,100,71.88
16.4917,18130,100,72.07
16.5092,18130,100,71.96
16.5266,16086,98,75.46
16.5441,16694,100,71.41
16.5615,16694,99,68.39
16.5789,16694,100,70.36
16.5963,17318,100,69.38
16.6137,17318,100,72.01
16.6312,18052,100,75.61
16.6486,18912,100,70.81
16.6660,18912,99,75.51
16.6834,18912,100,72.82
16.7009,18912,100,71.27
16.7187,18912,100,76.80
16.7362,18912,100,74.82
16.7536,19776,100,69.90
16.7710,19776,100,71.74
16.7885,19776,100,66.17
16.8059,19776,100,69.23
16.8234,19776,100,73.84
16.8409,19776,100,74.14
16.8584,19776,100,75.26
16.8759,14220,100,69.49
16.8934,16556,100,70.17
16.9109,14532,0,57.42
16.9283,14532,0,31.32
16.9460,14532,0,31.04
16.9634,14532,0,30.99
16.9808,14532,0,30.90
16.9982,14532,0,30.83
17.0156,14532,0,30.82
17.0330,14532,0,30.56
17.0504,14532,0,30.55
17.0690,14532,0,30.50
17.0875,14532,0,30.49
17.1058,14532,0,30.26
17.1245,17260,100,46.28
17.1420,18006,100,76.36
17.1595,18006,100,69.24
17.1771,18006,100,74.25
17.1946,18006,100,69.08
17.2121,18006,100,71.20
17.2296,18006,100,69.52
17.2471,18006,100,72.27
17.2645,18006,100,69.13
17.2819,18006,100,67.67
17.2993,18006,100,73.59
17.3167,18862,100,73.52
17.3341,18862,100,77.39
17.3519,18862,100,70.79
17.3694,18862,100,71.00
17.3870,18862,100,72.26
17.4044,18862,100,69.36
17.4218,18862,100,75.05
17.4393,18862,100,71.82
17.4567,18862,100,75.19
17.4742,16558,100,72.50
17.4918,18544,100,73.29
17.5092,18544,100,73.35
17.5266,19452,100,69.17
17.5440,19452,100,69.73
17.5614,19452,100,69.23
17.5788,19452,100,69.37
17.5962,19452,100,72.55
17.6136,19452,100,70.29
17.6311,19452,100,72.38
17.6485,19452,100,74.46
17.6660,20376,100,66.86
17.6834,20376,100,77.70
17.7008,20376,100,73.67
17.7182,20376,100,73.79
17.7358,20376,100,73.50
17.7531,20376,100,72.02
17.7709,20376,100,72.52
17.7886,20376,100,71.09
17.8062,20376,100,70.60
17.8236,20376,100,71.67
17.8410,16958,100,71.62
17.8586,16958,100,68.30
17.8761,18530,100,71.86
17.8935,18530,100,67.92
17.9109,18530,100,70.21
17.9283,18532,100,68.65
17.9459,18532,100,67.74
17.9634,18532,100,70.25
17.9807,19400,100,71.59
17.9982,19400,100,69.66
18.0159,19400,99,70.13
18.0333,19400,100,72.91
18.0508,19400,100,71.11
18.0684,19400,100,68.34
18.0859,19400,100,68.63
18.1034,20298,100,77.61
18.1208,20298,100,71.47
18.1382,20298,100,71.08
18.1557,20298,100,68.64
18.1731,20298,100,69.26
18.1906,20298,100,72.01
18.2080,17376,100,71.45
18.2257,18028,100,72.90
18.2432,18838,100,68.24
18.2606,18838,100,72.31
18.2780,18840,100,72.31
18.2954,18840,100,74.99
18.3130,18840,100,71.53
18.3305,18840,100,66.54
18.3483,20744,100,71.67
18.3657,20744,100,67.76
18.3832,20744,100,72.03
18.4006,20744,100,73.99
18.4180,20744,100,73.17
18.4354,20744,100,68.35
18.4528,20744,100,71.15
18.4704,20744,100,70.69
18.4879,20744,100,69.24
18.5055,20744,100,74.30
18.5231,20744,100,71.24
18.5404,20744,100,69.63
18.5578,20744,100,69.76
18.5754,16956,100,66.60
18.5928,18176,100,71.33
18.6102,18176,100,74.27
18.6277,18176,100,70.72
18.6454,18876,100,75.36
18.6628,18876,100,72.09
18.6805,19596,100,67.95
18.6979,20498,100,71.62
18.7153,20498,100,73.32
18.7327,20498,100,68.52
18.7506,20498,100,73.69
18.7680,20498,100,69.43
18.7856,20498,100,72.81
18.8029,21402,100,70.17
18.8204,21402,100,69.21
18.8378,21402,100,67.07
18.8555,21402,100,69.76
18.8730,21402,100,70.91
18.8903,21402,100,75.74
18.9077,21402,100,70.81
18.9252,21402,100,72.79
18.9427,17612,100,73.94
18.9602,17612,100,72.51
18.9776,17612,100,70.07
18.9951,17612,100,71.24
19.0126,17612,100,71.68
19.0300,17614,100,70.66
19.0474,17614,100,67.60
19.0650,17614,100,69.68
19.0823,17614,100,67.46
19.0998,17614,100,72.65
19.1174,17614,100,69.03
19.1352,17614,100,70.15
19.1526,17614,100,68.42
19.1700,17614,100,73.85
19.1876,17614,100,71.73
19.2051,17614,100,69.28
19.2227,17614,100,73.11
19.2401,17614,100,69.83
19.2575,17614,100,70.78
19.2749,17614,100,72.87
19.2923,17614,100,69.20
19.3097,17614,100,66.01
19.3272,16278,100,68.29
19.3445,18506,100,71.76
19.3620,19518,100,72.35
19.3795,19518,100,73.25
19.3969,19518,100,70.04
19.4145,19518,100,71.17
19.4320,19518,100,72.03
19.4494,19518,100,68.95
19.4668,19518,100,72.01
19.4843,19518,100,72.95
19.5017,19518,100,71.74
19.5192,19518,100,72.47
19.5368,19518,100,70.87
19.5542,19520,100,69.74
19.5716,19520,100,68.92
19.5894,19520,100,72.57
19.6069,19520,100,69.74
19.6247,19520,100,73.15
19.6421,20540,100,72.46
19.6599,20540,100,67.99
19.6774,20540,100,71.45
19.6948,20540,100,70.71
19.7123,16796,100,70.66
19.7304,17430,100,70.36
19.7478,19194,99,71.48
19.7653,19196,100,72.53
19.7831,19196,100,69.88
19.8012,19196,100,73.38
19.8190,20230,100,69.41
19.8369,20230,100,69.15
19.8543,20230,100,71.21
19.8718,20230,100,72.49
19.8892,20230,100,70.91
19.9070,20230,100,73.00
19.9247,20230,100,74.36
19.9426,20230,100,74.76
19.9607,20230,100,78.05
19.9781,20230,100,71.33
19.9961,20230,100,70.11
20.0135,20230,100,74.46
20.0313,20230,100,71.28
20.0491,20230,100,72.10
20.0668,20230,100,67.96
20.0849,20230,100,70.25
20.1023,17156,100,69.59
20.1198,17156,100,72.01
20.1376,17156,100,73.36
20.1549,17156,100,72.71
20.1724,17934,100,66.25
20.1902,17934,100,71.64
20.2076,17934,100,70.25
20.2257,18806,100,69.59
20.2431,18806,100,69.37
20.2607,18806,100,74.75
20.2781,18806,100,69.60
20.2955,18806,100,67.83
20.3134,18806,100,68.71
20.3308,18806,100,72.48
20.3482,19858,100,72.93
20.3656,19858,100,73.15
20.3830,19858,100,68.29
20.4005,19858,100,72.43
20.4181,19858,100,68.18
20.4355,19858,100,67.62
20.4530,19858,100,70.77
20.4705,19858,100,68.73
20.4883,17144,100,71.13
20.5060,18222,100,72.71
20.5234,18222,100,69.66
20.5409,18222,100,74.95
20.5584,18222,100,70.19
20.5758,18222,100,67.68
20.5932,18222,100,75.25
20.6111,18222,100,70.36
20.6285,18222,100,73.99
20.6466,18222,100,71.89
20.6641,18222,100,72.20
20.6820,18222,100,74.22
20.6999,18222,100,73.21
20.7173,18222,100,69.90
20.7349,19306,100,75.21
20.7522,19306,100,70.35
20.7702,19306,100,71.12
20.7880,19306,100,71.13
20.8054,19306,100,72.37
20.8230,19306,100,73.32
20.8404,19306,100,72.17
20.8581,19306,100,70.39
20.8760,19308,100,70.20
20.8936,18530,100,71.08
20.9111,18530,100,75.91
20.9286,18530,100,71.00
20.9463,18530,100,72.71
20.9643,18530,100,69.71
20.9819,19462,100,67.58
20.9996,19462,100,68.11
21.0169,19462,100,75.01
21.0350,20460,100,70.51
21.0525,20460,100,70.23
21.0700,20460,100,69.82
21.0877,20460,100,74.66
21.1052,20460,100,73.72
21.1228,20460,100,71.38
21.1405,20460,100,67.64
21.1579,20460,100,71.42
21.1755,21628,100,68.57
21.1930,21628,100,69.96
21.2104,21628,100,64.91
21.2278,21628,100,68.32
21.2459,21628,100,71.08
21.2632,16680,100,67.76
21.2806,17630,100,66.34
21.2980,17632,100,70.86
21.3154,17632,100,70.15
21.3329,18590,100,68.73
21.3503,18590,100,72.42
21.3681,18590,100,72.05
21.3856,18590,100,69.12
21.4030,18590,100,68.21
21.4204,18590,100,72.92
21.4385,18590,100,72.19
21.4562,18590,100,68.31
21.4736,18590,100,79.23
21.4910,18590,100,68.78
21.5084,18590,100,65.40
21.5260,18590,100,68.44
21.5437,18590,100,71.53
21.5615,18590,99,70.81
21.5793,18590,100,73.19
21.5970,18590,100,71.64
21.6150,18590,100,67.67
21.6326,18590,100,70.20
21.6503,18140,100,70.69
21.6678,18140,100,73.34
21.6851,18140,100,69.83
21.7028,18140,100,70.78
21.7206,19032,100,71.80
21.7387,19032,100,73.96
21.7561,19032,100,76.97
21.7736,19032,100,73.98
21.7913,19032,100,75.50
21.8091,19032,100,69.72
21.8265,19992,100,70.68
21.8439,19992,100,74.31
21.8617,19992,100,70.83
21.8798,19992,100,70.12
21.8976,19992,100,70.12
21.9151,19992,100,72.62
21.9327,19992,100,66.89
21.9503,19992,100,71.38
21.9677,19992,100,73.60
21.9860,19992,100,71.55
22.0034,19992,100,68.31
22.0209,16426,100,67.35
22.0389,17568,100,70.85
22.0567,18350,100,69.65
22.0741,18352,100,69.58
22.0916,19254,100,68.47
22.1095,19254,100,66.41
22.1272,19254,100,69.66
22.1448,19254,100,70.66
22.1625,19254,100,74.13
22.1803,20236,100,69.46
22.1980,20236,100,71.04
22.2155,20236,100,69.60
22.2329,20236,100,74.70
22.2507,20236,100,70.68
22.2684,20236,100,72.85
22.2899,20236,100,68.37
22.3075,20236,100,73.09
22.3254,20236,100,69.90
22.3431,20236,100,68.71
22.3605,20236,100,73.61
22.3782,21228,100,73.11
22.3957,16958,99,72.93
22.4135,17824,100,74.03
22.4309,17824,100,72.78
22.4484,17826,100,73.69
22.4662,18770,100,71.68
22.4836,18770,100,71.74
22.5013,19794,100,73.51
22.5188,19794,100,68.25
22.5366,19794,100,68.86
22.5542,19794,100,69.19
22.5719,19794,100,67.34
22.5894,19794,100,69.96
22.6075,19794,100,69.98
22.6249,19794,100,74.84
22.6424,19794,100,74.11
22.6602,19794,100,68.74
22.6780,19794,100,69.57
22.6954,19794,100,70.13
22.7133,19794,100,71.16
22.7308,19794,100,70.89
22.7486,19794,100,70.75
22.7666,19794,100,72.59
22.7840,19794,100,71.19
22.8015,16784,100,68.50
22.8196,18428,100,68.83
22.8372,18428,100,69.12
22.8547,18428,100,71.70
22.8725,18428,100,69.72
22.8903,18428,100,71.28
22.9080,18428,100,68.78
22.9256,18428,100,69.28
22.9430,18428,100,75.20
22.9609,18430,100,67.99
22.9786,18430,100,72.47
22.9961,18430,100,71.30
23.0143,18430,100,69.77
23.0317,18430,100,71.30
23.0491,18430,100,71.53
23.0670,18430,100,75.06
23.0851,18430,100,69.17
23.1027,18430,100,70.05
23.1201,18430,100,71.88
23.1375,19418,100,76.36
23.1549,20430,100,73.87
23.1723,20430,100,69.54
23.1899,17658,100,70.84
23.2076,18464,100,69.05
23.2252,18464,100,72.24
23.2429,19512,100,69.93
23.2605,19512,100,68.74
23.2780,19514,100,71.27
23.2956,19514,100,72.35
23.3131,19514,100,73.12
23.3312,19514,100,71.84
23.3486,19514,100,68.40
23.3664,19514,100,69.45
23.3838,19514,100,69.09
23.4015,19514,100,70.82
23.4192,19514,100,68.80
23.4370,19514,100,73.36
23.4551,19514,100,70.52
23.4730,19514,100,70.15
23.4907,19514,100,69.32
23.5085,19514,100,74.25
23.5260,19514,100,73.13
23.5440,19514,100,71.85
23.5617,19514,100,72.53
23.5796,17446,100,70.14
23.5975,17446,100,70.22
23.6150,17446,99,68.15
23.6325,17448,100,74.51
23.6503,18530,100,70.85
23.6680,18530,100,72.84
23.6856,18530,100,71.24
23.7034,18530,100,73.23
23.7212,18530,100,70.55
23.7392,18530,100,71.97
23.7566,18530,100,74.23
23.7742,18530,100,74.02
23.7916,18530,100,72.02
23.8094,18530,100,74.33
23.8269,18530,100,70.78
23.8449,18530,100,72.61
23.8626,18530,100,68.12
23.8800,18530,100,76.88
23.8974,18530,100,70.38
23.9149,18530,100,70.54
23.9323,18530,100,74.63
23.9502,18530,100,69.77
23.9685,18530,100,71.58
23.9863,18180,99,67.79
24.0038,18890,100,70.94
24.0215,20708,100,67.87
24.0393,20708,100,71.13
24.0571,20708,100,70.20
24.0752,20708,100,70.14
24.0927,20708,100,69.68
24.1101,20708,100,72.12
24.1284,20708,100,68.44
24.1461,20708,100,69.30
24.1641,20708,100,73.08
24.1816,20708,100,73.91
24.1993,20708,100,72.61
24.2168,20708,100,69.42
24.2348,20708,100,73.69
24.2522,20708,100,69.79
24.2698,20708,100,69.03
24.2872,20708,100,70.92
24.3049,21810,100,71.85
24.3230,21810,100,69.18
24.3406,21810,100,69.30
24.3587,21810,100,69.42
24.3761,21810,100,73.55
24.3941,16694,100,65.12
24.4115,16694,100,74.93
24.4290,16694,100,70.72
24.4467,16694,100,70.56
24.4645,18268,100,70.44
24.4819,19122,100,70.25
24.4994,19122,100,70.54
24.5169,19122,100,70.27
24.5344,19122,100,71.03
24.5518,20052,100,69.57
24.5693,20052,100,73.06
24.5867,20052,100,70.51
24.6041,20052,100,69.78
24.6216,20052,100,71.21
24.6392,20052,100,70.25
24.6566,20988,100,72.87
24.6740,20990,100,69.27
24.6915,20990,100,76.22
24.7090,20990,100,71.28
24.7264,20990,100,72.71
24.7437,22078,100,69.01
24.7612,16798,100,70.57
24.7786,16798,100,71.82
24.7960,17336,100,69.20
24.8134,18088,100,71.51
24.8308,18090,100,69.54
24.8482,18880,100,70.01
24.8656,18880,100,73.06
24.8830,20008,100,74.00
24.9006,20008,100,66.96
24.9181,20008,100,71.86
24.9355,20008,100,73.97
24.9530,20008,100,70.28
24.9705,20008,100,74.28
24.9879,20008,100,65.97
25.0053,20008,100,67.29
25.0227,20008,100,72.14
25.0401,20008,100,72.01
25.0575,20008,100,72.08
25.0749,20008,100,71.19
25.0923,20008,100,70.10
25.1099,20008,100,69.35
25.1273,20008,100,69.00
25.1448,20008,100,68.29
25.1623,20008,100,70.35
25.1797,20008,100,70.86
25.1973,20008,100,69.85
25.2147,18148,100,77.46
25.2323,18148,100,71.05
25.2498,19300,100,70.22
25.2672,19300,100,70.27
25.2845,19300,100,71.09
25.3020,19300,100,68.61
25.3197,19300,100,68.05
25.3371,19300,100,71.56
25.3545,19300,100,75.24
25.3723,19300,100,71.10
25.3897,19302,100,69.20
25.4072,19302,100,72.20
25.4246,19302,100,68.30
25.4419,19302,100,71.25
25.4596,19302,100,71.99
25.4770,19302,100,70.51
25.4944,19302,100,68.53
25.5120,19302,100,67.38
25.5296,19302,100,68.42
25.5470,19302,100,69.77
25.5643,19302,100,70.33
25.5819,19302,100,74.19
25.5994,19302,100,72.21
25.6169,17750,98,70.64
25.6344,18452,100,72.93
25.6517,19474,100,71.08
25.6691,19474,100,70.57
25.6866,20594,100,71.57
25.7040,20594,100,70.41
25.7215,20594,100,73.48
25.7390,20594,100,71.06
25.7565,20594,100,71.61
25.7743,21760,100,73.33
25.7918,21760,100,74.60
25.8092,21760,100,75.20
25.8266,21760,100,73.50
25.8441,21760,100,69.96
25.8617,21760,100,70.38
25.8791,21760,100,70.52
25.8965,21760,100,70.38
25.9139,21760,100,70.25
25.9313,21760,100,69.96
25.9488,21760,100,70.11
25.9662,21760,100,71.29
25.9836,21760,100,70.03
26.0011,17444,100,69.08
26.0186,17444,100,73.31
26.0360,17972,100,73.51
26.0534,17972,100,66.85
26.0708,18860,100,70.74
26.0883,18860,100,71.62
26.1060,19908,100,75.99
26.1234,19908,100,71.68
26.1408,21004,100,72.93
26.1583,21004,100,73.81
26.1759,21004,100,71.30
26.1933,21004,100,72.16
26.2107,21004,100,74.39
26.2281,21004,100,71.35
26.2455,21004,100,67.96
26.2630,21004,100,69.72
26.2806,22192,100,68.40
26.2982,22192,100,69.88
26.3156,22192,100,67.75
26.3330,22192,100,70.51
26.3506,22192,100,73.70
26.3680,22192,100,72.66
26.3855,22192,100,73.01
26.4029,22192,100,69.42
26.4204,22192,100,79.15
26.4378,17486,100,73.16
26.4553,17486,100,71.72
26.4727,17486,100,71.50
26.4901,17486,100,70.04
26.5075,17486,100,69.37
26.5249,17486,100,73.49
26.5423,17486,100,72.50
26.5599,17488,100,70.31
26.5774,17488,100,71.34
26.5949,17488,100,69.42
26.6124,17488,100,75.70
26.6298,17488,100,74.88
26.6472,17488,100,73.83
26.6646,17488,100,72.76
26.6821,17488,100,68.20
26.6995,17488,100,70.43
26.7169,17488,100,68.29
26.7344,17488,100,68.74
26.7521,17488,100,72.77
26.7695,17488,100,74.32
26.7869,17488,100,72.55
26.8043,17488,100,69.00
26.8217,17488,100,69.08
26.8391,17488,100,73.95
26.8565,17488,100,67.85
26.8740,17488,100,69.28
26.8914,17912,100,71.33
26.9090,17912,100,72.09
26.9266,17912,100,71.84
26.9443,17914,100,68.24
26.9617,17914,100,68.58
26.9792,17914,100,77.57
26.9966,17914,100,70.00
27.0142,17914,99,71.21
27.0316,19132,100,75.84
27.0491,19132,100,70.06
27.0665,19132,100,71.80
27.0839,19132,100,69.66
27.1013,19132,100,72.36
27.1187,19132,100,71.48
27.1361,19132,100,70.71
27.1535,19132,100,72.56
27.1710,19132,100,71.53
27.1884,19132,100,70.15
27.2059,19132,100,73.07
27.2235,19132,100,77.54
27.2411,19132,100,69.35
27.2585,19132,100,74.01
27.2761,19132,100,73.12
27.2936,19132,100,75.82
27.3110,20356,100,73.79
27.3284,18310,100,71.02
27.3458,18310,100,71.03
27.3632,18310,100,72.59
27.3808,18312,100,67.39
27.3985,18312,100,71.32
27.4159,18312,100,68.57
27.4335,19404,100,73.25
27.4510,19404,100,70.17
27.4685,20530,100,66.71
27.4859,20530,100,71.06
27.5033,20530,100,68.15
27.5208,20530,100,71.06
27.5383,20530,100,72.54
27.5558,20530,100,69.95
27.5733,21766,100,70.57
27.5907,21766,100,69.86
27.6081,21766,100,72.85
27.6255,21766,100,74.65
27.6429,21766,100,71.31
27.6604,21766,100,72.40
27.6780,21766,100,69.37
27.6955,21766,100,69.47
27.7130,21766,100,70.97
27.7304,21766,100,73.12
27.7478,17324,100,68.77
27.7652,17324,100,72.38
27.7826,17324,100,68.56
27.8002,17324,100,71.70
27.8180,18624,100,74.43
27.8354,18624,100,70.45
27.8528,18624,100,68.32
27.8702,18624,100,70.96
27.8876,18624,100,71.44
27.9050,18626,100,71.59
27.9224,18626,100,71.01
27.9398,18626,100,70.91
27.9572,18626,100,69.49
27.9746,18626,100,74.78
27.9920,18626,100,69.47
28.0093,18626,100,72.94
28.0271,18626,100,69.85
28.0446,18626,100,75.37
28.0620,18626,100,66.95
28.0796,18626,100,68.69
28.0969,18626,100,70.51
28.1144,18626,100,69.42
28.1317,18626,100,70.68
28.1492,18626,100,70.21
28.1666,18626,100,73.03
28.1840,18478,100,70.39
28.2013,19176,100,74.58
28.2187,19960,100,72.42
28.2361,20980,100,72.82
28.2535,22040,99,68.90
28.2709,22040,100,71.26
28.2883,18552,100,68.09
28.3066,18552,100,73.31
28.3240,18552,100,70.56
28.3414,18552,100,70.07
28.3590,18552,100,75.95
28.3763,18552,100,71.79
28.3938,18552,100,64.87
28.4113,18554,100,71.02
28.4287,18554,100,72.85
28.4461,18554,100,72.74
28.4636,18554,100,77.46
28.4813,18554,100,71.20
28.4987,19830,100,70.61
28.5161,19830,100,72.40
28.5337,19830,100,69.92
28.5512,19830,100,69.75
28.5685,19830,100,74.00
28.5859,19830,100,71.36
28.6034,21112,100,72.78
28.6209,18554,98,69.32
28.6385,18554,100,73.40
28.6561,18554,100,72.99
28.6735,18554,100,72.08
28.6910,18554,100,69.95
28.7085,18554,100,72.46
28.7259,18554,100,72.11
28.7433,18554,100,72.08
28.7607,18554,100,72.16
28.7782,18554,100,71.66
28.7957,18554,100,66.59
28.8132,18554,100,72.87
28.8305,18554,100,71.46
28.8479,18554,100,72.62
28.8654,18554,100,74.27
28.8827,18554,100,70.22
28.9005,18554,100,70.31
28.9181,18556,100,75.30
28.9355,18556,100,69.14
28.9530,18556,100,77.92
28.9704,18556,100,71.42
28.9878,18556,100,72.69
29.0053,18556,100,71.53
29.0227,18556,100,70.26
29.0403,18556,100,73.12
29.0579,18556,100,69.76
29.0753,18768,100,72.55
29.0927,18768,100,72.66
29.1101,18768,100,74.74
29.1275,18770,100,70.92
29.1450,18770,100,70.45
29.1624,18770,100,71.40
29.1798,18770,100,72.55
29.1973,18770,100,71.74
29.2151,18770,100,70.84
29.2325,18770,100,70.07
29.2498,18770,100,74.43
29.2674,20124,100,67.57
29.2847,20124,100,67.17
29.3022,20124,100,69.01
29.3197,20124,100,72.55
29.3371,20124,100,74.11
29.3545,20124,100,72.51
29.3719,20124,100,71.57
29.3894,20124,100,69.64
29.4072,20124,100,69.57
29.4245,20124,100,70.51
29.4419,20124,100,72.19
29.4595,20124,100,70.12
29.4771,20124,100,68.66
29.4946,20124,100,72.44
29.5121,18556,100,72.18
29.5295,19824,100,68.11
29.5468,19824,100,75.35
29.5642,19824,100,73.29
29.5825,19824,100,73.35
29.6000,19824,100,73.08
29.6175,19824,100,69.53
29.6350,19824,100,70.89
29.6528,21166,100,71.44
29.6703,21166,100,70.61
29.6877,21166,100,69.90
29.7059,21166,100,70.84
29.7235,21168,100,71.93
29.7416,21168,100,68.36
29.7590,21168,100,66.09
29.7766,21168,100,71.36
29.7943,21168,100,68.50
29.8118,21168,100,70.61
29.8295,21168,100,67.90
29.8469,21168,100,68.67
29.8650,21168,100,72.29
29.8824,21168,100,76.24
29.8999,21168,100,68.23
29.9175,21168,100,72.54
29.9353,21168,100,69.56
29.9528,21168,100,67.79
29.9701,17736,100,70.98
29.9884,18886,100,71.11
30.0058,18886,100,70.74
30.0239,18886,100,69.99
30.0413,18886,100,72.29
30.0587,20220,99,69.61
30.0761,20220,100,67.89
30.0942,20220,100,74.50
30.1121,20220,100,71.13
30.1294,20220,100,72.48
30.1470,20220,100,66.48
30.1649,20220,100,67.76
30.1829,20222,100,68.96
30.2006,20222,100,70.03
30.2179,20222,100,77.04
30.2357,20222,100,74.87
30.2536,20222,100,73.05
30.2710,20222,100,68.93
30.2884,20222,100,66.35
30.3067,20222,100,71.33
30.3243,20222,100,74.27
30.3418,21578,100,68.12
30.3592,21578,100,69.80
30.3766,21578,100,72.35
30.3945,21578,100,70.24
30.4124,21578,100,67.55
30.4305,18952,100,71.48
30.4483,18952,100,71.13
30.4657,18952,100,71.80
30.4833,18952,100,68.18
30.5009,18952,100,74.71
30.5184,18952,100,71.99
30.5357,18952,100,70.50
30.5536,18952,100,72.55
30.5709,18952,100,74.16
30.5890,18952,100,76.35
30.6064,18952,100,68.06
30.6241,18954,100,70.70
30.6416,18954,100,70.10
30.6592,18954,100,72.04
30.6767,18954,100,69.93
30.6947,18954,100,70.66
30.7122,18954,100,76.92
30.7300,18954,100,75.19
30.7475,18954,100,76.21
30.7650,18954,100,77.27
30.7824,18954,100,67.54
30.8001,18954,100,72.26
30.8180,18954,100,71.09
30.8355,18954,100,67.25
30.8534,18954,100,73.59
30.8708,18120,99,71.17
30.8882,18120,100,69.97
30.9057,18120,100,71.17
30.9232,18120,100,73.48
30.9406,18120,100,72.81
30.9581,18120,100,72.85
30.9760,18120,100,69.75
30.9937,18120,100,70.91
31.0111,18120,100,72.46
31.0287,18120,100,69.83
31.0467,18120,100,72.83
31.0650,18120,100,73.66
31.0828,18122,100,68.87
31.1002,18122,100,73.07
31.1180,18122,100,72.94
31.1354,18122,100,67.73
31.1531,18122,100,71.00
31.1705,18122,100,69.16
31.1879,18122,100,68.72
31.2056,18122,100,78.20
31.2231,18122,100,69.70
31.2405,18122,100,68.98
31.2580,18122,100,66.14
31.2757,18122,100,69.72
31.2935,18122,100,70.80
31.3112,18122,100,71.41
31.3288,18384,100,69.06
31.3467,19398,100,74.56
31.3643,19400,100,69.42
31.3817,19400,100,66.03
31.3992,19400,100,69.60
31.4166,20812,100,70.93
31.4348,20812,100,76.79
31.4523,20812,100,71.94
31.4699,20812,100,69.54
31.4876,22252,100,71.59
31.5054,22252,100,71.43
31.5229,22252,100,73.36
31.5403,22252,100,66.59
31.5578,22252,100,71.70
31.5756,22252,100,76.45
31.5933,22252,100,66.09
31.6108,22252,100,70.10
31.6283,22252,100,69.87
31.6460,22252,100,74.46
31.6636,22252,100,74.19
31.6811,22252,100,71.92
31.6993,22252,100,70.55
31.7167,22252,100,70.48
31.7343,22252,100,72.06
31.7524,22252,100,71.03
31.7698,22252,100,69.25
31.7875,22252,100,72.07
31.8051,18390,100,72.79
31.8229,19544,100,69.42
31.8404,19544,100,71.81
31.8585,19544,100,70.10
31.8761,19544,100,75.69
31.8936,19544,100,72.73
31.9110,19546,100,75.69
31.9287,19546,100,71.08
31.9465,19546,100,69.05
31.9643,19546,100,71.87
31.9821,19546,100,70.75
31.9996,19546,100,70.38
32.0175,20930,100,69.79
32.0349,20930,100,67.87
32.0528,20930,100,69.97
32.0702,20930,100,69.32
32.0877,20930,100,72.84
32.1050,20930,100,75.38
32.1224,20930,100,72.84
32.1400,20930,100,76.59
32.1575,20930,100,75.59
32.1750,20930,100,74.56
32.1928,20930,100,76.86
32.2101,20930,100,70.53
32.2276,20930,100,73.50
32.2454,20930,100,73.92
32.2632,17910,100,70.76
32.2806,17910,100,69.80
32.2980,17910,100,69.10
32.3155,17910,100,71.69
32.3330,17910,100,70.67
32.3507,19342,100,68.56
32.3686,19342,100,72.73
32.3863,19342,100,69.13
32.4037,19342,100,69.23
32.4212,19342,100,69.74
32.4386,19342,100,75.16
32.4560,19342,100,68.66
32.4738,19342,100,70.53
32.4919,19342,100,69.95
32.5096,19342,100,70.95
32.5273,19342,100,71.68
32.5456,19342,100,68.12
32.5631,19342,100,72.68
32.5811,19342,100,71.54
32.5985,19342,100,70.30
32.6160,19342,100,68.23
32.6338,19342,100,68.64
32.6512,19342,100,73.29
32.6686,19342,100,73.30
32.6863,19342,100,69.70
32.7042,19342,100,71.09
32.7221,18480,100,75.97
32.7400,18482,100,73.90
32.7580,18482,100,74.25
32.7759,18482,100,70.42
32.7934,18482,100,68.76
32.8109,19916,100,69.80
32.8290,19916,100,71.02
32.8468,19916,100,72.52
32.8641,19916,100,72.22
32.8820,19916,100,74.79
32.8996,19916,100,74.20
32.9175,19916,100,73.74
32.9358,19916,100,70.55
32.9533,21366,100,68.55
32.9714,21366,100,71.01
32.9892,21366,100,72.09
33.0067,21366,100,72.53
33.0241,21366,100,68.58
33.0416,21366,100,70.77
33.0591,21366,100,74.14
33.0767,21366,100,70.22
33.0946,21366,100,68.65
33.1127,21366,100,67.82
33.1302,21366,100,70.28
33.1484,21366,100,78.73
33.1659,21366,100,77.19
33.1840,21366,100,73.17
33.2021,18486,100,71.83
33.2195,20912,99,68.31
33.2369,22200,100,70.64
33.2547,22200,100,74.33
33.2725,22200,100,76.39
33.2902,22200,100,69.77
33.3079,22200,100,68.34
33.3254,22200,100,69.00
33.3428,22200,100,70.81
33.3604,22200,100,67.22
33.3783,22200,100,68.42
33.3961,22200,100,76.16
33.4142,19358,100,70.41
33.4317,19358,100,76.73
33.4496,19358,100,69.05
33.4670,20852,100,70.85
33.4847,20852,100,68.94
33.5021,20852,100,68.72
33.5195,20852,100,72.54
33.5374,20852,100,70.05
33.5552,20852,100,70.38
33.5731,20852,100,76.58
33.5905,20852,100,69.22
33.6082,20852,100,69.19
33.6256,20852,100,69.42
33.6430,20852,100,70.46
33.6607,18928,98,72.87
33.6781,20170,100,69.44
33.6959,21444,100,72.35
33.7137,21444,100,70.57
33.7312,21444,100,68.29
33.7492,21444,100,70.49
33.7666,21444,100,68.61
33.7842,21444,100,70.13
33.8024,19328,100,72.03
33.8204,19328,100,69.95
33.8378,19328,100,71.32
33.8552,19330,100,67.52
33.8727,19330,100,75.25
33.8908,19330,100,73.12
33.9086,19330,100,67.75
33.9269,19330,100,72.00
33.9446,19330,100,72.14
33.9623,20836,100,68.93
33.9798,20836,100,71.67
33.9975,20836,100,70.64
34.0149,20836,100,68.94
34.0328,20836,100,69.82
34.0505,20836,100,71.85
34.0680,20836,100,72.12
34.0857,20836,100,73.76
34.1040,20836,100,72.81
34.1215,20836,100,67.77
34.1390,17328,100,71.09
34.1565,17328,100,75.14
34.1740,18492,100,71.28
34.1914,18492,100,76.88
34.2091,18492,100,71.26
34.2265,18492,100,70.61
34.2441,18492,100,70.53
34.2617,18492,100,68.18
34.2792,18492,100,71.68
34.2973,19760,100,71.18
34.3153,19760,100,70.36
34.3328,19760,100,74.75
34.3505,19760,100,72.49
34.3679,19762,100,72.70
34.3853,19762,100,71.99
34.4028,19762,100,69.99
34.4202,19762,100,69.89
34.4376,19762,100,70.82
34.4550,19762,100,75.26
34.4728,19762,100,73.17
34.4902,19762,100,70.48
34.5078,19762,100,75.59
34.5251,19762,100,70.45
34.5428,19762,100,70.44
34.5603,19762,100,70.78
34.5779,17328,100,69.69
34.5953,17328,100,70.75
34.6127,17328,100,74.77
34.6302,17330,100,69.42
34.6476,17330,100,67.27
34.6652,17330,100,74.22
34.6826,17330,100,70.79
34.6999,17330,100,74.90
34.7174,17330,100,70.42
34.7353,17330,100,70.78
34.7531,17330,100,74.37
34.7709,17330,100,73.61
34.7885,17330,100,76.29
34.8059,17330,100,73.13
34.8233,17330,100,68.73
34.8406,17330,100,68.99
34.8580,17330,100,74.79
34.8756,17330,100,72.54
34.8931,17330,100,73.33
34.9105,17330,100,73.08
34.9280,17330,100,72.39
34.9454,17330,100,70.67
34.9628,17330,100,67.15
34.9804,17330,100,67.07
34.9982,17330,100,68.52
35.0156,17848,100,69.73
35.0331,17848,100,73.64
35.0506,17848,100,70.07
35.0680,17848,100,67.01
35.0855,19138,100,72.87
35.1029,19138,100,73.11
35.1204,19138,100,71.01
35.1377,19138,100,72.99
35.1551,19138,100,72.90
35.1726,19138,100,70.95
35.1905,19138,100,72.22
35.2079,19138,100,73.11
35.2257,19138,100,71.18
35.2432,19138,100,72.01
35.2606,19138,100,74.02
35.2780,19138,100,72.38
35.2956,19138,100,75.91
35.3130,19138,100,73.99
35.3304,19138,100,72.06
35.3479,19138,100,72.42
35.3655,19138,100,74.76
35.3831,19138,100,71.07
35.4005,19138,100,69.85
35.4181,19138,100,68.71
35.4355,19138,100,70.42
35.4529,19138,100,71.01
35.4706,19138,100,74.06
35.4881,18342,100,72.30
35.5055,18342,100,67.68
35.5229,19414,100,75.14
35.5403,19414,100,71.16
35.5577,19414,100,72.60
35.5751,19414,100,71.51
35.5925,19414,100,73.08
35.6099,20538,100,71.46
35.6275,20538,100,70.56
35.6450,20538,100,68.81
35.6625,20538,100,74.42
35.6801,20538,100,68.84
35.6975,20538,100,76.16
35.7149,20538,100,71.01
35.7323,20538,100,76.36
35.7497,20538,100,70.45
35.7671,20538,100,70.95
35.7847,21720,100,70.14
35.8021,21720,100,69.02
35.8195,21722,100,69.89
35.8369,21722,100,72.18
35.8544,21722,100,71.41
35.8720,21722,100,73.01
35.8895,21722,100,71.05
35.9069,18196,100,68.81
35.9244,18196,100,73.55
35.9418,18516,100,69.39
35.9592,18516,100,71.73
35.9766,18516,100,69.73
35.9942,19828,100,70.15
36.0116,19828,100,72.48
36.0290,19828,100,71.37
36.0464,19828,100,69.50
36.0638,19830,100,69.39
36.0812,19830,100,75.69
36.0986,19830,100,71.30
36.1160,19830,100,72.53
36.1334,19830,100,70.78
36.1508,19830,100,71.54
36.1682,19830,100,71.14
36.1856,19830,100,68.87
36.2031,19830,100,69.62
36.2205,19830,100,73.44
36.2380,19830,100,72.16
36.2554,19830,100,71.35
36.2727,19830,100,69.14
36.2907,19830,100,70.58
36.3081,19830,100,71.29
36.3255,19830,100,72.54
36.3430,19830,100,72.18
36.3606,19830,100,67.51
36.3779,18230,100,67.11
36.3953,18230,100,71.67
36.4128,18230,100,74.38
36.4301,18230,100,71.73
36.4475,20414,100,70.51
36.4650,20414,100,68.49
36.4825,20414,100,73.06
36.4999,20414,100,70.76
36.5174,20414,100,71.34
36.5348,20414,100,72.74
36.5522,20414,100,69.68
36.5697,20414,100,71.35
36.5871,20414,100,74.59
36.6045,20414,100,70.12
36.6219,20414,100,70.21
36.6395,21738,100,73.40
36.6570,21738,100,75.55
36.6749,21740,100,72.12
36.6924,21740,100,74.27
36.7098,21740,100,66.73
36.7272,21740,100,70.07
36.7446,21740,100,73.00
36.7621,21740,100,76.80
36.7796,21740,100,72.75
36.7970,21740,100,71.05
36.8144,21740,100,69.98
36.8320,17446,99,73.85
36.8494,18122,100,76.43
36.8668,19284,100,72.19
36.8843,19284,100,69.29
36.9017,20524,100,70.25
36.9192,20524,100,69.79
36.9366,21802,100,73.57
36.9541,21802,100,70.83
36.9714,18330,100,71.63
36.9890,18330,100,66.65
37.0065,18332,100,75.90
37.0239,18332,100,72.70
37.0414,18332,100,70.87
37.0590,18332,100,69.95
37.0765,18332,100,71.01
37.0939,18332,100,71.97
37.1115,18332,100,72.31
37.1289,18332,100,72.99
37.1463,19656,100,72.38
37.1637,19656,100,68.69
37.1812,19656,100,72.43
37.1986,19656,100,71.06
37.2160,19656,100,70.23
37.2334,19656,100,71.19
37.2509,19656,100,75.57
37.2683,19656,100,72.97
37.2858,19656,100,71.82
37.3032,18072,99,75.35
37.3205,18072,100,68.28
37.3379,19172,100,72.53
37.3553,19172,100,71.25
37.3729,19172,100,71.88
37.3903,19172,100,70.96
37.4078,19172,100,72.59
37.4253,19172,100,73.46
37.4427,19172,100,69.97
37.4601,20290,100,67.38
37.4775,21610,99,70.91
37.4949,21610,100,75.48
37.5123,21610,100,73.54
37.5299,21610,100,70.27
37.5474,21610,100,72.60
37.5647,21610,100,67.56
37.5821,18866,100,66.48
37.5995,18868,100,68.71
37.6169,18868,100,70.44
37.6343,18868,100,72.57
37.6518,18868,100,68.47
37.6691,18868,100,75.41
37.6865,18868,100,74.30
37.7039,18868,100,69.73
37.7216,18868,100,72.70
37.7391,18868,100,72.09
37.7565,18868,100,68.99
37.7739,18068,100,74.57
37.7914,19110,100,73.33
37.8088,19110,100,68.83
37.8262,19110,100,75.77
37.8437,19112,100,69.49
37.8614,19112,100,67.80
37.8794,19112,100,71.52
37.8969,20244,100,76.81
37.9143,20244,100,70.43
37.9317,20244,100,69.91
37.9491,20244,100,68.34
37.9665,20244,100,69.42
37.9838,20244,100,70.45
38.0012,20244,100,68.01
38.0188,20244,100,71.95
38.0362,20244,100,72.31
38.0536,20244,100,73.66
38.0710,21544,100,70.80
38.0884,21544,100,71.17
38.1061,21544,100,70.81
38.1239,21544,100,70.18
38.1413,21544,100,69.79
38.1589,21544,100,71.80
38.1764,21544,100,70.84
38.1938,21544,100,73.32
38.2115,21544,100,74.58
38.2289,20896,99,73.12
38.2463,20896,100,72.04
38.2641,17014,9,57.28
38.2816,17014,0,31.79
38.2990,17014,0,31.56
38.3164,17014,0,31.38
38.3338,17014,0,31.23
38.3512,17014,0,31.19
38.3686,17014,0,31.15
38.3864,17014,0,31.09
38.4038,17014,0,31.11
38.4212,17014,0,30.97
38.4386,17014,0,30.86
38.4560,17014,0,30.72
38.4734,17014,0,30.78
38.4916,17014,0,30.71
38.5099,17014,0,30.78
38.5285,17014,0,30.70
38.5470,17014,0,30.69
38.5655,17014,0,30.60
38.5848,17492,100,38.44
38.6023,17492,100,70.22
38.6197,18888,100,69.94
38.6372,18888,100,67.43
38.6547,18888,100,69.20
38.6722,18888,100,72.69
38.6896,18888,100,75.11
38.7071,18888,100,76.55
38.7245,18888,100,76.01
38.7419,18888,100,71.91
38.7594,18888,100,71.44
38.7768,18888,100,68.00
38.7942,18890,100,68.88
38.8116,18890,100,73.59
38.8291,18890,100,66.52
38.8465,18890,100,69.83
38.8640,18890,100,70.97
38.8814,18890,100,73.34
38.8989,18890,100,72.00
38.9163,18890,100,72.45
38.9337,18890,100,69.99
38.9511,18890,100,67.19
38.9687,18890,100,70.47
38.9863,18890,100,70.33
39.0037,18890,100,70.74
39.0212,18890,100,73.59
39.0387,18890,100,72.95
39.0562,18890,100,69.36
39.0736,19076,100,68.25
39.0916,19078,100,72.90
39.1090,19078,100,74.71
39.1264,20320,99,72.43
39.1439,20320,100,67.47
39.1613,20320,100,68.85
39.1787,20320,100,73.65
39.1961,20320,100,73.56
39.2138,20320,100,73.37
39.2312,20320,100,71.29
39.2488,20320,100,73.31
39.2662,20320,100,73.89
39.2836,20320,100,72.54
39.3010,20320,100,73.34
39.3186,20320,100,71.55
39.3362,20320,100,69.83
39.3538,20320,100,69.53
39.3713,20320,100,71.17
39.3887,20320,100,68.51
39.4061,20320,100,67.93
39.4237,20320,100,71.43
39.4411,20320,100,68.64
39.4586,20320,100,68.87
39.4759,21704,100,68.79
39.4936,21704,100,72.74
39.5111,21704,100,70.38
39.5286,21704,100,68.63
39.5459,18812,100,72.56
39.5634,18812,100,75.74
39.5808,18812,100,74.29
39.5985,19938,100,66.97
39.6161,21102,100,70.26
39.6337,21102,100,71.81
39.6511,21102,100,76.09
39.6686,22398,100,72.35
39.6867,22398,100,72.46
39.7041,22398,100,72.29
39.7215,19232,100,68.17
39.7397,19232,100,72.55
39.7574,19232,100,67.48
39.7748,19232,100,73.62
39.7922,19232,100,72.40
39.8096,19232,100,72.00
39.8273,19232,100,69.39
39.8447,20646,100,74.62
39.8629,20646,100,76.04
39.8804,20646,100,69.47
39.8984,20646,100,69.64
39.9159,20646,100,66.72
39.9338,20646,100,75.03
39.9516,20646,100,71.41
39.9693,20646,100,69.73
39.9867,20648,100,73.62
40.0045,20648,100,74.15
40.0219,18442,100,69.09
40.0393,18442,100,69.80
40.0568,19840,100,72.20
40.0742,19840,100,68.13
40.0920,19840,100,69.89
40.1093,19842,100,74.25
40.1271,19842,100,69.32
40.1452,19842,100,67.41
40.1628,19842,100,70.87
40.1802,19842,100,72.42
40.1976,19842,100,70.49
40.2152,19842,100,71.50
40.2331,19842,100,68.86
40.2505,19842,100,74.96
40.2684,19842,100,67.32
40.2862,19842,100,71.29
40.3039,19842,100,71.76
40.3213,19842,100,72.41
40.3387,19842,100,73.63
40.3567,19842,100,69.73
40.3746,19842,100,66.22
40.3926,19842,100,71.59
40.4100,19842,100,80.58
40.4277,19842,100,72.08
40.4456,19842,100,72.09
40.4631,19842,100,73.52
40.4805,19842,100,68.52
40.4980,18448,100,69.78
40.5160,18448,100,69.79
40.5334,18450,100,70.07
40.5507,18450,100,70.75
40.5686,18450,100,67.18
40.5860,19878,100,73.43
40.6039,19878,100,71.57
40.6218,19878,100,73.01
40.6392,19878,100,68.67
40.6569,19878,100,71.28
40.6743,19878,100,72.42
40.6917,19878,100,70.87
40.7093,19878,100,70.02
40.7267,19878,100,73.79
40.7441,19878,100,68.89
40.7619,19878,100,72.69
40.7794,19878,100,74.99
40.7972,19878,100,72.90
40.8152,19878,100,72.76
40.8330,19878,100,71.64
40.8506,19878,100,71.38
40.8683,19878,100,75.86
40.8857,19878,100,71.89
40.9038,19878,100,74.52
40.9215,19878,100,72.90
40.9392,19878,100,76.33
40.9570,19878,100,67.01
40.9745,19476,100,75.30
40.9920,19476,100,73.29
41.0098,20806,100,68.78
41.0280,20808,100,73.88
41.0454,20808,100,74.74
41.0634,20808,100,73.50
41.0809,20808,100,71.46
41.0985,20808,100,72.92
41.1161,20808,100,69.18
41.1338,20808,100,69.12
41.1516,20808,100,69.04
41.1691,22248,100,67.89
41.1871,22248,100,72.26
41.2045,22248,100,70.33
41.2224,22248,100,71.89
41.2401,18728,100,67.41
41.2576,18728,100,70.58
41.2754,18728,100,72.37
41.2930,18728,100,69.28
41.3105,18728,100,70.57
41.3289,18728,100,71.00
41.3469,18728,100,69.48
41.3643,18728,100,71.12
41.3821,18728,100,69.03
41.3996,18728,100,69.29
41.4176,18730,100,68.78
41.4356,18730,100,70.51
41.4536,18250,100,76.00
41.4710,19578,100,71.68
41.4893,19578,100,66.06
41.5069,19578,100,75.45
41.5247,19578,100,74.39
41.5421,19578,100,67.25
41.5596,20994,100,75.60
41.5776,20994,100,68.79
41.5950,20996,99,73.11
41.6128,20996,100,75.02
41.6304,20996,100,70.00
41.6478,20996,100,70.80
41.6652,20996,100,70.35
41.6827,20996,100,67.81
41.7001,20996,100,70.58
41.7176,20996,100,72.32
41.7354,20996,100,71.15
41.7528,20996,100,69.79
41.7703,20996,100,73.80
41.7877,20996,100,72.64
41.8051,20996,100,74.77
41.8228,20996,100,73.43
41.8402,20996,100,71.97
41.8581,20996,100,72.81
41.8759,20996,100,74.20
41.8940,20996,100,73.54
41.9115,20996,100,74.63
41.9294,20996,100,69.45
41.9467,18838,100,68.81
41.9642,20144,100,69.83
41.9820,20144,100,70.49
41.9994,20144,100,71.68
42.0175,20144,100,75.14
42.0357,21606,100,73.77
42.0538,21606,100,73.71
42.0712,21606,100,66.99
42.0886,21606,100,69.25
42.1063,21606,100,74.16
42.1237,21606,100,69.41
42.1411,17754,100,69.00
42.1586,18296,100,74.28
42.1765,18296,100,67.79
42.1944,18296,100,72.48
42.2125,18298,100,70.08
42.2300,18298,100,69.18
42.2474,18298,100,71.48
42.2648,18298,100,70.93
42.2823,18298,100,70.66
42.2999,18298,100,77.31
42.3176,18298,100,68.80
42.3351,18298,100,71.62
42.3525,18298,100,70.80
42.3706,18298,100,69.77
42.3883,18298,100,64.89
42.4067,18298,100,72.45
42.4247,17862,98,71.97
42.4421,18200,100,71.83
42.4595,18200,100,65.53
42.4773,18200,100,72.50
42.4949,19578,100,70.98
42.5123,19578,100,69.95
42.5299,19578,100,72.74
42.5476,19578,100,69.71
42.5651,19578,100,70.67
42.5828,19578,100,73.65
42.6009,19578,100,69.69
42.6184,19578,100,72.50
42.6358,21062,100,69.93
42.6535,21062,100,68.86
42.6717,21062,100,74.88
42.6892,21062,100,71.44
42.7072,21062,100,67.15
42.7247,21062,100,68.54
42.7425,21062,100,71.24
42.7607,21062,100,73.98
42.7786,21062,100,71.43
42.7962,21062,100,74.43
42.8142,21062,100,71.58
42.8316,21062,100,69.60
42.8491,22536,100,69.07
42.8674,22536,100,73.11
42.8848,22536,100,72.56
42.9027,22536,100,73.37
42.9201,18096,100,68.77
42.9377,18096,100,74.18
42.9551,18096,100,71.80
42.9728,18096,100,68.08
42.9910,18098,100,73.58
43.0087,19418,100,68.28
43.0265,19418,100,76.47
43.0444,19418,100,74.58
43.0618,19418,100,69.20
43.0794,19418,100,74.42
43.0969,19418,100,65.76
43.1143,20860,100,73.14
43.1319,20860,100,72.23
43.1495,20860,100,72.51
43.1672,20860,100,70.53
43.1853,20860,100,71.27
43.2033,20860,100,72.68
43.2208,20860,100,69.22
43.2383,20860,100,69.91
43.2560,20860,100,72.41
43.2735,20860,100,74.65
43.2910,20860,100,70.17
43.3085,20860,100,69.60
43.3260,20860,100,68.70
43.3437,20860,100,74.29
43.3613,20860,100,70.71
43.3787,20860,100,71.07
43.3964,20860,99,70.86
43.4147,19614,100,68.58
43.4321,19614,100,67.91
43.4495,20518,100,65.54
43.4674,21476,100,70.18
43.4848,21476,100,72.84
43.5027,21476,100,75.54
43.5208,22566,100,74.29
43.5384,18198,100,71.30
43.5562,18198,100,70.71
43.5736,18198,100,70.73
43.5914,18198,100,72.87
43.6088,18198,100,70.03
43.6266,18198,100,73.76
43.6444,18198,100,70.25
43.6621,18200,100,72.24
43.6800,18200,100,70.88
43.6978,18200,100,72.98
43.7155,18200,100,73.40
43.7331,18200,100,71.19
43.7506,18200,100,69.68
43.7680,18200,100,71.17
43.7855,18200,100,70.98
43.8031,18200,100,73.41
43.8208,18200,100,74.35
43.8387,18200,100,66.73
43.8561,18200,100,71.80
43.8739,18200,100,66.82
43.8914,17684,100,67.57
43.9091,19316,100,70.96
43.9266,20414,100,75.63
43.9444,20414,100,74.74
43.9619,20414,100,78.19
43.9797,20414,100,75.43
43.9974,20414,100,65.38
44.0153,21928,100,74.58
44.0329,21928,100,70.33
44.0503,21928,100,78.75
44.0678,21928,100,69.86
44.0854,21930,100,71.89
44.1033,21930,100,67.85
44.1213,21930,100,72.08
44.1389,21930,100,77.15
44.1571,21930,100,74.01
44.1748,21930,100,70.79
44.1923,21930,100,68.85
44.2097,21930,100,72.20
44.2278,21930,100,66.24
44.2457,21930,100,69.84
44.2631,21930,100,71.62
44.2806,21930,100,69.61
44.2981,21930,100,71.72
44.3157,21930,100,78.76
44.3334,21930,100,67.70
44.3508,21930,100,71.54
44.3683,21930,100,71.20
44.3860,18580,100,72.08
44.4039,20952,100,72.89
44.4215,20952,100,68.49
44.4389,22422,100,72.59
44.4564,22422,100,77.83
44.4738,22422,100,71.17
44.4912,18932,100,68.91
44.5086,18932,100,67.01
44.5260,20458,100,71.48
44.5434,20458,100,71.05
44.5608,20458,100,65.96
44.5782,20458,100,68.73
44.5956,20458,100,73.39
44.6130,20458,100,71.98
44.6305,20458,100,71.33
44.6480,20458,100,73.23
44.6653,20458,100,73.69
44.6830,22012,100,71.66
44.7004,22012,100,70.60
44.7178,22012,100,70.86
44.7352,22012,100,71.53
44.7526,22012,100,72.65
44.7700,22012,100,70.96
44.7875,22012,100,73.06
44.8049,22012,100,71.26
44.8223,22012,100,71.86
44.8397,22012,100,70.14
44.8571,22012,100,69.04
44.8745,22012,100,69.27
44.8920,18880,100,71.68
44.9094,18880,100,71.20
44.9268,18880,100,73.88
44.9442,18880,100,69.13
44.9617,18880,100,71.75
44.9792,18880,100,69.99
44.9969,18880,100,69.20
45.0144,20280,100,71.88
45.0318,20280,100,65.56
45.0493,20280,100,71.25
45.0667,20280,100,72.45
45.0843,20280,100,72.15
45.1017,20280,100,73.60
45.1191,20280,100,72.13
45.1367,20280,100,73.55
45.1541,20280,100,71.70
45.1715,20280,100,70.55
45.1889,20280,100,72.69
45.2063,21820,100,71.40
45.2238,21820,100,69.56
45.2412,21820,100,72.87
45.2586,21820,100,71.13
45.2760,21820,100,71.11
45.2935,18474,100,70.70
45.3110,18476,100,72.18
45.3284,18476,100,72.61
45.3458,18476,100,70.69
45.3636,18498,99,72.69
45.3811,19068,100,72.10
45.3986,20520,100,69.00
45.4159,20520,100,71.40
45.4334,20520,100,69.44
45.4508,20520,100,73.79
45.4682,20520,100,70.11
45.4860,20520,100,69.00
45.5034,20520,100,70.97
45.5211,20520,100,69.94
45.5386,20520,100,71.68
45.5560,20520,100,71.60
45.5734,20522,100,72.07
45.5909,20522,100,73.38
45.6084,20522,100,73.76
45.6258,20522,100,70.80
45.6434,20522,100,70.80
45.6608,20522,100,71.88
45.6783,20522,100,69.89
45.6957,20522,100,71.61
45.7131,20522,100,76.79
45.7306,20522,100,70.41
45.7485,20522,100,70.53
45.7659,22002,100,71.28
45.7834,22002,100,69.96
45.8009,22002,100,70.77
45.8183,22002,100,71.10
45.8358,22002,100,71.84
45.8532,22002,100,66.32
45.8708,18532,100,77.41
45.8882,18532,100,75.38
45.9056,18532,100,70.55
45.9231,18534,100,69.91
45.9404,19108,100,70.58
45.9578,19108,100,70.77
45.9753,19108,100,67.68
45.9928,19108,100,70.41
46.0102,19108,100,68.51
46.0276,19108,100,70.17
46.0450,19108,100,69.50
46.0625,19108,100,72.67
46.0800,19108,100,67.73
46.0974,19108,100,71.78
46.1149,19108,100,69.89
46.1328,19108,100,72.07
46.1503,19108,100,70.55
46.1677,19108,100,71.15
46.1851,19108,100,74.51
46.2026,19108,100,73.74
46.2200,19108,100,74.08
46.2375,19108,100,69.89
46.2549,19108,100,71.18
46.2725,19108,100,72.97
46.2900,19108,100,73.48
46.3074,19108,100,77.91
46.3249,19108,100,75.44
46.3423,19108,100,67.82
46.3599,19108,100,71.46
46.3773,19116,100,68.66
46.3948,19116,100,71.85
46.4122,19116,100,74.11
46.4297,19116,100,74.30
46.4471,19116,100,69.92
46.4647,19118,100,79.78
46.4822,19118,100,71.50
46.4996,19118,100,69.59
46.5173,20376,100,73.78
46.5349,20376,100,66.87
46.5523,20376,100,72.42
46.5699,20376,100,68.55
46.5876,20376,100,68.28
46.6051,21788,100,74.41
46.6225,21788,100,70.34
46.6399,21788,100,66.82
46.6575,21788,100,71.17
46.6750,21788,100,69.93
46.6926,21788,100,67.12
46.7100,21788,100,70.45
46.7275,21788,100,71.64
46.7449,21788,100,72.19
46.7623,21788,100,72.09
46.7798,21788,100,72.39
46.7974,21788,100,70.46
46.8151,19554,100,71.04
46.8325,19554,100,71.37
46.8500,19554,100,69.44
46.8676,19288,100,70.36
46.8850,19288,100,67.75
46.9026,19288,100,70.75
46.9200,19288,100,71.27
46.9376,19288,100,67.31
46.9553,19288,100,66.73
46.9727,19288,100,72.40
46.9902,19288,100,75.65
47.0075,19288,100,69.62
47.0250,19290,100,72.78
47.0427,19290,100,73.83
47.0601,19290,100,68.46
47.0777,19290,100,70.20
47.0951,19290,100,70.04
47.1127,19290,100,71.04
47.1301,19290,100,74.11
47.1475,19290,100,67.33
47.1649,19290,100,75.10
47.1823,19290,100,73.00
47.1997,20880,100,75.95
47.2171,20880,100,72.50
47.2350,20880,100,70.26
47.2524,20880,100,71.23
47.2699,20880,100,72.01
47.2873,20880,100,73.87
47.3048,20880,100,69.36
47.3222,22496,100,72.31
47.3395,22496,100,74.00
47.3571,22496,100,71.46
47.3745,18114,100,66.52
47.3920,18114,100,71.71
47.4096,18114,100,72.22
47.4270,18114,100,69.72
47.4443,18116,100,72.31
47.4619,18116,100,68.33
47.4794,18116,100,71.93
47.4967,19510,100,71.10
47.5142,19510,100,72.22
47.5316,19510,100,72.10
47.5491,19510,100,67.59
47.5665,19510,100,70.35
47.5840,19510,100,67.48
47.6014,19510,100,71.73
47.6188,19510,100,72.85
47.6361,19510,100,71.88
47.6537,21086,100,69.11
47.6711,21086,100,71.32
47.6885,21086,100,66.32
47.7061,21086,100,72.01
47.7235,21086,100,73.26
47.7411,21086,100,73.54
47.7587,21086,100,74.87
47.7761,21086,100,72.22
47.7935,21086,100,70.69
47.8109,21086,100,76.58
47.8283,21086,100,70.79
47.8458,21086,100,71.11
47.8634,19580,100,73.45
47.8812,19580,100,69.94
47.8986,19580,100,71.93
47.9162,19580,100,68.95
47.9337,19580,100,70.35
47.9511,19580,100,78.00
47.9685,19582,100,72.92
47.9862,19582,100,71.96
48.0036,21188,100,74.80
48.0212,21188,100,65.93
48.0386,21188,100,71.01
48.0561,21188,100,71.95
48.0736,21188,100,72.67
48.0910,21188,100,77.52
48.1084,21188,100,69.41
48.1258,21188,100,71.96
48.1432,21188,100,76.52
48.1609,21188,100,72.65
48.1783,21188,100,73.31
48.1957,21188,100,73.12
48.2133,21188,100,68.95
48.2308,21188,100,78.89
48.2482,21188,100,71.52
48.2656,21188,100,70.54
48.2831,21188,100,67.71
48.3005,21188,100,71.72
48.3180,21188,100,73.25
48.3354,21188,100,71.24
48.3532,21188,100,69.58
48.3708,19348,100,67.24
48.3884,19348,100,72.86
48.4060,19348,100,71.63
48.4235,19348,100,69.61
48.4410,19350,100,70.17
48.4584,19350,100,67.34
48.4758,19350,100,72.84
48.4932,19350,100,74.59
48.5106,19350,100,73.73
48.5280,19350,100,75.88
48.5454,19350,100,72.56
48.5628,19350,100,68.17
48.5802,19350,100,68.96
48.5978,21050,100,73.61
48.6151,21050,100,70.06
48.6326,21050,100,68.00
48.6500,21050,100,74.59
48.6678,21050,100,74.23
48.6852,21050,100,72.19
48.7027,21050,100,70.83
48.7202,21050,100,67.17
48.7378,21050,100,70.79
48.7552,21050,100,69.08
48.7727,21050,100,75.50
48.7901,21050,100,71.71
48.8075,21050,100,71.10
48.8249,18302,100,70.72
48.8426,18302,100,67.81
48.8600,18302,100,70.35
48.8775,18022,100,72.83
48.8950,18910,100,73.33
48.9125,18912,100,72.66
48.9300,19838,100,71.55
48.9474,19838,100,71.68
48.9648,20888,100,70.95
48.9823,20888,100,74.09
48.9996,20888,100,73.31
49.0170,22022,100,75.14
49.0346,22022,100,72.43
49.0520,22022,100,73.58
49.0693,22022,100,71.36
49.0867,22022,100,73.89
49.1042,22022,100,72.40
49.1218,22022,100,71.83
49.1395,22022,100,71.62
49.1572,22022,100,70.49
49.1746,22022,100,69.63
49.1921,17818,100,71.53
49.2095,17818,100,73.67
49.2271,17818,100,69.54
49.2445,17818,100,72.70
49.2618,17818,100,68.10
49.2792,17818,100,69.03
49.2966,17818,100,73.49
49.3142,17818,100,71.01
49.3316,17818,100,73.85
49.3491,19784,100,74.00
49.3665,19784,100,71.83
49.3842,19786,100,72.78
49.4017,19786,100,72.54
49.4190,19786,100,71.74
49.4365,19786,100,72.57
49.4540,19786,100,70.52
49.4715,19786,100,68.97
49.4889,19786,100,71.70
49.5063,19786,100,72.94
49.5237,19786,100,71.46
49.5412,19786,100,72.74
49.5586,19786,100,73.42
49.5760,19786,100,70.08
49.5935,19786,100,68.52
49.6111,19786,100,75.61
49.6285,21120,100,68.22
49.6464,21120,100,71.30
49.6641,21120,100,71.42
49.6815,21120,100,70.50
49.6996,22536,99,67.50
49.7174,22536,100,72.05
49.7347,22536,100,76.14
49.7522,18336,100,70.94
49.7696,18338,100,72.11
49.7873,18338,100,72.88
49.8052,18338,100,72.67
49.8233,18816,100,73.19
49.8410,18816,100,72.27
49.8586,19880,100,71.31
49.8764,19880,100,70.66
49.8938,19880,100,71.01
49.9113,19880,100,70.19
49.9286,21110,100,72.60
49.9467,22558,100,74.01
49.9641,22558,100,68.68
49.9815,22558,100,71.17
49.9990,22558,100,67.55
50.0170,22558,100,69.97
50.0344,22558,100,71.85
50.0521,22558,100,68.13
50.0701,22558,100,72.84
50.0875,22558,100,73.01
50.1051,22558,100,72.15
50.1225,22558,100,71.46
50.1402,22558,100,78.16
50.1581,22558,100,70.16
50.1757,22558,100,74.65
50.1932,22558,100,72.36
50.2106,19058,100,71.06
50.2281,19058,100,76.26
50.2455,19058,100,69.98
50.2629,19058,100,73.00
50.2803,19060,100,70.22
50.2977,19034,100,71.85
50.3155,19742,100,69.41
50.3329,20730,100,72.13
50.3505,20732,100,73.17
50.3687,21934,100,69.25
50.3865,21934,100,71.62
50.4041,21934,100,73.72
50.4220,21934,100,70.98
50.4403,21934,100,73.62
50.4580,21934,100,69.32
50.4757,21934,100,69.75
50.4932,19266,100,70.00
50.5115,19266,100,67.65
50.5291,20620,100,71.30
50.5465,20620,100,69.83
50.5640,20620,100,76.39
50.5817,20620,100,69.72
50.5995,20620,100,69.03
50.6172,20620,100,70.61
50.6354,20620,100,75.71
50.6531,20620,100,75.08
50.6713,20620,100,71.53
50.6890,20620,100,73.52
50.7067,22102,100,72.36
50.7246,22102,100,71.32
50.7428,22102,100,68.88
50.7605,22102,100,72.66
50.7779,18118,100,69.21
50.7953,18118,100,70.65
50.8132,18118,100,74.80
50.8309,18120,100,69.83
50.8487,18120,100,68.77
50.8666,18120,100,74.99
50.8844,18120,100,68.73
50.9024,18120,100,73.68
50.9203,18120,100,72.32
50.9379,18120,100,75.23
50.9555,18120,100,70.60
50.9730,18120,100,69.25
50.9907,18120,100,72.45
51.0081,18120,100,70.75
51.0259,18120,100,70.56
51.0438,18120,100,73.89
51.0612,18120,100,73.53
51.0790,18120,100,71.29
51.0966,18120,100,69.98
51.1145,18120,100,74.32
51.1323,18120,100,71.40
51.1499,18120,100,72.56
51.1674,18120,100,71.72
51.1848,19582,99,69.95
51.2025,19582,100,70.09
51.2203,19582,100,70.87
51.2380,19582,100,68.94
51.2555,17738,100,68.62
51.2735,20042,100,75.71
51.2910,20044,100,73.87
51.3088,20044,100,71.87
51.3262,20044,100,69.68
51.3438,20044,100,70.58
51.3619,20044,100,72.18
51.3795,20044,100,69.35
51.3970,21484,100,70.93
51.4145,21484,100,72.93
51.4319,18092,100,71.86
51.4493,18094,100,72.20
51.4667,18094,100,69.76
51.4846,18094,100,71.94
51.5022,18094,100,73.43
51.5199,18094,100,71.15
51.5376,18094,100,72.06
51.5554,18094,100,74.15
51.5730,18094,100,72.79
51.5904,18094,100,72.28
51.6082,18094,100,72.02
51.6257,18094,100,70.22
51.6432,18094,100,71.43
51.6609,18094,100,69.23
51.6787,18094,100,70.92
51.6964,18094,100,67.82
51.7141,18094,100,75.30
51.7315,18094,100,75.81
51.7490,20390,100,71.76
51.7668,20390,100,73.27
51.7842,20390,100,74.04
51.8016,20390,100,71.74
51.8190,20392,100,74.31
51.8365,20392,100,72.51
51.8539,21876,100,74.31
51.8713,21876,100,67.75
51.8888,21876,100,74.04
51.9065,21876,100,72.76
51.9244,21876,100,73.72
51.9420,21876,100,70.95
51.9597,21876,100,73.48
51.9773,21876,100,73.67
51.9947,21876,100,73.72
52.0122,21876,100,70.36
52.0299,21876,100,71.97
52.0478,21876,100,67.87
52.0659,21876,100,69.18
52.0835,21876,100,74.18
52.1013,21876,100,72.85
52.1189,21876,100,72.75
52.1366,21876,100,69.36
52.1541,21876,100,69.98
52.1719,21876,100,68.15
52.1898,21876,100,72.82
52.2081,21876,100,73.82
52.2255,18060,98,70.29
52.2435,18856,100,74.05
52.2610,18856,100,70.00
52.2792,18856,100,71.03
52.2966,18856,100,70.21
52.3141,18856,100,71.06
52.3315,18856,100,68.59
52.3492,18856,100,70.86
52.3668,18856,100,70.77
52.3846,18856,100,71.16
52.4020,18856,100,73.28
52.4202,18856,100,69.02
52.4377,18856,100,76.54
52.4551,18858,100,73.01
52.4729,18858,100,73.67
52.4911,18858,100,71.96
52.5088,18858,100,73.57
52.5261,18858,100,73.86
52.5436,18858,100,72.71
52.5611,18858,100,69.42
52.5785,18858,100,71.18
52.5963,18858,100,74.38
52.6144,18858,100,75.54
52.6325,20380,100,71.83
52.6500,20380,100,72.15
52.6676,20380,100,73.32
52.6850,20380,100,74.53
52.7025,20380,100,72.66
52.7201,18838,100,74.35
52.7376,20348,100,72.65
52.7556,20348,100,70.12
52.7731,20348,100,74.49
52.7905,20348,100,71.21
52.8080,20348,100,69.23
52.8258,20348,100,68.56
52.8432,20348,100,74.27
52.8610,20348,100,69.76
52.8787,20348,100,69.58
52.8965,20348,100,70.80
52.9139,20348,100,73.68
52.9319,20348,100,71.89
52.9498,20348,100,67.81
52.9676,20348,100,69.77
52.9852,20348,100,72.11
53.0026,20348,100,70.31
53.0206,20348,100,72.56
53.0380,20348,100,71.15
53.0554,20348,100,75.04
53.0730,20348,100,73.78
53.0911,20348,100,72.49
53.1093,20348,100,72.12
53.1271,20348,100,70.43
53.1453,20348,100,69.23
53.1629,20348,100,73.61
53.1806,20348,100,74.82
53.1980,20350,100,72.11
53.2158,19102,100,67.73
53.2333,19102,100,71.21
53.2507,20506,100,73.34
53.2684,20506,100,73.74
53.2860,20506,100,70.47
53.3040,20506,100,67.56
53.3213,20506,100,74.49
53.3391,20506,100,69.64
53.3572,22030,100,69.57
53.3746,22030,100,70.65
53.3922,22030,100,72.55
53.4100,22030,100,72.93
53.4283,22030,100,70.72
53.4459,22030,100,70.85
53.4637,22030,100,71.13
53.4818,22030,100,70.63
53.4992,22030,100,68.74
53.5171,22030,100,73.81
53.5345,22030,100,68.63
53.5522,22030,100,73.50
53.5699,22030,100,71.86
53.5873,22030,100,70.60
53.6054,22030,100,71.07
53.6233,22032,100,73.12
53.6408,22032,100,71.37
53.6583,22032,100,73.97
53.6758,22032,100,71.01
53.6935,18234,100,68.24
53.7112,19352,99,70.57
53.7286,19352,100,68.85
53.7468,19354,100,71.21
53.7646,19354,100,72.97
53.7820,19354,100,73.60
53.7999,19354,100,68.61
53.8177,21698,100,70.36
53.8352,21698,100,72.16
53.8531,21698,100,72.37
53.8705,18312,100,70.27
53.8886,18312,100,70.08
53.9061,18312,100,74.99
53.9240,18312,100,74.26
53.9414,18312,100,73.85
53.9588,18312,100,72.00
53.9765,18312,100,67.50
53.9939,18312,100,69.48
54.0117,18312,100,69.26
54.0293,18312,100,76.22
54.0472,18312,100,76.09
54.0652,18312,100,70.24
54.0829,18312,100,70.80
54.1004,18312,100,76.04
54.1179,18312,100,74.59
54.1357,18312,100,69.14
54.1531,18314,100,69.07
54.1711,18314,100,68.53
54.1894,18878,100,70.50
54.2071,20128,100,69.04
54.2249,20128,100,67.10
54.2423,21576,100,71.02
54.2599,21576,100,70.41
54.2777,21576,100,71.79
54.2951,21576,100,72.89
54.3126,21576,100,72.68
54.3303,21576,100,68.08
54.3478,21576,100,71.32
54.3656,21576,100,75.40
54.3834,21576,100,69.32
54.4012,19866,100,68.79
54.4189,19866,100,70.42
54.4367,19866,100,67.94
54.4542,19866,100,69.26
54.4721,19866,100,66.66
54.4901,19866,100,70.60
54.5080,19868,100,70.48
54.5261,19868,100,68.68
54.5435,19868,100,75.29
54.5610,19868,100,72.54
54.5785,19868,100,73.44
54.5964,19868,100,72.88
54.6139,19868,100,68.64
54.6313,19868,100,74.78
54.6490,19868,100,72.65
54.6664,19868,100,68.97
54.6839,18408,100,66.95
54.7013,18408,100,72.55
54.7187,19750,100,70.83
54.7362,19750,100,68.74
54.7536,21296,100,67.53
54.7713,21296,100,74.44
54.7887,21296,100,67.60
54.8064,21296,100,75.41
54.8239,21296,100,72.96
54.8415,21296,100,67.73
54.8589,21296,100,69.69
54.8763,21296,100,69.52
54.8939,21296,100,72.10
54.9114,21296,100,67.25
54.9290,21296,100,72.32
54.9464,21296,100,72.61
54.9641,21296,100,72.76
54.9818,21296,100,70.14
54.9993,21296,100,71.10
55.0169,21296,100,72.59
55.0344,21296,100,80.91
55.0518,18788,100,67.93
55.0692,18788,100,72.08
55.0867,18788,100,71.99
55.1041,20362,100,72.75
55.1215,20362,100,68.38
55.1390,20362,100,69.80
55.1566,20362,100,66.51
55.1743,20362,100,71.99
55.1922,18726,100,72.89
55.2097,19860,100,69.94
55.2274,19862,100,73.96
55.2448,19862,100,68.60
55.2622,19862,100,70.82
55.2797,19862,100,73.47
55.2971,21396,100,71.83
55.3146,21396,100,68.42
55.3320,21396,100,70.72
55.3494,21396,100,71.50
55.3669,21396,100,68.10
55.3844,21396,100,69.09
55.4019,21396,100,70.71
55.4194,21396,100,70.10
55.4368,21396,100,71.21
55.4543,21396,100,71.83
55.4717,21396,100,70.71
55.4892,21396,100,67.53
55.5067,21396,100,75.70
55.5241,21396,100,73.02
55.5416,21396,100,68.72
55.5590,21396,100,70.35
55.5764,21396,100,73.07
55.5939,21396,100,77.18
55.6114,21396,100,69.36
55.6289,21396,100,66.99
55.6464,18242,100,71.78
55.6638,18242,100,72.57
55.6815,18058,100,70.87
55.6991,18058,100,70.40
55.7168,18616,100,70.10
55.7342,18616,100,66.50
55.7518,18616,100,72.05
55.7692,18618,100,70.08
55.7866,18618,100,73.98
55.8042,18618,100,76.04
55.8217,18618,100,73.43
55.8393,18618,100,74.89
55.8567,18618,100,71.01
55.8743,18618,100,72.70
55.8918,18618,100,71.08
55.9096,18618,100,73.05
55.9270,18618,100,70.76
55.9444,18618,100,68.52
55.9618,18618,100,75.47
55.9793,18618,100,69.97
55.9969,18618,100,71.22
56.0143,18618,100,72.59
56.0318,18618,100,73.82
56.0493,18618,100,72.01
56.0668,18618,100,73.49
56.0844,18618,100,70.38
56.1021,18618,100,70.42
56.1196,18618,100,73.14
56.1373,18618,100,68.58
56.1547,18618,100,72.11
56.1722,19682,100,72.71
56.1897,19682,100,70.32
56.2071,20812,100,72.22
56.2247,20812,100,77.13
56.2421,19664,100,71.64
56.2595,19664,100,72.09
56.2770,19664,100,70.64
56.2945,19664,100,71.21
56.3119,19664,100,71.05
56.3293,19664,100,71.70
56.3468,19664,100,66.49
56.3643,21268,100,69.40
56.3821,21268,100,70.78
56.3996,21268,100,73.49
56.4171,21268,100,68.62
56.4346,21268,100,71.70
56.4521,21268,100,68.51
56.4695,21268,100,72.95
56.4870,21268,100,69.06
56.5044,21268,100,77.86
56.5220,21268,100,72.33
56.5394,21268,100,73.99
56.5571,21268,100,70.87
56.5750,21268,100,71.05
56.5924,21268,100,74.12
56.6099,21268,100,71.38
56.6274,21268,100,72.21
56.6448,21268,100,66.20
56.6622,21268,100,69.45
56.6797,18702,100,72.43
56.6973,19712,100,70.04
56.7150,17664,100,68.06
56.7328,18228,100,80.69
56.7504,18228,100,74.41
56.7679,18230,100,71.07
56.7854,18230,100,70.33
56.8028,18230,100,71.23
56.8203,18230,100,72.14
56.8379,18230,100,74.69
56.8555,18230,100,74.03
56.8730,18230,100,75.60
56.8904,19818,100,75.08
56.9081,19818,100,73.78
56.9255,19818,100,74.08
56.9429,19818,100,68.86
56.9604,19818,100,69.67
56.9781,19818,100,71.89
56.9956,19818,100,68.91
57.0133,19818,100,71.41
57.0310,19818,100,70.05
57.0484,19818,100,72.61
57.0658,19818,100,71.60
57.0832,19818,100,68.17
57.1006,19818,100,73.81
57.1182,19818,100,70.61
57.1357,19818,100,72.34
57.1531,19818,100,69.75
57.1707,18940,100,70.55
57.1881,20296,100,72.29
57.2055,20298,100,70.07
57.2229,20298,100,75.89
57.2403,20298,100,70.09
57.2578,20298,100,70.04
57.2753,20298,100,75.97
57.2927,20298,100,69.60
57.3103,20298,100,73.42
57.3277,20298,100,70.21
57.3451,20298,100,69.32
57.3626,21672,100,68.91
57.3800,19196,100,70.50
57.3975,19196,100,71.15
57.4149,19196,100,69.07
57.4328,19196,100,72.24
57.4503,19198,100,72.01
57.4678,19198,100,70.58
57.4852,19198,100,69.29
57.5025,19198,100,69.84
57.5201,19198,100,69.47
57.5375,19198,100,70.41
57.5549,19198,100,67.90
57.5723,19198,100,68.60
57.5899,19198,100,73.19
57.6074,19198,100,72.52
57.6251,19198,100,70.30
57.6424,19198,100,70.93
57.6598,19364,100,67.28
57.6774,21582,100,76.98
57.6947,19356,100,68.85
57.7123,19356,100,68.38
57.7298,20510,100,66.71
57.7472,21864,100,70.11
57.7646,19558,100,68.10
57.7821,19558,100,75.98
57.7995,19558,100,66.21
57.8171,19558,100,68.64
57.8346,19558,100,72.44
57.8521,19558,100,73.18
57.8698,21046,100,71.30
57.8872,21046,100,70.62
57.9048,19816,100,71.40
57.9224,19816,100,72.08
57.9398,19816,100,73.18
57.9572,19816,100,72.52
57.9746,19816,100,70.88
57.9920,19818,100,71.49
58.0097,19818,100,71.14
58.0271,19818,100,68.75
58.0445,19818,100,75.10
58.0620,19818,100,74.95
58.0796,19818,100,70.76
58.0973,19818,100,74.16
58.1147,19818,100,72.78
58.1321,19818,100,72.10
58.1495,19818,100,68.86
58.1670,19128,100,69.21
58.1845,19128,100,69.85
58.2019,19128,100,69.03
58.2193,19128,100,76.88
58.2367,19128,100,74.04
58.2542,19128,100,68.58
58.2716,19128,100,68.53
58.2890,19128,100,69.49
58.3065,20736,100,73.68
58.3239,20736,100,68.62
58.3413,20736,100,68.88
58.3587,20736,100,71.90
58.3762,20736,100,71.16
58.3937,20736,100,70.19
58.4111,20736,100,67.26
58.4287,20736,100,71.88
58.4462,20736,100,74.28
58.4636,20738,100,73.11
58.4811,20738,100,71.52
58.4986,20738,100,67.64
58.5161,20738,100,71.24
58.5335,20738,100,67.85
58.5509,20738,100,72.34
58.5686,20738,100,72.15
58.5863,20738,100,73.49
58.6037,20738,100,77.65
58.6213,20738,100,69.71
58.6387,20738,100,73.07
58.6562,20738,100,71.91
58.6736,18098,100,73.23
58.6911,18098,100,72.81
58.7086,18100,100,69.78
58.7261,18100,100,67.59
58.7435,18100,100,69.83
58.7610,18674,100,66.62
58.7803,18674,100,74.93
58.7981,18674,100,78.28
58.8157,18674,100,73.05
58.8331,18674,100,73.87
58.8505,18674,100,74.39
58.8683,18674,100,68.67
58.8858,18674,100,69.39
58.9032,20320,100,69.90
58.9206,20320,100,68.75
58.9381,20320,100,71.34
58.9556,20320,100,71.39
58.9732,20320,100,70.70
58.9906,20320,100,76.83
59.0080,20320,100,67.72
59.0255,20320,100,72.26
59.0432,20320,100,70.52
59.0608,20320,100,68.64
59.0782,20320,100,70.53
59.0957,20320,100,75.97
59.1131,20320,100,72.85
59.1308,20320,100,68.34
59.1482,17616,100,69.97
59.1657,19782,100,70.33
59.1831,19782,100,71.30
59.2008,21832,100,67.21
59.2183,17310,100,69.09
59.2361,17886,100,72.60
59.2535,17886,100,68.56
59.2710,17886,100,70.24
59.2884,17886,100,70.64
59.3058,19262,100,73.10
59.3232,19262,100,75.63
59.3406,19262,100,70.28
59.3580,19262,100,73.64
59.3755,19262,100,71.09
59.3931,19262,100,75.53
59.4105,20714,100,71.93
59.4279,20714,100,71.38
59.4453,20714,100,70.87
59.4629,20714,100,72.05
59.4804,20714,100,76.32
59.4977,20714,100,74.02
59.5152,20714,100,70.12
59.5325,20716,100,69.39
59.5499,20716,100,67.37
59.5674,20716,100,68.26
59.5852,22218,100,70.04
59.6026,22218,100,70.16
59.6202,22218,100,74.33
59.6379,22218,100,77.29
59.6554,19064,100,72.23
59.6728,20480,100,75.20
59.6903,20480,100,72.87
59.7086,20480,100,71.83
59.7264,21900,100,69.60
59.7439,21900,100,69.81
59.7614,21900,100,71.04
59.7788,21900,100,70.71
59.7967,21900,100,65.58
59.8142,18874,100,68.88
59.8320,18874,100,74.96
59.8494,18874,100,70.00
59.8675,18874,100,71.43
59.8852,18874,100,68.34
59.9031,18874,100,69.75
59.9206,18874,100,72.94
59.9381,18876,100,74.77
59.9557,18876,100,70.87
59.9732,18876,100,74.59
59.9910,18876,100,69.93
60.0087,18876,100,70.78
60.0268,18876,100,70.71
60.0443,18876,100,72.39
60.0617,18876,100,66.96
60.0793,18876,100,74.29
60.0970,18876,100,71.28
60.1149,18876,100,68.57
60.1323,18876,100,71.96
60.1505,19306,100,67.46
60.1683,20110,100,70.90
60.1857,22236,100,74.94
60.2036,18098,100,71.80
60.2213,18098,100,71.73
60.2396,18098,100,69.75
60.2569,19724,100,67.85
60.2745,19724,100,71.13
60.2927,19724,100,71.22
60.3102,21356,100,68.87
60.3276,21356,100,71.43
60.3453,21358,100,74.80
60.3628,21358,100,68.46
60.3805,21358,100,68.92
60.3985,21358,100,68.70
60.4162,21358,100,72.27
60.4338,21358,100,74.95
60.4512,21358,100,73.06
60.4686,21358,100,75.50
60.4860,21358,100,73.31
60.5035,21358,100,72.02
60.5211,21358,100,70.82
60.5385,21358,100,66.19
60.5560,21358,100,68.54
60.5735,21358,100,69.77
60.5909,21358,100,69.02
60.6084,21358,100,68.07
60.6262,21358,100,73.27
60.6441,21358,100,69.55
60.6616,20692,100,74.93
60.6790,20692,100,73.51
60.6968,20692,100,71.18
60.7146,20692,100,71.29
60.7323,20692,100,72.84
60.7502,22096,99,74.94
60.7679,22096,100,68.95
60.7861,22096,100,69.10
60.8038,19206,100,68.63
60.8221,19206,100,73.91
60.8400,19208,100,71.74
60.8576,19208,100,68.25
60.8758,19208,100,70.88
60.8932,19208,100,72.40
60.9106,19208,100,71.64
60.9282,19208,100,70.24
60.9455,19208,100,71.77
60.9638,19208,100,71.21
60.9819,19208,100,70.52
60.9998,19208,100,72.37
61.0171,19208,100,73.11
61.0351,20850,100,71.39
61.0526,20850,100,70.62
61.0700,20850,100,74.38
61.0874,20850,100,71.71
61.1051,20850,100,69.03
61.1227,20850,100,70.97
61.1402,20850,100,78.56
61.1576,20850,99,70.90
61.1758,19100,100,66.45
61.1932,19100,100,73.61
61.2109,20738,100,72.25
61.2284,20738,100,70.82
61.2459,20738,100,70.98
61.2634,20738,100,72.74
61.2809,20738,100,66.73
61.2983,22420,100,69.61
61.3158,22420,100,72.12
61.3337,22420,100,73.93
61.3517,22420,100,72.96
61.3696,22420,100,68.89
61.3873,22420,100,67.64
61.4051,22420,100,69.09
61.4225,22420,100,72.06
61.4404,22420,100,67.96
61.4585,22420,100,66.97
61.4759,22420,100,72.76
61.4938,22420,100,74.29
61.5112,22420,100,75.34
61.5287,22420,100,71.79
61.5465,22420,100,68.45
61.5641,22420,100,71.90
61.5815,22420,100,72.47
61.5990,22420,100,71.64
61.6165,22420,100,69.36
61.6339,22420,100,72.93
61.6514,22420,100,70.53
61.6688,19756,100,68.30
61.6862,21260,100,70.47
61.7040,21260,100,75.23
61.7216,21262,100,70.88
61.7397,21262,100,72.51
61.7574,21262,100,72.80
61.7751,21262,100,71.99
61.7926,21262,100,71.52
61.8100,21262,100,71.68
61.8274,21262,100,72.42
61.8450,21262,100,72.67
61.8624,21262,100,72.67
61.8799,21262,100,69.79
61.8979,21262,100,73.73
61.9154,18640,100,68.24
61.9331,18640,100,69.33
61.9509,18640,100,70.32
61.9688,18640,100,69.05
61.9863,18640,100,75.06
62.0038,18640,100,69.61
62.0216,18640,100,72.94
62.0390,18640,100,67.79
62.0567,18640,100,69.47
62.0747,18640,100,69.79
62.0924,18640,100,68.64
62.1098,18640,100,71.46
62.1279,18640,100,71.23
62.1456,18640,100,71.97
62.1633,18686,99,70.99
62.1808,19276,100,71.89
62.1984,22044,100,70.63
62.2159,22044,100,73.13
62.2337,22046,100,69.29
62.2517,22046,100,69.34
62.2693,22046,100,73.05
62.2870,22046,100,70.57
62.3051,22046,100,73.70
62.3226,22046,100,67.47
62.3408,22046,100,70.93
62.3587,22046,100,73.82
62.3764,22046,100,66.58
62.3940,22046,100,71.86
62.4113,22046,100,72.73
62.4293,22046,100,68.94
62.4468,22046,100,69.20
62.4643,22046,100,72.12
62.4824,22046,100,72.20
62.5004,22046,100,71.86
62.5179,22046,100,73.22
62.5354,22046,100,70.25
62.5532,22046,100,68.17
62.5708,22046,100,70.32
62.5882,22046,100,70.41
62.6056,22046,100,73.59
62.6235,22046,100,70.24
62.6414,22046,100,67.36
62.6587,22046,100,74.08
62.6763,19428,100,68.97
62.6940,19430,100,73.92
62.7119,19430,100,71.45
62.7294,19430,100,71.25
62.7469,19430,100,68.71
62.7644,19430,100,72.75
62.7818,19430,100,75.09
62.7998,19430,100,75.08
62.8176,19430,100,69.74
62.8353,19430,100,73.51
62.8527,19430,100,69.27
62.8701,19430,100,71.64
62.8876,19430,100,67.00
62.9050,19430,100,71.38
62.9232,19430,100,72.76
62.9407,19430,100,71.38
62.9581,19430,100,70.18
62.9762,19430,100,71.18
62.9937,19430,100,71.88
63.0111,19430,100,68.33
63.0289,19430,100,69.97
63.0466,19430,100,66.90
63.0642,19430,100,72.35
63.0819,19430,100,71.31
63.0995,19430,100,72.39
63.1174,19430,100,70.45
63.1351,19430,100,69.90
63.1528,19430,100,70.10
63.1702,19430,100,73.32
63.1876,20354,100,70.88
63.2055,20354,100,70.29
63.2228,15688,100,69.70
63.2405,16244,0,33.00
63.2579,16244,0,31.55
63.2753,16244,0,31.24
63.2931,16244,0,31.18
63.3105,16244,0,31.03
63.3282,16244,0,30.98
63.3459,16244,0,30.95
63.3633,16244,0,30.78
63.3815,16244,0,30.66
63.3992,16244,0,30.65
63.4166,16244,0,30.55
63.4347,16244,0,30.41
63.4521,16244,0,30.41
63.4698,16244,0,30.38
63.4886,16244,0,30.41
63.5068,16244,0,30.31
63.5252,16244,0,30.29
63.5439,16244,0,30.25
63.5624,16244,0,30.00
63.5807,16244,0,30.11
63.5996,18066,100,45.04
63.6179,19202,100,67.39
63.6354,20528,100,74.97
63.6533,20528,100,75.49
63.6714,20528,100,67.69
63.6894,20528,100,71.72
63.7068,20528,100,71.50
63.7246,20528,100,70.24
63.7426,20528,100,72.76
63.7600,20528,100,68.82
63.7777,20528,100,75.46
63.7956,22178,100,72.79
63.8133,22178,100,71.73
63.8311,22178,100,69.12
63.8489,22178,100,69.95
63.8670,22178,100,70.31
63.8852,22178,100,74.30
63.9027,22178,100,69.37
63.9203,22178,100,72.57
63.9382,22178,100,67.21
63.9563,22178,100,77.24
63.9745,22178,100,67.43
63.9925,22178,100,71.32
64.0099,22178,100,72.56
64.0273,22178,100,69.65
64.0452,22178,100,67.13
64.0629,22178,100,71.27
64.0809,22178,100,73.56
64.0983,22178,99,73.01
64.1158,22178,100,74.68
64.1332,22178,100,74.02
64.1508,22178,100,70.66
64.1687,22178,100,71.07
64.1862,22178,100,72.38
64.2036,22178,100,71.85
64.2211,22178,100,75.88
64.2385,22178,100,65.01
64.2564,22178,100,72.82
64.2738,22178,100,69.62
64.2914,22178,100,71.31
64.3092,22178,100,77.03
64.3271,22178,100,72.18
64.3449,22178,100,73.34
64.3630,22178,100,75.43
64.3806,22178,100,68.21
64.3981,18536,100,68.65
64.4157,18536,100,68.43
64.4331,18536,100,70.40
64.4507,18536,100,71.71
64.4685,18536,100,72.32
64.4860,18536,100,70.92
64.5038,18536,100,70.34
64.5213,18536,100,70.64
64.5390,18536,100,69.32
64.5565,18536,100,75.64
64.5742,18536,100,68.16
64.5919,18536,100,73.77
64.6095,18536,100,71.65
64.6272,18536,100,70.91
64.6446,18536,100,73.25
64.6620,18536,100,72.45
64.6795,18536,100,71.82
64.6970,18536,100,71.23
64.7143,18536,100,66.69
64.7317,18536,100,68.72
64.7492,18536,100,75.83
64.7666,18536,100,70.21
64.7842,19128,100,76.65
64.8019,19128,100,72.38
64.8195,19128,100,68.86
64.8369,19128,100,69.86
64.8543,19128,100,71.77
64.8717,19128,100,67.91
64.8891,19128,100,68.01
64.9066,19128,100,69.21
64.9240,19128,100,69.32
64.9414,19128,100,67.07
64.9589,19128,100,72.72
64.9763,19128,100,70.17
64.9937,19128,100,71.87
65.0111,19128,100,68.51
65.0286,19128,100,72.14
65.0459,19128,100,69.62
65.0634,19128,100,72.44
65.0808,19128,100,69.38
65.0982,19128,100,74.46
65.1158,19128,100,70.70
65.1333,19128,100,69.99
65.1507,19128,100,70.49
65.1685,19128,100,74.65
65.1859,19128,100,72.84
65.2033,19128,100,71.82
65.2208,19128,100,72.81
65.2382,19128,100,73.67
65.2558,19128,100,71.96
65.2735,19128,100,71.79
65.2909,19128,100,71.22
65.3087,19128,100,72.00
65.3261,19128,100,68.94
65.3437,19128,100,73.49
65.3611,19128,100,66.70
65.3785,19128,100,72.97
65.3960,19128,100,69.58
65.4133,19128,100,70.47
65.4307,19128,100,72.22
65.4485,19128,100,68.65
65.4659,19128,100,71.28
65.4834,19128,100,73.42
65.5009,19128,100,71.02
65.5184,19128,100,73.78
65.5359,19128,100,71.56
65.5533,19128,100,69.44
65.5710,19128,100,69.32
65.5884,19128,100,69.36
65.6060,19128,100,69.50
65.6235,19128,100,74.90
65.6409,19128,100,74.32
65.6584,19128,100,67.05
65.6764,19128,100,72.31
65.6937,19128,100,73.28
65.7112,19128,100,71.73
65.7288,19128,99,70.64
65.7462,19128,100,74.66
65.7636,19128,100,71.55
65.7811,19128,100,65.86
65.7987,19128,100,71.57
65.8163,19128,100,74.22
65.8337,19128,100,70.80
65.8511,19128,100,71.20
65.8685,19128,100,72.16
65.8862,19128,100,70.55
65.9036,19128,100,69.01
65.9212,19128,100,76.65
65.9386,19128,100,69.78
65.9560,19128,100,76.68
65.9733,19128,100,71.06
65.9909,19128,100,71.01
66.0083,19128,100,66.76
66.0257,19128,100,72.41
66.0431,19128,100,67.54
66.0606,19128,100,67.43
66.0781,19128,100,72.67
66.0955,19128,100,66.56
66.1131,19128,100,73.01
66.1305,19128,100,67.34
66.1479,19128,100,72.51
66.1655,19128,100,72.53
66.1833,19128,100,72.47
66.2009,19128,100,70.67
66.2184,19128,100,74.36
66.2358,19128,100,67.90
66.2534,19128,100,71.96
66.2707,19128,100,70.85
66.2882,19128,100,73.65
66.3057,19128,100,68.32
66.3231,19128,100,72.94
66.3406,19128,100,72.73
66.3580,19128,100,68.25
66.3755,19128,100,69.17
66.3929,19128,100,65.79
66.4103,19128,100,70.90
66.4277,19128,100,73.57
66.4452,19128,100,71.04
66.4625,19128,100,74.85
66.4799,19128,100,72.88
66.4976,19128,100,75.65
66.5150,19128,100,72.50
66.5323,19128,100,71.50
66.5499,19128,100,74.16
66.5674,19128,100,71.35
66.5850,19128,100,70.97
66.6026,19128,100,70.54
66.6201,19128,100,70.30
66.6379,19128,100,69.65
66.6554,19128,100,71.24
66.6729,19128,100,68.34
66.6904,19128,100,74.63
66.7079,19128,100,73.32
66.7253,19128,100,69.62
66.7428,19128,100,72.71
66.7602,19128,100,75.20
66.7776,19128,100,74.43
66.7950,19128,100,73.65
66.8124,19128,100,74.32
66.8298,19128,100,70.99
66.8474,19128,100,69.60
66.8649,19128,100,69.89
66.8823,19128,100,66.42
66.8999,19128,100,73.49
66.9174,19128,100,73.44
66.9348,19128,100,71.19
66.9525,19128,100,68.83
66.9700,19128,100,69.79
66.9875,19128,100,74.03
67.0049,19128,100,69.47
67.0224,19128,100,71.08
67.0399,19128,100,69.01
67.0573,19128,100,69.81
67.0749,19128,100,68.26
67.0923,19128,100,67.01
67.1098,19128,100,71.43
67.1274,19128,100,70.86
67.1448,19128,100,66.52
67.1624,19128,100,71.00
67.1798,19128,100,75.38
67.1972,19128,100,69.38
67.2146,19128,100,72.21
67.2322,19128,100,68.42
67.2496,19128,100,73.42
67.2670,19128,100,72.08
67.2844,19128,100,72.28
67.3021,19128,100,71.98
67.3196,19128,100,65.46
67.3370,19128,100,71.74
67.3544,19128,100,68.89
67.3718,19128,100,64.63
67.3894,19128,100,67.62
67.4068,19128,100,74.64
67.4241,19128,100,66.25
67.4417,19128,100,66.11
67.4591,19128,100,68.66
67.4766,19128,100,73.76
67.4944,19128,100,70.62
67.5120,19128,100,69.04
67.5298,19128,100,69.30
67.5474,19128,100,77.28
67.5648,19128,100,71.29
67.5823,19128,100,71.15
67.5997,19128,100,67.84
67.6172,19128,100,70.42
67.6346,19128,100,69.41
67.6522,19128,100,66.71
67.6695,19128,100,74.57
67.6871,19128,100,71.64
67.7045,19128,100,74.04
67.7219,19128,100,73.50
67.7394,19128,100,70.09
67.7568,19128,100,68.90
67.7745,19128,100,70.80
67.7919,19128,100,74.38
67.8097,19128,100,71.09
67.8272,19128,100,71.17
67.8446,19128,100,72.16
67.8621,19128,100,65.72
67.8795,19128,100,72.67
67.8972,19128,100,71.88
67.9150,19128,100,70.28
67.9325,19128,100,71.07
67.9499,19128,100,67.32
67.9675,19128,100,67.68
67.9849,19128,100,68.95
68.0023,19128,100,71.10
68.0197,19128,100,69.34
68.0375,19128,100,72.82
68.0550,19128,100,74.57
68.0724,19128,100,75.45
68.0900,19128,100,70.35
68.1075,19128,100,67.43
68.1252,19128,100,70.68
68.1426,19128,100,67.47
68.1600,19128,100,73.02
68.1775,19128,100,71.60
68.1952,19128,100,78.27
68.2126,19128,100,72.31
68.2302,19128,100,78.58
68.2476,19128,100,69.59
68.2650,19128,100,69.99
68.2826,19128,100,71.34
68.3000,19128,100,70.89
68.3175,19128,100,71.64
68.3349,19128,100,68.53
68.3526,19128,100,72.36
68.3699,19128,100,68.58
68.3875,19128,100,67.35
68.4049,19128,100,68.08
68.4225,19128,100,72.72
68.4399,19128,100,73.14
68.4574,19128,100,66.84
68.4750,19128,100,71.66
68.4924,19128,100,71.89
68.5099,19128,100,71.34
68.5273,19128,100,73.43
68.5449,19128,100,72.45
68.5623,19128,100,69.32
68.5799,19128,100,72.23
68.5973,19128,100,70.72
68.6150,19128,100,73.40
68.6324,19128,100,77.04
68.6499,19128,100,67.04
68.6673,19128,100,75.91
68.6849,19128,100,69.14
68.7023,19128,100,68.39
68.7197,19128,100,69.12
68.7373,19128,100,73.34
68.7547,19128,100,66.32
68.7721,19128,100,69.00
68.7897,19128,100,71.67
68.8070,19128,100,69.53
68.8245,19128,100,71.45
68.8420,19128,100,70.64
68.8595,19128,100,70.17
68.8769,19128,100,71.16
68.8944,19128,100,73.50
68.9119,19128,100,70.02
68.9293,19128,100,67.18
68.9467,19128,100,69.05
68.9641,19128,100,72.43
68.9816,19128,100,68.36
68.9991,19128,100,73.22
69.0165,19128,100,69.11
69.0339,19128,100,74.18
69.0513,19128,100,66.29
69.0687,19128,100,72.14
69.0862,19128,100,70.90
69.1036,19128,100,71.54
69.1211,19128,100,67.56
69.1385,19128,100,69.06
69.1559,19128,100,71.44
69.1735,19128,100,76.93
69.1909,19128,100,76.30
69.2084,19128,100,72.03
69.2258,19128,100,69.97
69.2432,19128,100,74.37
69.2607,19128,100,69.68
69.2783,19128,100,76.88
69.2957,19128,100,77.54
69.3131,19128,100,72.80
69.3308,19128,100,68.13
69.3482,19128,100,72.89
69.3657,19128,100,74.98
69.3833,19128,100,70.71
69.4007,19128,100,73.42
69.4181,19128,100,71.31
69.4355,19128,100,71.57
69.4530,19128,100,72.64
69.4704,19128,100,70.24
69.4880,19128,100,66.93
69.5057,19128,100,73.02
69.5231,19128,100,72.59
69.5406,19128,100,70.02
69.5580,19128,100,72.90
69.5757,19128,100,72.11
69.5934,19128,100,77.44
69.6112,19128,100,74.15
69.6293,19128,100,72.28
69.6474,19128,100,67.98
69.6650,19128,100,74.19
69.6825,19128,100,71.41
69.7000,19128,100,72.72
69.7177,19128,100,69.15
69.7353,19128,100,72.77
69.7527,19128,100,69.49
69.7707,19128,100,68.89
69.7887,19128,100,74.06
69.8067,19128,100,71.49
69.8242,19128,100,71.12
69.8417,19128,100,69.73
69.8592,19128,100,70.73
69.8769,19128,100,68.79
69.8947,19128,100,71.51
69.9129,19128,100,72.12
69.9303,19128,100,68.35
69.9481,19128,100,73.86
69.9658,19128,100,74.41
69.9832,19128,100,72.76
70.0013,19128,100,71.86
70.0189,19128,100,69.36
70.0364,19128,100,79.13
70.0542,19128,100,69.99
70.0720,19128,100,70.39
70.0894,19128,100,65.40
70.1071,19128,100,77.25
70.1246,19128,100,69.78
70.1422,19128,100,69.83
70.1599,19128,100,68.87
70.1776,19128,100,71.63
70.1954,19128,100,70.43
70.2131,19128,100,71.50
70.2309,19128,100,71.56
70.2490,19128,100,71.42
70.2666,19128,100,71.97
70.2843,19128,100,69.62
70.3018,19128,100,77.49
70.3192,19128,100,71.36
70.3366,19128,100,70.03
70.3544,19128,100,74.56
70.3720,19128,100,69.09
70.3899,19128,100,74.43
70.4077,19128,100,75.13
70.4255,19128,100,71.09
70.4429,19128,100,75.88
70.4604,19128,100,74.38
70.4783,19128,100,74.40
70.4963,19128,100,69.74
70.5138,19128,100,68.90
70.5319,19128,100,71.40
70.5493,19128,100,67.96
70.5669,19128,100,69.09
70.5847,19128,100,70.15
70.6027,19128,100,71.20
70.6201,19128,100,73.03
70.6383,19128,100,70.42
70.6560,19128,100,71.73
70.6734,19128,100,70.79
70.6908,19128,100,73.33
70.7087,19128,100,70.86
70.7262,19128,100,73.74
70.7438,19128,100,69.11
70.7614,19128,100,67.17
70.7788,19128,100,71.16
70.7962,19128,100,75.43
70.8140,19128,100,72.83
70.8315,19128,100,70.97
70.8490,19128,100,70.10
70.8664,19128,100,76.08
70.8839,19128,100,70.61
70.9014,19128,100,71.29
70.9189,19128,100,77.28
70.9367,19128,100,71.67
70.9541,19128,100,73.53
70.9720,19128,100,71.31
70.9895,19128,100,73.42
71.0071,19128,100,72.30
71.0245,19128,100,78.14
71.0419,19128,100,69.61
71.0595,19128,100,68.90
71.0768,19128,100,70.49
71.0944,19128,100,71.13
71.1118,19128,100,75.15
71.1293,19128,100,68.12
71.1472,19128,100,70.45
71.1645,19128,100,71.06
71.1823,19128,100,71.07
71.2006,19128,100,70.28
71.2183,19128,100,66.54
71.2362,19128,100,73.63
71.2539,19128,100,72.29
71.2713,19128,100,69.66
71.2887,19128,100,69.90
71.3070,19128,100,72.38
71.3245,19128,100,69.44
71.3423,19128,100,66.50
71.3601,19128,100,68.49
71.3775,19128,100,71.33
71.3949,19128,100,69.04
71.4124,19128,100,71.16
71.4307,19128,100,72.74
71.4488,19128,100,74.26
71.4663,19128,100,73.12
71.4841,19128,100,71.67
71.5016,19128,100,72.33
71.5190,19128,100,75.84
71.5364,19128,100,70.37
71.5538,19128,100,72.50
71.5716,19128,100,71.75
71.5894,19128,100,79.26
71.6068,19128,100,74.66
71.6246,19128,99,73.24
71.6420,19128,100,68.82
71.6594,19128,100,74.68
71.6770,19128,100,72.90
71.6944,19128,100,68.39
71.7118,19128,100,72.03
71.7297,19128,100,76.76
71.7475,19128,100,67.91
71.7656,19128,100,71.49
71.7830,19128,100,71.18
71.8011,19128,100,71.75
71.8185,19128,100,67.17
71.8364,19128,100,73.03
71.8538,19128,100,67.65
71.8716,19128,100,71.11
71.8891,19128,100,67.41
71.9067,19128,100,70.35
71.9242,19128,100,69.82
71.9416,19128,100,68.02
71.9592,19128,100,74.71
71.9772,19128,100,75.15
71.9947,19128,100,69.86
72.0127,19128,100,73.12
72.0302,19128,100,75.40
72.0478,19128,100,69.92
72.0657,19128,100,72.08
72.0836,19128,100,75.83
72.1010,19128,100,72.86
72.1184,19128,100,72.92
72.1366,19128,100,71.83
72.1547,19128,100,73.21
72.1726,19128,100,80.19
72.1900,19128,100,71.67
72.2082,19128,100,70.48
72.2258,19128,100,71.86
72.2436,19128,100,72.64
72.2613,19128,100,66.53
72.2789,19128,100,71.37
72.2965,19128,100,73.69
72.3140,19128,100,75.58
72.3316,19128,100,70.63
72.3493,19128,100,70.86
72.3668,19128,100,71.48
72.3847,19128,100,72.96
72.4022,19128,100,72.99
72.4198,19128,100,70.87
72.4373,19128,99,70.01
72.4552,19128,100,71.52
72.4729,19128,100,67.96
72.4904,19128,100,71.01
72.5078,19128,100,69.88
72.5253,19128,100,73.63
72.5430,19128,100,73.26
72.5603,19128,100,74.04
72.5779,19128,100,72.43
72.5955,19128,100,71.58
72.6135,19128,100,69.59
72.6313,19128,100,65.05
72.6489,19128,100,71.08
72.6669,19128,100,69.34
72.6846,19128,100,72.64
72.7021,19128,100,77.42
72.7199,19128,100,70.16
72.7375,19128,100,76.19
72.7551,19128,100,74.03
72.7730,19128,100,74.46
72.7910,19128,100,74.16
72.8089,19128,100,72.51
72.8264,19128,100,71.79
72.8444,19128,100,70.20
72.8618,19128,100,74.45
72.8796,19128,100,74.32
72.8973,19128,100,71.49
72.9149,19128,100,70.72
72.9329,19128,100,67.38
72.9506,19128,100,76.14
72.9681,19128,100,69.10
72.9855,19128,100,73.07
73.0029,19128,100,69.69
73.0208,19128,100,73.48
73.0381,19128,100,69.24
73.0562,19128,100,68.00
73.0741,19128,100,68.13
73.0923,19128,100,70.66
73.1097,19128,100,72.47
73.1271,19128,100,68.62
73.1450,19128,100,72.78
73.1624,19128,100,75.81
73.1806,19128,100,73.82
73.1989,19128,100,77.00
73.2163,19128,100,75.61
73.2338,19128,100,71.08
73.2513,19128,100,67.38
73.2687,19128,100,69.57
73.2861,19128,100,71.92
73.3037,19128,100,71.57
73.3218,19128,100,72.86
73.3392,19128,100,78.91
73.3566,19128,100,74.34
73.3747,19128,100,74.40
73.3925,19128,100,73.09
73.4100,19128,100,67.27
73.4275,19128,100,75.12
73.4450,19128,100,74.97
73.4624,19128,100,72.34
73.4807,19128,100,70.13
73.4985,19128,100,73.41
73.5159,19128,100,68.60
73.5333,19128,100,70.51
73.5509,19128,100,69.21
73.5683,19128,100,68.83
73.5857,19128,100,67.59
73.6031,19128,99,76.34
73.6208,19128,100,73.68
73.6385,19128,100,72.86
73.6559,19128,100,73.09
73.6733,19128,100,73.05
73.6910,19128,100,72.06
73.7089,19128,100,78.75
73.7263,19128,100,73.34
73.7439,19128,100,72.80
73.7618,19128,100,66.96
73.7792,19128,100,73.61
73.7967,19128,100,71.07
73.8141,19128,100,71.20
73.8316,19128,100,72.88
73.8492,19128,100,74.29
73.8669,19128,100,69.94
73.8850,19128,100,72.97
73.9028,19128,100,69.77
73.9201,19128,100,71.91
73.9382,19128,100,75.41
73.9563,19128,100,71.62
73.9739,19128,100,72.82
73.9920,19128,100,68.86
74.0098,19128,100,65.91
74.0275,19128,100,71.81
74.0453,19128,99,70.67
74.0627,19128,100,71.34
74.0808,19128,100,71.57
74.0983,19128,100,75.36
74.1161,19128,100,70.59
74.1335,19128,100,72.26
74.1516,19128,100,70.57
74.1691,19128,100,69.88
74.1865,19128,100,67.74
74.2039,19128,100,69.04
74.2217,19128,100,69.09
74.2395,19128,100,68.75
74.2573,19128,100,72.58
74.2749,19128,100,71.74
74.2924,19128,100,69.43
74.3098,19128,100,67.56
74.3272,19128,100,70.01
74.3447,19128,100,69.36
74.3627,19128,100,65.83
74.3803,19128,100,74.36
74.3977,19128,100,69.21
74.4153,19128,100,75.33
74.4330,19128,100,72.65
74.4505,19128,100,70.75
74.4680,19128,100,70.76
74.4854,19128,100,71.81
74.5030,19128,100,72.66
74.5207,19128,100,72.18
74.5381,19128,100,71.78
74.5559,19128,100,72.22
74.5733,19128,100,73.98
74.5907,19128,100,70.29
74.6081,19128,100,73.35
74.6256,19128,100,71.33
74.6430,19128,100,70.75
74.6606,19128,100,77.96
74.6780,19128,100,68.45
74.6956,19128,100,72.38
74.7130,19128,100,68.86
74.7305,19128,100,72.02
74.7479,19128,100,70.58
74.7654,19128,100,74.32
74.7829,19128,100,72.94
74.8005,19128,100,73.85
74.8180,19128,100,73.00
74.8354,19128,100,73.85
74.8532,19128,100,70.85
74.8706,19128,100,72.52
74.8880,19128,100,70.66
74.9055,19128,100,77.21
74.9229,19128,100,70.37
74.9404,19128,100,71.09
74.9578,19128,100,70.77
74.9753,19128,100,69.81
74.9927,19128,100,71.81
75.0103,19128,100,70.92
75.0276,19128,100,69.49
75.0452,19128,100,73.85
75.0626,19128,100,74.88
75.0800,19128,100,74.25
75.0974,19128,100,74.40
75.1149,19128,100,74.44
75.1324,19128,100,70.54
75.1497,19128,100,72.22
75.1671,19128,100,73.49
75.1846,19128,100,74.19
75.2021,19128,100,67.71
75.2195,19128,100,72.71
75.2370,19128,100,68.71
75.2546,19128,100,73.83
75.2721,19128,100,67.08
75.2895,19128,100,72.85
75.3070,19128,100,67.21
75.3246,19128,100,70.98
75.3420,19128,100,69.64
75.3594,19128,100,71.96
75.3768,19128,100,73.51
75.3942,19128,100,75.61
75.4118,19128,100,73.39
75.4295,19128,100,70.70
75.4470,19128,100,75.15
75.4645,19128,100,70.84
75.4823,19128,100,74.78
75.4998,19128,100,75.38
75.5173,19128,100,71.76
75.5347,19128,100,74.16
75.5521,19128,100,69.66
75.5697,19128,100,71.87
75.5871,19128,100,73.13
75.6045,19128,100,72.24
75.6220,19128,100,65.74
75.6394,19128,100,68.12
75.6569,19128,100,70.37
75.6744,19128,100,72.73
75.6918,19128,100,74.09
75.7092,19128,100,68.43
75.7266,19128,100,70.72
75.7442,19128,100,67.27
75.7619,19128,100,69.78
75.7793,19128,100,72.40
75.7967,19128,100,66.63
75.8141,19128,100,67.97
75.8316,19128,100,71.95
75.8492,19128,100,71.02
75.8666,19128,100,72.60
75.8841,19128,100,73.72
75.9016,19128,100,68.72
75.9192,19128,100,70.91
75.9369,19128,100,74.80
75.9543,19128,100,73.79
75.9719,19128,100,71.16
75.9894,19128,100,72.17
76.0069,19128,100,68.17
76.0244,19128,100,72.92
76.0419,19128,100,74.36
76.0594,19128,100,71.45
76.0768,19128,100,73.67
76.0942,19128,100,66.54
76.1116,19128,100,75.15
76.1290,19128,100,71.09
76.1464,19128,100,75.14
76.1638,19128,100,70.89
76.1812,19128,100,70.26
76.1990,19128,100,68.09
76.2165,19128,100,72.19
76.2341,19128,100,71.37
76.2515,19128,100,74.14
76.2692,19128,100,71.76
76.2866,19128,100,72.85
76.3040,19128,100,73.82
76.3217,19128,100,75.65
76.3390,19128,100,66.05
76.3564,19128,100,73.66
76.3739,19128,100,70.36
76.3913,19128,100,69.33
76.4087,19128,100,71.42
76.4262,19128,100,76.48
76.4436,19128,100,71.17
76.4610,19128,100,71.16
76.4786,19128,100,76.03
76.4960,19128,100,71.07
76.5135,19128,100,70.75
76.5309,19128,100,71.87
76.5483,19128,100,73.85
76.5659,19128,100,72.73
76.5833,19128,100,71.34
76.6008,19128,100,71.86
76.6181,19128,100,70.03
76.6355,19128,100,68.24
76.6530,19128,100,72.29
76.6706,19128,100,71.47
76.6882,19128,100,75.18
76.7057,19128,100,71.04
76.7232,19128,100,71.27
76.7406,19128,100,73.35
76.7582,19128,100,71.80
76.7759,19128,100,74.81
76.7933,19128,100,71.73
76.8107,19128,100,73.87
76.8283,19128,100,68.97
76.8457,19128,100,69.46
76.8633,19128,100,69.51
76.8808,19128,100,67.60
76.8984,19128,100,74.87
76.9159,19128,100,75.73
76.9335,19128,100,71.04
76.9510,19128,100,74.88
76.9685,19128,100,69.77
76.9859,19128,100,73.84
77.0033,19128,100,72.53
77.0208,19128,100,69.14
77.0382,19128,100,70.90
77.0556,19128,100,70.64
77.0732,19128,100,69.40
77.0908,19128,100,69.28
77.1081,19128,100,68.51
77.1257,19128,100,72.77
77.1431,19128,100,70.23
77.1609,19128,100,68.06
77.1783,19128,100,68.50
77.1957,19128,100,73.08
77.2132,19128,100,75.23
77.2308,19128,100,68.82
77.2482,19128,100,67.44
77.2657,19128,100,71.84
77.2831,19128,100,74.24
77.3005,19128,100,74.26
77.3179,19128,100,73.46
77.3353,19128,100,71.65
77.3528,19128,100,74.66
77.3702,19128,100,72.16
77.3877,19128,100,71.96
77.4052,19128,100,69.08
77.4226,19128,100,74.05
77.4402,19128,100,72.13
77.4577,19128,100,69.79
77.4751,19128,100,73.18
77.4925,19128,100,74.46
77.5100,19128,100,73.22
77.5273,19128,100,69.51
77.5447,19128,100,72.33
77.5623,19128,100,76.17
77.5797,19128,100,71.55
77.5972,19128,100,72.06
77.6149,19128,100,75.38
77.6323,19128,100,71.83
77.6498,19128,100,71.22
77.6675,19128,100,71.82
77.6851,19128,99,72.27
77.7025,19128,100,73.33
77.7200,19128,100,74.81
77.7375,19128,100,73.37
77.7550,19128,100,75.49
77.7724,19128,100,71.36
77.7900,19128,100,71.11
77.8077,19128,100,72.82
77.8251,19128,100,68.28
77.8426,19128,100,76.53
77.8600,19128,100,67.61
77.8775,19128,100,74.39
77.8949,19128,100,69.78
77.9124,19128,100,66.72
77.9299,19128,100,75.46
77.9473,19128,100,66.36
77.9649,19128,100,72.73
77.9823,19128,100,72.79
77.9999,19128,100,72.31
78.0175,19128,100,69.98
78.0349,19128,100,72.58
78.0523,19128,100,68.60
78.0698,19128,100,72.93
78.0873,19128,100,74.73
78.1048,19128,100,70.06
78.1224,19128,100,71.53
78.1397,19128,100,75.64
78.1572,19128,100,74.01
78.1746,19128,100,70.57
78.1922,19128,99,70.18
78.2097,19128,100,73.12
78.2271,19128,100,74.07
78.2448,19128,100,71.82
78.2624,19128,100,66.71
78.2798,19128,100,69.82
78.2972,19128,100,67.28
78.3151,19128,100,71.15
78.3325,19128,100,70.22
78.3499,19128,100,72.05
78.3673,19128,100,76.22
78.3848,19128,100,74.86
78.4022,19128,100,71.09
78.4199,19128,100,71.59
78.4372,19128,100,70.78
78.4546,19128,100,74.78
78.4720,19128,100,71.58
78.4894,19128,100,71.10
78.5070,19128,100,70.89
78.5246,19128,100,73.46
78.5419,19128,100,69.74
78.5597,19128,100,73.79
78.5772,19128,100,72.79
78.5946,19128,100,70.75
78.6120,19128,100,69.69
78.6294,19128,100,73.26
78.6471,19128,100,69.51
78.6647,19128,100,70.99
78.6824,19128,100,71.44
78.6999,19128,100,75.19
78.7174,19128,100,67.59
78.7353,19128,100,70.30
78.7527,19128,100,71.25
78.7702,19128,100,73.07
78.7876,19128,100,70.00
78.8052,19128,99,69.96
78.8227,19128,100,70.96
78.8401,19128,100,69.66
78.8575,19128,100,68.70
78.8749,19128,100,68.12
78.8924,19128,100,76.54
78.9099,19128,100,75.58
78.9274,19128,100,68.34
78.9450,19128,100,75.81
78.9625,19128,100,71.40
78.9799,19128,100,67.86
78.9974,19128,100,71.72
79.0148,19128,100,67.98
79.0324,19128,100,70.47
79.0498,19128,100,68.83
79.0672,19128,100,72.20
79.0846,19128,100,71.59
79.1020,19128,100,67.78
79.1194,19128,100,67.21
79.1369,19128,100,74.52
79.1544,19128,100,72.64
79.1718,19128,100,68.35
79.1894,19128,100,72.79
79.2068,19128,100,72.12
79.2242,19128,100,74.75
79.2418,19128,100,74.22
79.2592,19128,100,72.27
79.2767,19128,100,69.79
79.2941,19128,100,73.81
79.3116,19128,100,68.33
79.3290,19128,100,72.43
79.3464,19128,100,67.13
79.3641,19128,100,69.58
79.3816,19128,100,71.05
79.3992,19128,100,69.72
79.4166,19128,100,75.36
79.4340,19128,100,69.41
79.4515,19128,100,73.40
79.4690,19128,100,76.14
79.4864,19128,100,74.01
79.5038,19128,100,72.11
79.5214,19128,100,77.11
79.5388,19128,100,71.62
79.5563,19128,100,71.76
79.5737,19128,100,69.35
79.5913,19128,100,69.07
79.6087,19128,100,73.14
79.6262,19128,100,71.19
79.6440,19128,100,73.36
79.6619,19128,100,68.34
79.6795,19128,100,66.46
79.6977,19128,100,64.92
79.7152,19128,100,71.16
79.7326,19128,100,69.11
79.7500,19128,100,70.10
79.7677,19128,100,71.83
79.7851,19128,100,70.50
79.8026,19128,100,75.49
79.8203,19128,100,70.08
79.8380,19128,100,68.57
79.8562,19128,100,72.84
79.8738,19128,100,72.23
79.8918,19128,100,69.66
79.9092,19128,100,71.29
79.9272,19128,100,74.96
79.9446,19128,100,76.76
79.9625,19128,100,73.46
79.9800,19128,100,71.99
79.9975,19128,100,70.82
80.0149,19128,100,77.32
80.0327,19128,100,69.94
80.0504,19128,100,70.12
80.0678,19128,100,75.41
80.0852,19128,100,71.39
80.1027,19128,100,70.54
80.1207,19128,100,72.80
80.1381,19128,100,76.66
80.1556,19128,100,72.13
80.1730,19128,100,67.60
80.1904,19128,100,72.47
80.2082,19128,100,70.11
80.2257,19128,100,71.49
80.2431,19128,100,69.11
80.2609,19128,100,68.65
80.2786,19128,100,69.87
80.2964,19128,100,70.91
80.3145,19128,100,68.17
80.3319,19128,100,73.50
80.3499,19128,100,67.26
80.3676,19128,100,71.27
80.3852,19128,100,73.69
80.4027,19128,100,70.49
80.4201,19128,100,76.06
80.4383,19128,100,71.03
80.4559,19128,100,69.51
80.4737,19128,100,69.70
80.4911,19128,100,72.83
80.5085,19128,100,70.52
80.5264,19128,100,67.51
80.5438,19128,100,70.33
80.5616,19128,100,75.91
80.5791,19128,100,72.86
80.5971,19128,100,68.32
80.6149,19128,100,69.88
80.6329,19128,100,68.31
80.6508,19128,100,72.61
80.6682,19128,100,73.32
80.6856,19128,100,69.79
80.7034,19128,100,73.80
80.7211,19128,100,75.98
80.7389,19128,100,72.47
80.7564,19128,100,69.05
80.7741,19128,100,70.81
80.7918,19128,100,72.99
80.8092,19128,100,72.82
80.8269,19128,100,67.16
80.8445,19128,100,77.02
80.8622,19128,100,70.43
80.8796,19128,100,70.18
80.8970,19128,100,72.10
80.9149,19128,100,75.79
80.9324,19128,100,71.72
80.9501,19128,100,70.84
80.9676,19128,100,70.71
80.9851,19128,100,72.93
81.0025,19128,100,70.39
81.0199,19128,100,69.03
81.0373,19128,100,72.14
81.0548,19128,100,69.82
81.0724,19128,100,74.19
81.0898,19128,100,77.00
81.1077,19128,100,73.47
81.1253,19128,100,70.85
81.1428,19128,100,73.88
81.1602,19128,100,72.72
81.1777,19128,100,71.81
81.1954,19128,100,67.06
81.2131,19128,100,71.69
81.2306,19128,100,69.11
81.2481,19128,100,70.23
81.2659,19128,100,72.85
81.2841,19128,100,73.30
81.3016,19128,100,68.46
81.3195,19128,100,67.33
81.3369,19128,100,71.15
81.3551,19128,100,75.88
81.3733,19128,100,74.81
81.3912,19128,100,70.96
81.4087,19128,100,77.87
81.4262,19128,100,71.62
81.4436,19128,100,67.22
81.4620,19128,100,70.46
81.4794,19128,100,75.72
81.4970,19128,100,73.62
81.5145,19128,100,72.81
81.5328,19128,100,71.70
81.5506,19128,100,77.23
81.5679,19128,100,68.16
81.5854,19128,100,66.43
81.6029,19128,100,72.06
81.6207,19128,100,75.14
81.6387,19128,100,71.95
81.6565,19128,100,70.39
81.6739,19128,100,70.32
81.6913,19128,100,70.45
81.7088,19128,100,70.79
81.7262,19128,99,72.06
81.7442,19128,100,70.85
81.7616,19128,100,68.58
81.7791,19128,100,68.76
81.7968,19128,100,74.47
81.8144,19128,99,70.91
81.8320,19128,100,72.40
81.8495,19128,100,77.30
81.8677,19128,100,73.11
