Time_Minutes,Memory_Used_MiB,GPU_Utilization_Pct,Power_Watts
<<<<<<< HEAD
0.0000,63,0,14.28
0.0175,63,0,14.29
0.0349,63,0,14.31
0.0522,336,12,14.36
0.0695,488,4,14.42
0.0868,640,4,14.40
0.1043,792,4,14.41
0.1216,972,0,14.40
0.1391,1124,0,14.39
0.1566,1276,0,14.36
0.1741,1476,0,14.36
0.1915,1628,0,14.36
0.2090,1780,4,14.38
0.2264,1960,4,14.37
0.2440,2112,4,14.38
0.2615,2312,0,14.38
0.2792,2464,0,14.40
0.2965,2616,4,14.42
0.3138,2796,4,14.41
0.3315,2948,1,14.43
0.3491,3100,0,14.39
0.3665,3300,0,14.44
0.3841,3452,0,14.41
0.4016,3604,3,14.43
0.4189,3784,4,14.39
0.4363,3936,4,14.47
0.4536,4088,4,14.47
0.4709,4240,4,14.47
0.4885,4440,4,14.48
0.5058,4592,0,14.48
0.5231,4744,0,14.48
0.5406,4896,0,14.48
0.5579,5076,0,14.49
0.5755,5228,0,14.48
0.5929,5380,0,14.49
0.6103,5532,0,14.50
0.6277,5732,0,14.49
0.6451,5884,0,14.54
0.6626,5884,2,14.49
0.6802,5884,4,14.46
0.6974,5884,3,14.48
0.7150,5884,4,14.47
0.7324,5884,4,14.46
0.7498,5884,4,14.47
0.7673,5884,4,14.47
0.7849,5884,4,14.50
0.8024,5884,4,14.49
0.8199,5884,4,14.41
0.8371,5884,4,14.52
0.8545,5884,4,14.52
0.8721,5884,5,14.47
0.8895,5884,5,14.47
0.9070,5884,0,14.52
0.9244,5884,0,14.53
0.9419,5884,6,14.51
0.9593,5884,0,14.51
0.9770,5884,0,14.52
0.9945,5884,4,14.52
1.0119,5884,0,14.53
1.0294,5884,0,14.55
1.0469,5884,6,14.54
1.0646,5884,3,14.55
1.0821,5884,0,14.53
1.0995,5884,5,14.53
1.1168,5884,0,14.51
1.1342,5884,0,14.54
1.1516,5884,6,14.47
1.1691,5884,0,14.48
1.1868,5884,6,14.55
1.2043,5884,1,14.56
1.2216,5884,0,14.57
1.2393,5884,0,14.56
1.2569,5884,6,14.56
1.2746,5884,0,14.57
1.2919,5884,0,14.58
1.3093,5884,5,14.52
1.3267,5884,6,14.62
1.3443,5884,0,14.57
1.3621,5884,0,14.61
1.3797,5892,2,15.46
1.3978,5892,100,21.54
1.4155,5894,100,27.95
1.4329,5894,100,29.64
1.4506,5894,100,29.76
1.4681,5894,100,29.73
1.4855,5894,100,29.77
1.5031,5894,100,29.81
1.5206,5894,100,29.83
1.5381,5894,100,29.85
1.5555,5894,100,29.89
1.5731,5894,100,29.91
1.5905,5894,100,29.94
1.6080,5894,100,29.95
1.6255,5894,100,30.00
1.6429,5894,100,29.97
1.6605,5894,100,29.98
1.6779,5894,100,29.98
1.6952,5894,100,29.98
1.7126,5894,100,30.07
1.7312,5894,100,30.04
1.7488,5894,100,30.06
1.7662,5894,100,30.07
1.7837,5894,100,30.08
1.8012,5894,100,30.14
1.8187,5894,100,30.08
1.8361,5894,100,30.17
1.8535,5894,100,30.15
1.8709,5894,100,30.14
1.8883,5894,100,30.21
1.9059,5894,100,30.16
1.9236,5894,100,30.23
1.9409,5894,100,30.20
1.9582,5894,100,30.25
1.9755,5894,100,30.23
1.9930,5894,100,30.23
2.0107,5894,100,30.25
2.0281,5894,100,30.24
2.0454,5894,100,30.25
2.0628,5894,100,30.28
2.0806,5894,100,30.29
2.0981,5894,100,30.23
2.1156,5894,100,30.24
2.1330,5894,100,30.23
2.1506,5894,100,30.29
2.1680,5894,100,30.26
2.1853,5894,100,30.27
2.2028,5894,100,30.30
2.2202,5894,100,30.25
2.2376,5894,100,30.29
2.2551,5894,100,30.23
2.2726,5894,100,30.30
2.2902,5894,100,30.27
2.3075,5894,100,30.29
2.3250,5894,100,30.32
2.3425,5894,100,30.28
2.3598,5894,100,30.34
2.3771,5894,100,30.29
2.3945,5894,100,30.33
2.4120,5894,100,30.29
2.4295,5894,100,30.32
2.4470,5894,100,30.27
2.4645,5894,100,30.32
2.4818,5894,100,30.32
2.4993,5894,100,30.30
2.5167,5894,100,30.32
2.5341,5894,100,30.28
2.5516,5894,100,30.32
2.5689,5894,100,30.29
2.5866,5894,100,30.30
2.6040,5894,100,30.29
2.6215,5894,100,30.30
2.6391,5894,100,30.30
2.6564,5894,100,30.28
2.6740,5894,100,30.38
2.6914,5894,100,30.33
2.7090,5894,100,30.32
2.7267,5894,100,30.35
2.7443,5894,100,30.30
2.7619,5894,100,30.39
2.7794,5894,100,30.31
2.7968,5894,100,30.37
2.8142,5894,100,30.36
2.8315,5894,100,30.35
2.8499,5894,100,30.42
2.8674,5894,100,30.43
2.8847,5894,100,30.38
2.9024,5894,100,30.39
2.9200,5894,100,30.41
2.9374,5894,100,30.39
2.9549,5894,100,30.39
2.9726,5894,100,30.40
2.9901,5894,100,30.38
3.0077,5894,100,30.41
3.0252,5894,100,30.44
3.0429,5894,100,30.39
3.0604,5894,100,30.45
3.0778,5894,100,30.41
3.0952,5894,100,30.43
3.1128,5894,100,30.39
3.1300,5894,100,30.43
3.1474,5894,100,30.37
3.1648,5894,100,30.38
3.1821,5894,100,30.40
3.1998,5894,100,30.41
3.2176,5894,100,30.43
3.2352,5894,100,30.41
3.2527,5894,100,30.44
3.2700,5894,100,30.39
3.2873,5894,100,30.41
3.3047,5894,100,30.41
3.3221,5894,100,30.40
3.3396,5894,100,30.39
3.3571,5894,100,30.41
3.3746,5894,100,30.39
3.3921,5894,100,30.35
3.4096,5894,100,30.40
3.4270,5894,100,30.38
3.4443,5894,100,30.38
3.4617,5894,100,30.36
3.4793,5894,100,30.40
3.4969,5894,100,30.39
3.5143,5894,100,30.36
3.5318,5894,100,30.39
3.5494,5894,100,30.40
3.5669,5894,100,30.39
3.5845,5894,100,30.42
3.6020,5894,100,30.35
3.6197,5894,100,30.39
3.6372,5894,100,30.37
3.6545,5894,100,30.38
3.6720,5894,100,30.41
3.6896,5894,100,30.34
3.7069,5894,100,30.38
3.7243,5894,100,30.38
3.7418,5894,100,30.35
3.7591,5894,100,30.38
3.7765,5894,100,30.36
3.7939,5894,100,30.38
3.8112,5894,100,30.37
3.8288,5894,100,30.37
3.8464,5894,100,30.38
3.8637,5894,100,30.40
3.8812,5894,100,30.37
3.8986,5894,100,30.38
3.9161,5894,100,30.39
3.9336,5894,100,30.40
3.9510,5894,100,30.38
3.9683,5887,100,30.38
3.9859,5900,100,30.24
4.0035,5900,100,30.36
4.0210,5900,100,29.19
4.0386,5900,100,29.00
4.0561,5900,100,29.44
4.0735,5900,100,30.45
4.0910,5900,100,30.48
4.1084,5900,100,30.49
4.1259,5900,100,30.49
4.1434,5900,100,30.46
4.1608,5900,100,30.52
4.1781,5900,100,30.50
4.1956,5900,100,30.48
4.2131,5900,100,30.59
4.2306,5900,100,30.52
4.2483,5900,100,30.53
4.2658,5900,100,30.56
4.2832,5900,100,30.53
4.3006,5900,100,30.49
4.3179,5900,100,30.54
4.3372,5900,100,30.58
4.3546,5900,100,30.52
4.3720,5900,100,30.59
4.3895,5900,100,30.56
4.4070,5900,100,30.51
4.4244,5900,100,30.51
4.4417,5900,100,30.56
4.4593,5900,100,30.50
4.4770,5900,100,30.46
4.4945,5900,100,30.47
4.5120,5900,100,30.44
4.5294,5900,100,30.44
4.5467,5900,100,30.46
4.5642,5900,100,30.43
4.5820,5900,100,30.45
4.5992,5900,100,30.45
4.6167,5900,100,30.46
4.6343,5900,100,30.44
4.6518,5900,100,30.43
4.6693,5900,100,30.50
4.6869,5900,100,30.45
4.7043,5900,100,30.50
4.7219,5900,100,30.42
4.7393,5900,100,30.47
4.7568,5900,100,30.44
4.7743,5900,100,30.42
4.7919,5900,100,30.46
4.8094,5900,100,30.45
4.8269,5900,100,30.46
4.8443,5900,100,30.47
4.8616,5900,100,30.46
4.8793,5900,100,30.48
4.8968,5900,100,30.46
4.9142,5900,100,30.46
4.9315,5900,100,30.48
4.9491,5900,100,30.46
4.9666,5900,100,30.46
4.9840,5900,100,30.47
5.0014,5900,100,30.46
5.0189,5900,100,30.47
5.0364,5900,100,30.46
5.0537,5900,100,30.46
5.0710,5900,100,30.47
5.0885,5900,100,30.47
5.1060,5900,100,30.48
5.1235,5900,100,30.47
5.1409,5900,100,30.48
5.1584,5900,100,30.47
5.1756,5900,100,30.46
5.1931,5900,100,30.47
5.2104,5900,100,30.45
5.2277,5900,100,30.44
5.2451,5900,100,30.54
5.2626,5900,100,30.48
5.2800,5900,100,30.48
5.2974,5900,100,30.49
5.3149,5900,100,30.48
5.3325,5900,100,30.51
5.3499,5900,100,30.49
5.3673,5900,100,30.48
5.3847,5900,100,30.47
5.4023,5900,100,30.51
5.4197,5900,100,30.53
5.4371,5900,100,30.50
5.4545,5900,100,30.55
5.4725,5900,100,30.48
5.4900,5900,100,30.49
5.5075,5900,100,30.57
5.5249,5900,100,30.47
5.5421,5900,100,30.46
5.5594,5900,100,30.51
5.5768,5900,100,30.53
5.5942,5900,100,30.46
5.6115,5900,100,30.46
5.6291,5900,100,30.47
5.6464,5900,100,30.53
5.6640,5900,100,30.53
5.6815,5900,100,30.52
5.6988,5900,100,30.47
5.7163,5900,100,30.52
5.7337,5900,100,30.52
5.7512,5900,100,30.48
5.7688,5900,100,30.45
5.7862,5900,100,30.46
5.8036,5900,100,30.50
5.8210,5900,100,30.44
5.8385,5900,100,30.50
5.8567,5900,100,30.48
5.8742,5900,100,30.45
5.8919,5900,100,30.45
5.9093,5900,100,30.45
5.9268,5900,100,30.43
5.9443,5900,100,30.41
5.9620,5900,100,30.43
5.9796,5900,100,30.40
5.9970,5900,100,30.43
6.0145,5900,100,30.41
6.0319,5900,100,30.42
6.0492,5900,100,30.42
6.0667,5900,100,30.45
6.0843,5900,100,30.44
6.1018,5900,100,30.42
6.1192,5900,100,30.41
6.1366,5900,100,30.42
6.1540,5900,100,30.37
6.1715,5900,100,30.36
6.1891,5900,100,30.38
6.2067,5900,100,30.35
6.2240,5900,100,30.35
6.2415,5900,100,30.35
6.2590,5900,100,30.35
6.2764,5900,100,30.37
6.2942,5900,100,30.36
6.3118,5900,100,30.38
6.3294,5900,100,30.38
6.3467,5900,100,30.37
6.3643,5900,100,30.36
6.3818,5900,100,30.36
6.3992,5900,100,30.36
6.4167,5900,100,30.36
6.4342,5900,100,30.33
6.4517,5900,100,30.32
6.4691,5900,100,30.33
6.4865,5900,100,30.29
6.5039,5900,100,30.15
6.5214,5900,100,28.89
6.5388,5900,100,30.00
6.5561,5900,100,30.37
6.5736,5900,100,30.38
6.5909,5900,100,30.37
6.6084,5900,100,30.38
6.6260,5900,100,30.37
6.6435,5900,100,30.35
6.6611,5900,100,30.44
6.6786,5900,100,30.36
6.6962,5900,100,30.40
6.7135,5900,100,30.36
6.7311,5900,100,30.50
6.7486,5900,100,30.40
6.7660,5900,100,30.35
6.7836,5900,100,30.39
6.8010,5900,100,30.42
6.8185,5900,100,30.36
6.8358,5900,100,30.36
6.8533,5900,100,30.41
6.8706,5900,100,30.39
6.8879,5900,100,30.39
6.9052,5900,100,30.40
6.9225,5900,100,30.46
6.9400,5900,100,30.37
6.9576,5900,100,30.39
6.9768,5900,100,30.44
6.9941,5900,100,30.36
7.0117,5900,100,30.39
7.0293,5900,100,30.39
7.0466,5900,100,30.38
7.0639,5900,100,30.39
7.0814,5900,100,30.42
7.0989,5900,100,30.37
7.1163,5900,100,30.37
7.1337,5900,100,30.40
7.1513,5900,100,30.41
7.1687,5900,100,30.44
7.1862,5900,100,30.42
7.2035,5900,100,30.42
7.2208,5900,100,30.38
7.2381,5900,100,30.39
7.2555,5900,100,30.42
7.2730,5900,100,30.41
7.2904,5900,100,30.40
7.3078,5900,100,30.37
7.3253,5900,100,30.41
7.3428,5900,100,30.39
7.3602,5900,100,30.37
7.3778,5900,100,30.39
7.3950,5900,100,30.41
7.4123,5900,100,30.40
7.4297,5900,100,30.39
7.4471,5900,100,30.41
7.4645,5900,100,30.40
7.4818,5900,100,30.41
7.4991,5900,100,30.36
7.5167,5900,100,30.41
7.5341,5900,100,30.39
7.5514,5900,100,30.41
7.5688,5900,100,30.39
7.5862,5900,100,30.39
7.6035,5900,100,30.40
7.6212,5900,100,30.40
7.6387,5900,100,30.37
7.6561,5900,100,30.39
7.6735,5900,100,30.39
7.6910,5900,100,30.41
7.7083,5900,100,30.39
7.7258,5900,100,30.40
7.7437,5900,100,30.40
7.7610,5900,100,30.39
7.7786,5900,100,30.41
7.7959,5900,100,30.37
7.8134,5900,100,30.38
7.8308,5900,100,30.41
7.8482,5900,100,30.39
7.8656,5900,100,30.36
7.8831,5900,100,30.38
7.9005,5900,100,30.39
7.9178,5900,100,30.39
7.9351,5900,100,30.37
7.9526,5900,100,30.39
7.9701,5900,100,30.36
7.9877,5900,100,30.43
8.0052,5900,100,30.42
8.0228,5900,100,30.45
8.0405,5900,100,30.39
8.0579,5900,100,30.46
8.0752,5900,100,30.41
8.0926,5900,100,30.42
8.1102,5900,100,30.43
8.1281,5900,100,30.46
8.1456,5900,100,30.39
8.1633,5900,100,30.45
8.1807,5900,100,30.40
8.1980,5900,100,30.48
8.2153,5900,100,30.47
8.2327,5900,100,30.46
8.2501,5900,100,30.48
8.2674,5900,100,30.49
8.2847,5900,100,30.44
8.3022,5900,100,30.39
8.3197,5900,100,30.46
8.3372,5900,100,30.43
8.3546,5900,100,30.42
8.3719,5900,100,30.44
8.3894,5900,100,30.47
8.4068,5900,100,30.40
8.4241,5900,100,30.45
8.4417,5900,100,30.47
8.4591,5900,100,30.40
8.4765,5900,100,30.46
8.4940,5900,100,30.44
8.5127,5900,100,30.49
8.5302,5900,100,30.47
8.5477,5900,100,30.41
8.5652,5900,100,30.41
8.5825,5900,100,30.47
8.6000,5900,100,30.46
8.6175,5900,100,30.49
8.6349,5900,100,30.44
8.6523,5900,100,30.44
8.6700,5900,100,30.44
8.6873,5900,100,30.44
8.7048,5900,99,29.82
8.7222,5900,100,28.92
8.7399,5900,100,29.57
8.7573,5900,100,30.31
8.7747,5900,100,30.38
8.7921,5900,100,30.38
8.8095,5900,100,30.38
8.8272,5900,100,30.39
8.8447,5900,100,30.38
8.8623,5900,100,30.38
8.8797,5900,100,30.39
8.8971,5900,100,30.39
8.9144,5900,100,30.38
8.9317,5900,100,30.41
8.9493,5900,100,30.39
8.9668,5900,100,30.40
8.9842,5900,100,30.40
9.0016,5900,100,30.37
9.0190,5900,100,30.39
9.0364,5900,100,30.38
9.0538,5900,100,30.40
9.0713,5900,100,30.39
9.0887,5900,100,30.39
9.1062,5900,100,30.41
9.1237,5900,100,30.37
9.1410,5900,100,30.41
9.1586,5900,100,30.38
9.1761,5900,100,30.43
9.1936,5900,100,30.40
9.2110,5900,100,30.42
9.2284,5900,100,30.48
9.2458,5900,100,30.43
9.2634,5900,100,30.45
9.2807,5900,100,30.43
9.2981,5900,100,30.45
9.3157,5900,100,30.39
9.3332,5900,100,30.44
9.3506,5900,100,30.42
9.3680,5900,100,30.42
9.3854,5900,100,30.41
9.4029,5900,100,30.40
9.4202,5900,100,30.49
9.4376,5900,100,30.41
9.4550,5900,100,30.48
9.4723,5900,100,30.41
9.4897,5900,100,30.47
9.5070,5900,100,30.53
9.5246,5900,100,30.49
9.5419,5900,100,30.44
9.5593,5900,100,30.48
9.5766,5900,100,30.53
9.5943,5900,100,30.53
9.6117,5900,100,30.49
9.6291,5900,100,30.51
9.6466,5900,100,30.50
9.6647,5900,100,30.48
9.6821,5900,100,30.53
9.6994,5900,100,30.51
9.7167,5900,100,30.48
9.7343,5900,100,30.57
9.7519,5900,100,30.48
9.7693,5900,100,30.52
9.7866,5900,100,30.54
9.8040,5900,100,30.54
9.8214,5900,100,30.53
9.8389,5900,100,30.52
9.8564,5900,100,30.54
9.8737,5900,100,30.49
9.8913,5900,100,30.49
9.9087,5900,100,30.48
9.9263,5900,100,30.52
9.9438,5900,100,30.49
9.9613,5900,100,30.50
9.9787,5900,100,30.54
9.9961,5900,100,30.49
10.0135,5900,100,30.53
10.0310,5900,100,30.52
10.0486,5900,100,30.55
10.0661,5900,100,30.56
10.0836,5900,100,30.52
10.1012,5900,100,30.55
10.1187,5900,100,30.54
10.1362,5900,100,30.54
10.1536,5900,100,30.54
10.1711,5900,100,30.57
10.1886,5900,100,30.53
10.2061,5900,100,30.57
10.2236,5900,100,30.57
10.2411,5900,100,30.55
10.2586,5900,100,30.58
10.2760,5900,100,30.57
10.2933,5900,100,30.55
10.3109,5900,100,30.61
10.3284,5900,100,30.59
10.3461,5900,100,30.58
10.3634,5900,100,30.60
10.3808,5900,100,30.59
10.3983,5900,100,30.60
10.4158,5900,100,30.65
10.4334,5900,100,30.62
10.4510,5900,100,30.59
10.4684,5900,100,30.62
10.4859,5900,100,30.61
10.5036,5900,100,30.64
10.5210,5900,100,30.65
10.5385,5900,100,30.61
10.5560,5900,100,30.63
10.5735,5900,100,30.68
10.5910,5900,100,30.65
10.6085,5900,100,30.67
10.6259,5900,100,30.70
10.6433,5900,100,30.66
10.6608,5900,100,30.71
10.6783,5900,100,30.71
10.6957,5900,100,30.70
10.7132,5900,100,30.69
10.7305,5900,100,30.76
10.7478,5900,100,30.77
10.7654,5900,100,30.74
10.7827,5900,100,30.71
10.8014,5900,100,30.76
10.8189,5900,100,30.71
10.8366,5900,100,30.75
10.8538,5900,100,30.74
10.8713,5900,100,30.81
10.8886,5900,100,30.79
10.9060,5900,100,30.82
10.9235,5900,100,30.73
10.9409,5900,100,30.80
10.9586,5900,100,30.78
10.9761,5900,100,30.77
10.9935,5900,100,30.77
11.0109,5900,100,30.77
11.0282,5900,100,30.78
11.0456,5900,100,30.75
11.0629,5900,100,30.83
11.0802,5900,100,30.81
11.0976,5900,100,30.84
11.1148,5900,100,30.75
11.1322,5900,100,30.77
11.1499,5900,100,30.79
11.1673,5900,100,30.76
11.1852,5900,100,30.78
11.2024,5900,100,30.74
11.2198,5900,100,30.76
11.2371,5900,100,30.72
11.2545,5900,100,30.74
11.2719,5900,100,30.72
11.2895,5900,100,30.73
11.3072,5900,100,30.73
11.3245,5900,100,30.74
11.3418,5900,100,30.71
11.3592,5900,100,30.71
11.3768,5900,100,30.70
11.3943,5900,100,30.74
11.4118,5900,100,30.71
11.4293,5900,100,30.73
11.4467,5900,100,30.71
11.4642,5900,100,30.74
11.4816,5900,100,30.72
11.4989,5900,100,30.74
11.5164,5900,100,30.72
11.5339,5899,100,29.33
11.5512,5899,100,29.34
11.5685,5899,100,30.70
11.5859,5899,100,30.77
11.6033,5899,100,30.76
11.6207,5899,100,30.75
11.6382,5899,100,30.75
11.6557,5899,100,30.73
11.6733,5899,100,30.75
11.6907,5899,100,30.75
11.7080,5899,100,30.74
11.7256,5899,100,30.75
11.7430,5899,100,30.74
11.7605,5899,100,30.77
11.7781,5899,100,30.75
11.7955,5899,100,30.74
11.8131,5899,100,30.77
11.8304,5899,100,30.76
11.8477,5899,100,30.76
11.8652,5899,100,30.75
11.8825,5899,100,30.73
11.9002,5899,100,30.75
11.9178,5899,100,30.76
11.9354,5899,100,30.75
11.9530,5899,100,30.76
11.9703,5899,100,30.76
11.9876,5899,100,30.75
12.0049,5899,100,30.78
12.0225,5899,100,30.74
12.0402,5899,100,30.78
12.0576,5899,100,30.78
12.0751,5899,100,30.73
12.0927,5899,100,30.82
12.1101,5899,100,30.78
12.1277,5899,100,30.80
12.1450,5899,100,30.80
12.1624,5899,100,30.78
12.1799,5899,100,30.81
12.1974,5899,100,30.76
12.2149,5899,100,30.77
12.2323,5899,100,30.75
12.2498,5899,100,30.72
12.2673,5899,100,30.75
12.2846,5899,100,30.73
12.3022,5899,100,30.73
12.3197,5899,100,30.79
12.3381,5899,100,30.81
12.3555,5899,100,30.80
12.3728,5899,100,30.79
12.3902,5899,100,30.75
12.4077,5899,100,30.73
12.4252,5899,100,30.78
12.4428,5899,100,30.77
12.4604,5899,100,30.78
12.4777,5899,100,30.77
12.4952,5899,100,30.77
12.5128,5899,100,30.72
12.5303,5899,100,30.70
12.5477,5899,100,30.69
12.5652,5899,100,30.73
12.5825,5899,100,30.75
12.5999,5899,100,30.70
12.6173,5899,100,30.70
12.6348,5899,100,30.69
12.6524,5899,100,30.69
12.6699,5899,100,30.73
12.6877,5899,100,30.70
12.7050,5899,100,30.67
12.7226,5899,100,30.69
12.7400,5899,100,30.69
12.7574,5899,100,30.66
12.7752,5899,100,30.69
12.7928,5899,100,30.69
12.8101,5899,100,30.65
12.8276,5899,100,30.68
12.8448,5899,100,30.70
12.8626,5899,100,30.69
12.8800,5899,100,30.71
12.8973,5899,100,30.67
12.9147,5899,100,30.67
12.9321,5899,100,30.67
12.9494,5899,100,30.67
12.9669,5899,100,30.68
12.9843,5899,100,30.67
13.0016,5899,100,30.68
13.0193,5899,100,30.69
13.0367,5899,100,30.68
13.0542,5899,100,30.66
13.0717,5899,100,30.66
13.0892,5899,100,30.65
13.1067,5899,100,30.66
13.1243,5899,100,30.66
13.1419,5899,100,30.65
13.1593,5899,100,30.63
13.1770,5899,100,30.63
13.1946,5899,100,30.63
13.2121,5899,100,30.62
13.2297,5899,100,30.64
13.2470,5899,100,30.65
13.2643,5899,100,30.65
13.2817,5899,100,30.63
13.2992,5899,100,30.68
13.3169,5899,100,30.65
13.3344,5899,100,30.64
13.3520,5899,100,30.67
13.3693,5899,100,30.62
13.3869,5899,100,30.66
13.4044,5899,100,30.67
13.4219,5899,100,30.63
13.4398,5899,100,30.72
13.4574,5899,100,30.69
13.4747,5899,100,30.62
13.4921,5899,100,30.67
13.5097,5899,100,30.67
13.5272,5899,100,30.61
13.5445,5899,100,30.62
13.5621,5899,100,30.63
13.5794,5899,100,30.68
13.5969,5899,100,30.62
13.6143,5899,100,30.60
13.6316,5899,100,30.62
13.6493,5899,100,30.61
13.6669,5899,100,30.59
13.6842,5899,100,30.65
13.7018,5899,100,30.61
13.7192,5899,100,30.61
13.7367,5899,100,30.60
13.7542,5899,100,30.60
13.7716,5899,100,30.62
13.7891,5899,100,30.59
13.8066,5899,100,30.64
13.8245,5899,100,30.65
13.8419,5899,100,30.64
13.8593,5899,100,30.63
13.8768,5899,100,30.59
13.8944,5899,100,30.60
13.9119,5899,100,30.61
13.9294,5899,100,30.61
13.9469,5899,100,30.58
13.9644,5899,100,30.59
13.9821,5899,100,30.60
13.9996,5899,100,30.60
14.0170,5899,100,30.59
14.0343,5899,100,30.56
14.0517,5899,100,30.56
14.0693,5899,100,30.56
14.0868,5899,100,30.55
14.1041,5899,100,30.55
14.1215,5899,100,30.53
14.1391,5899,100,30.52
14.1566,5899,100,30.50
14.1741,5899,100,30.51
14.1917,5899,100,30.49
14.2092,5899,100,30.50
14.2269,5899,100,30.47
14.2443,5899,100,30.50
14.2617,5899,100,30.50
14.2791,5899,100,30.50
14.2967,5899,100,30.45
14.3141,5899,100,30.48
14.3317,5899,100,30.49
14.3492,5899,100,30.46
14.3666,5899,100,30.49
14.3841,5899,100,30.47
14.4015,5899,100,30.50
14.4191,5899,100,30.50
14.4366,5899,100,30.45
14.4541,5899,100,30.45
14.4718,5899,100,30.46
14.4893,5899,99,29.74
14.5067,5899,100,28.51
14.5242,5899,100,29.08
14.5419,5899,100,30.46
14.5595,5899,100,30.41
14.5772,5899,100,30.48
14.5945,5899,100,30.42
14.6122,5899,100,30.43
14.6297,5899,100,30.48
14.6472,5899,100,30.46
14.6647,5899,100,30.48
14.6821,5899,100,30.52
14.6996,5899,100,30.41
14.7171,5899,100,30.50
14.7346,5899,100,30.51
14.7520,5899,100,30.45
14.7695,5899,100,30.54
14.7870,5899,100,30.44
14.8045,5899,100,30.51
14.8219,5899,100,30.44
14.8394,5899,100,30.48
14.8569,5899,100,30.50
14.8743,5899,100,30.45
14.8918,5899,100,30.50
14.9093,5899,100,30.50
14.9272,5899,100,30.47
14.9539,5899,100,30.45
14.9717,5899,100,30.47
14.9893,5899,100,30.49
15.0069,5899,100,30.51
15.0243,5899,100,30.48
15.0418,5899,100,30.53
15.0594,5899,100,30.53
15.0771,5899,100,30.50
15.0945,5899,100,30.50
15.1118,5899,100,30.45
15.1293,5899,100,30.46
15.1468,5899,100,30.48
15.1642,5899,100,30.46
15.1817,5899,100,30.45
15.1992,5899,100,30.42
15.2167,5899,100,30.42
15.2343,5899,100,30.45
15.2516,5899,100,30.45
15.2690,5899,100,30.45
15.2865,5899,100,30.42
15.3040,5899,100,30.42
15.3215,5899,100,30.42
15.3391,5899,100,30.44
15.3566,5899,100,30.44
15.3742,5899,100,30.43
15.3916,5899,100,30.43
15.4090,5899,100,30.43
15.4265,5899,100,30.42
15.4442,5899,100,30.43
15.4617,5899,100,30.44
15.4792,5899,100,30.41
15.4965,5899,100,30.47
15.5142,5899,100,30.46
15.5315,5899,100,30.44
15.5488,5899,100,30.47
15.5666,5899,100,30.44
15.5839,5899,100,30.44
15.6013,5899,100,30.43
15.6188,5899,100,30.44
15.6361,5899,100,30.41
15.6534,5899,100,30.46
15.6711,5899,100,30.45
15.6885,5899,100,30.42
15.7060,5899,100,30.45
15.7233,5899,100,30.43
15.7408,5899,100,30.44
15.7583,5899,100,30.45
15.7758,5899,100,30.43
15.7932,5899,100,30.47
15.8106,5899,100,30.50
15.8281,5899,100,30.41
15.8459,5899,100,30.45
15.8632,5899,100,30.43
15.8805,5899,100,30.44
15.8981,5899,100,30.44
15.9157,5899,100,30.47
15.9331,5899,100,30.41
15.9505,5899,100,30.46
15.9680,5899,100,30.51
15.9855,5899,100,30.40
16.0031,5899,100,30.45
16.0205,5899,100,30.49
16.0381,5899,100,30.45
16.0556,5899,100,30.43
16.0730,5899,100,30.40
16.0904,5899,100,30.42
16.1079,5899,100,30.35
16.1253,5899,100,30.41
16.1426,5899,100,30.36
16.1600,5899,100,30.41
16.1776,5899,100,30.37
16.1952,5899,100,30.36
16.2134,5899,100,30.39
16.2312,5899,100,30.35
16.2485,5899,100,30.33
16.2658,5899,100,30.36
16.2833,5899,100,30.38
16.3007,5899,100,30.38
16.3181,5898,100,30.50
16.3355,5897,100,31.28
16.3531,5897,100,30.44
16.3706,5893,100,31.50
16.3882,5889,100,31.35
16.4055,5889,100,30.69
16.4230,5888,100,30.47
16.4403,5888,100,30.50
16.4576,5887,100,30.49
16.4749,5867,100,30.51
16.4938,5867,100,30.40
16.5113,5867,100,30.43
16.5287,5867,100,30.45
16.5461,5867,100,30.44
16.5635,5867,100,30.44
16.5809,5867,100,30.43
16.5984,5867,100,30.41
16.6159,5867,100,30.41
16.6335,5867,100,30.39
16.6509,5867,100,30.38
16.6683,5867,100,30.39
16.6857,5867,100,30.38
16.7033,5867,100,30.38
16.7207,5867,100,30.37
16.7381,5867,100,30.36
16.7555,5867,100,30.38
16.7730,5867,100,30.39
16.7906,5867,100,30.36
16.8081,5867,100,30.37
16.8255,5867,100,30.33
16.8430,5867,100,30.34
16.8606,5867,100,30.31
16.8780,5867,100,30.32
16.8954,5867,100,30.31
16.9128,5867,100,30.30
16.9303,5867,100,30.31
16.9481,5867,100,30.31
16.9655,5867,100,30.32
16.9830,5867,100,30.28
17.0005,5867,100,30.35
17.0179,5867,100,30.30
17.0355,5867,100,30.37
17.0528,5867,100,30.38
17.0702,5867,100,30.34
17.0876,5867,100,30.44
17.1051,5867,100,30.37
17.1226,5867,100,30.34
17.1402,5867,100,30.38
17.1577,5867,100,30.34
17.1752,5867,100,30.33
17.1926,5867,100,30.33
17.2101,5867,100,30.37
17.2278,5867,100,30.32
17.2450,5867,100,30.38
17.2624,5867,100,30.30
17.2799,5867,100,30.33
17.2975,5867,100,30.33
17.3150,5867,100,30.36
17.3329,5867,100,30.33
17.3505,5867,100,30.32
17.3680,5867,100,30.31
17.3855,5867,100,30.29
17.4029,5867,100,30.31
17.4203,5867,100,30.26
17.4379,5867,100,30.31
17.4553,5867,100,30.25
17.4726,5867,100,30.27
17.4902,5867,100,30.28
17.5077,5867,100,30.26
17.5252,5867,100,30.24
17.5425,5867,100,30.27
17.5600,5867,100,30.27
17.5776,5867,100,30.23
17.5950,5867,100,30.22
17.6123,5867,100,30.25
17.6297,5867,100,30.20
17.6471,5867,100,29.11
17.6644,5867,100,28.95
17.6817,5867,100,30.23
17.6992,5867,100,30.22
17.7166,5867,100,30.24
17.7341,5867,100,30.24
17.7516,5867,100,30.23
17.7690,5867,100,30.26
17.7864,5867,100,30.22
17.8039,5867,100,30.21
17.8212,5867,100,30.23
17.8385,5867,100,30.19
17.8562,5867,100,30.21
17.8739,5867,100,30.24
17.8911,5867,100,30.21
17.9085,5867,100,30.23
17.9260,5867,100,30.19
17.9435,5867,100,30.21
17.9609,5867,100,30.22
17.9782,5867,100,30.20
17.9956,5867,100,30.21
18.0129,5867,100,30.21
18.0303,5867,100,30.22
18.0476,5867,100,30.23
18.0652,5867,100,30.23
18.0826,5867,100,30.22
18.1002,5867,100,30.20
18.1176,5867,100,30.22
18.1351,5867,100,30.23
18.1524,5867,100,30.23
18.1699,5867,100,30.22
18.1874,5867,100,30.28
18.2048,5867,100,30.22
18.2223,5867,100,30.23
18.2397,5867,100,30.23
18.2572,5867,100,30.21
18.2747,5867,100,30.20
18.2923,5867,100,30.24
18.3098,5867,100,30.20
18.3271,5867,100,30.19
18.3446,5867,100,30.26
18.3620,5867,100,30.25
18.3796,5867,100,30.23
18.3970,5867,100,30.26
18.4142,5867,100,30.22
18.4316,5867,100,30.24
18.4493,5867,100,30.29
18.4668,5867,100,30.26
18.4852,5867,100,30.26
18.5025,5867,100,30.29
18.5201,5867,100,30.29
18.5376,5867,100,30.25
18.5551,5867,100,30.26
18.5724,5867,100,30.25
18.5901,5867,100,30.23
18.6076,5867,100,30.25
18.6249,5867,100,30.26
18.6423,5867,100,30.25
18.6598,5867,100,30.28
18.6774,5867,100,30.27
18.6948,5867,100,30.22
18.7121,5867,100,30.21
18.7296,5867,100,30.21
18.7471,5867,100,30.20
18.7644,5867,100,30.25
18.7821,5867,100,30.24
18.7995,5867,100,30.24
18.8171,5867,100,30.20
18.8346,5867,100,30.20
18.8527,5867,100,30.24
18.8700,5867,100,30.25
18.8874,5867,100,30.22
18.9050,5867,100,30.23
18.9225,5867,100,30.26
18.9399,5867,100,30.25
18.9572,5867,100,30.25
18.9747,5867,100,30.24
18.9922,5867,100,30.37
19.0098,5867,100,30.22
19.0272,5867,100,30.24
19.0445,5867,100,30.25
19.0619,5867,100,30.24
19.0792,5867,100,30.24
19.0968,5867,100,30.21
19.1143,5867,100,30.22
19.1317,5867,100,30.21
19.1490,5867,100,30.21
19.1665,5867,100,30.19
19.1841,5867,100,30.17
19.2016,5867,100,30.23
19.2190,5867,100,30.23
19.2366,5867,100,30.23
19.2541,5867,100,30.21
19.2716,5867,100,30.20
19.2893,5867,100,30.23
19.3065,5867,100,30.21
19.3238,5867,100,30.20
19.3411,5867,100,30.20
19.3587,5867,100,30.20
19.3762,5867,100,30.22
19.3937,5867,100,30.21
19.4110,5867,100,30.19
19.4283,5867,100,30.21
19.4458,5867,100,30.20
19.4633,5867,100,30.21
19.4808,5867,100,30.23
19.4981,5867,100,30.20
19.5157,5867,100,30.19
19.5333,5867,100,30.19
19.5506,5867,100,30.17
19.5681,5867,100,30.18
19.5855,5867,100,30.20
19.6031,5867,100,30.24
19.6205,5867,100,30.19
19.6380,5867,100,30.17
19.6554,5867,100,30.18
19.6730,5867,100,30.17
19.6904,5867,100,30.20
19.7078,5867,100,30.23
19.7253,5867,100,30.17
19.7428,5867,100,30.20
19.7602,5867,100,30.23
19.7777,5867,100,30.19
19.7951,5867,100,30.23
19.8125,5867,100,30.22
19.8300,5867,100,30.19
19.8476,5867,100,30.23
19.8651,5867,100,30.23
19.8824,5867,100,30.19
19.8998,5867,100,30.20
19.9175,5867,100,30.21
19.9349,5867,100,30.20
19.9524,5867,100,30.23
19.9697,5867,100,30.22
19.9871,5867,100,30.22
20.0046,5867,100,30.16
20.0220,5867,100,30.19
20.0395,5867,100,30.18
20.0570,5867,100,30.22
20.0743,5867,100,30.24
20.0920,5867,100,30.22
20.1094,5867,100,30.17
20.1268,5867,100,30.19
20.1442,5867,100,30.20
20.1618,5867,100,30.16
20.1792,5867,100,30.18
20.1967,5867,100,30.22
20.2142,5867,100,30.17
20.2317,5867,100,30.16
20.2491,5867,100,30.13
20.2668,5867,100,30.12
20.2844,5867,100,30.06
20.3018,5867,100,30.06
20.3192,5867,100,30.08
20.3367,5867,100,30.08
20.3541,5867,100,30.08
20.3714,5867,100,30.09
20.3890,5867,100,30.11
20.4064,5867,100,30.08
20.4240,5867,100,30.10
20.4416,5867,100,30.09
20.4591,5867,100,30.09
20.4764,5867,100,30.10
20.4940,5867,100,30.04
20.5114,5867,100,28.81
20.5287,5867,100,28.92
20.5463,5867,100,29.57
20.5636,5867,100,29.99
20.5810,5867,100,29.98
20.5987,5867,100,30.00
20.6160,5867,100,30.00
20.6337,5867,100,29.99
20.6513,5867,100,29.99
20.6689,5867,100,29.97
20.6863,5867,100,30.01
20.7035,5867,100,30.00
20.7209,5867,100,29.98
20.7383,5867,100,30.00
20.7556,5867,100,29.99
20.7732,5867,100,29.98
20.7910,5867,100,30.00
20.8085,5867,100,30.00
20.8260,5867,100,30.00
20.8433,5867,100,29.99
20.8607,5867,100,29.96
20.8781,5867,100,29.98
20.8955,5867,100,30.00
20.9129,5867,100,30.01
20.9304,5867,100,30.03
20.9480,5867,100,30.04
20.9653,5867,100,30.01
20.9827,5867,100,30.01
21.0000,5867,100,30.06
21.0174,5867,100,30.02
21.0347,5867,100,30.03
21.0522,5867,100,30.04
21.0697,5867,100,30.02
21.0871,5867,100,30.06
21.1046,5867,100,30.08
21.1222,5867,100,30.03
21.1395,5867,100,30.01
21.1574,5867,100,30.05
21.1748,5867,100,30.03
21.1922,5867,100,30.01
21.2097,5867,100,30.01
21.2271,5867,100,30.05
21.2447,5867,100,30.04
21.2622,5867,100,30.05
21.2795,5867,100,30.03
21.2969,5867,100,29.99
21.3143,5867,100,30.06
21.3316,5867,100,30.06
21.3490,5867,100,30.01
21.3665,5867,100,30.09
21.3838,5867,100,30.02
21.4012,5867,100,30.03
21.4186,5867,100,30.05
21.4361,5867,100,30.08
21.4535,5867,100,30.08
21.4709,5867,100,30.01
21.4883,5867,100,30.10
21.5059,5867,100,30.05
21.5233,5867,100,30.06
21.5409,5867,100,30.06
21.5583,5867,100,30.09
21.5759,5867,100,30.04
21.5933,5867,100,30.04
21.6107,5867,100,30.06
21.6282,5867,100,30.02
21.6455,5867,100,30.05
21.6631,5867,100,30.04
21.6805,5867,100,30.01
21.6981,5867,100,30.00
21.7155,5867,100,30.01
21.7329,5867,100,30.00
21.7505,5867,100,30.03
21.7678,5867,100,30.01
21.7855,5867,100,29.99
21.8029,5867,100,30.00
21.8204,5867,100,29.98
21.8377,5867,100,30.00
21.8551,5867,100,30.01
21.8728,5867,100,30.00
21.8902,5867,100,29.99
21.9078,5867,100,29.97
21.9252,5867,100,29.96
21.9427,5867,100,29.95
21.9602,5867,100,29.95
21.9775,5867,100,29.96
21.9948,5867,100,29.93
22.0124,5867,100,29.91
22.0299,5867,100,29.87
22.0474,5867,100,29.86
22.0647,5867,100,29.84
22.0821,5867,100,29.83
22.0995,5867,100,29.82
22.1170,5867,100,29.81
22.1342,5867,100,29.82
22.1518,5867,100,29.79
22.1693,5867,100,29.81
22.1866,5867,100,29.81
22.2042,5867,100,29.81
22.2217,5867,100,29.78
22.2392,5867,100,29.80
22.2566,5867,100,29.73
22.2741,5867,100,29.75
22.2915,5867,100,29.75
22.3090,5867,100,29.72
22.3272,5867,100,29.77
22.3447,5867,100,29.80
22.3620,5867,100,29.78
22.3794,5867,100,29.77
22.3969,5867,100,29.80
22.4142,5867,100,29.11
22.4317,5867,100,28.73
22.4490,5867,100,29.87
22.4664,5867,100,29.92
22.4838,5867,100,29.94
22.5013,5867,100,29.93
22.5188,5867,100,29.92
22.5361,5867,100,29.99
22.5535,5867,100,29.94
22.5708,5867,100,30.00
22.5883,5867,100,29.91
22.6060,5867,100,29.97
22.6233,5867,100,29.94
22.6407,5867,100,29.93
22.6582,5867,100,29.96
22.6756,5867,100,29.97
22.6932,5867,100,29.90
22.7105,5867,100,29.93
22.7281,5867,100,29.95
22.7454,5867,100,29.90
22.7628,5867,100,29.97
22.7803,5867,100,29.89
22.7979,5867,100,29.97
22.8154,5867,100,29.96
22.8330,5867,100,29.89
22.8503,5867,100,29.93
22.8679,5867,100,29.90
22.8854,5867,100,29.90
22.9030,5867,100,29.93
22.9205,5867,100,29.87
22.9381,5867,100,29.93
22.9558,5867,100,29.92
22.9732,5867,100,29.87
22.9905,5867,100,29.90
23.0081,5867,100,29.93
23.0257,5867,100,29.90
23.0432,5867,100,29.95
23.0606,5867,100,29.90
23.0783,5867,100,30.00
23.0957,5867,100,29.96
23.1131,5867,100,29.99
23.1305,5867,100,29.98
23.1478,5867,100,29.99
23.1653,5867,100,29.99
23.1827,5867,100,29.98
23.2002,5867,100,30.04
23.2176,5867,100,29.96
23.2350,5867,100,30.02
23.2526,5867,100,29.98
23.2700,5867,100,30.03
23.2875,5867,100,30.00
23.3050,5867,100,30.02
23.3226,5867,100,29.99
23.3400,5867,100,30.04
23.3575,5867,100,29.99
23.3749,5867,100,30.02
23.3924,5867,100,30.02
23.4097,5867,100,30.06
23.4273,5867,100,30.05
23.4449,5867,100,30.07
23.4626,5867,100,30.07
23.4800,5867,100,30.12
23.4975,5867,100,30.09
23.5150,5867,100,30.06
23.5323,5867,100,30.12
23.5498,5867,100,30.10
23.5672,5867,100,30.09
23.5848,5867,100,30.09
23.6023,5867,100,30.07
23.6198,5867,100,30.07
23.6371,5867,100,30.06
23.6546,5867,100,30.07
23.6720,5867,100,30.10
23.6895,5867,100,30.13
23.7070,5867,100,30.09
23.7245,5867,100,30.04
23.7420,5867,100,30.08
23.7594,5867,100,30.06
23.7768,5867,100,30.14
23.7942,5867,100,30.14
23.8115,5867,100,30.09
23.8289,5867,100,30.11
23.8470,5867,100,30.11
23.8644,5867,100,30.14
23.8817,5867,100,30.10
23.8990,5867,100,30.13
23.9167,5867,100,30.11
23.9341,5867,100,30.10
23.9514,5867,100,30.15
23.9691,5867,100,30.15
23.9866,5867,100,30.10
24.0040,5867,100,30.13
24.0214,5867,100,30.16
24.0390,5867,100,30.09
24.0565,5867,100,30.13
24.0740,5867,100,30.10
24.0914,5867,100,30.16
24.1088,5867,100,30.11
24.1261,5867,100,30.11
24.1437,5867,100,30.15
24.1613,5867,100,30.11
24.1787,5867,100,30.10
24.1961,5867,100,30.12
24.2136,5867,100,30.09
24.2310,5867,100,30.12
24.2483,5867,100,30.11
24.2658,5867,100,30.17
24.2832,5867,100,30.12
24.3007,5867,100,30.17
24.3182,5867,100,30.16
24.3356,5867,100,30.12
24.3532,5867,100,30.14
24.3708,5867,100,30.12
24.3884,5867,100,30.18
24.4059,5867,100,30.15
24.4234,5867,100,30.14
24.4408,5867,100,30.12
24.4584,5867,100,30.15
24.4760,5867,100,30.15
24.4933,5867,100,30.13
24.5108,5867,100,30.18
24.5283,5867,100,30.12
24.5457,5867,100,30.17
24.5632,5867,100,30.11
24.5805,5867,100,30.18
24.5980,5867,100,30.14
24.6154,5867,100,30.17
24.6330,5867,100,30.12
24.6503,5867,100,30.16
24.6678,5867,100,30.13
24.6852,5867,100,30.16
24.7025,5867,100,30.12
24.7201,5867,100,30.16
24.7377,5867,100,30.16
24.7551,5867,100,30.16
24.7724,5867,100,30.18
24.7898,5867,100,30.17
24.8071,5867,100,28.94
24.8246,5867,100,28.90
24.8424,5867,100,30.14
24.8598,5867,100,30.18
24.8774,5867,100,30.27
24.8948,5867,100,30.22
24.9122,5867,100,30.29
24.9297,5867,100,30.30
24.9472,5867,100,30.25
24.9646,5867,100,30.33
24.9838,5867,100,30.41
25.0012,5867,100,30.25
25.0188,5867,100,30.31
25.0361,5867,100,30.34
25.0535,5867,100,30.34
25.0709,5867,100,30.31
25.0882,5867,100,30.30
25.1058,5867,100,30.31
25.1232,5867,100,30.34
25.1408,5867,100,30.37
25.1580,5867,100,30.34
25.1756,5867,100,30.33
25.1930,5867,100,30.36
25.2105,5867,100,30.39
25.2278,5867,100,30.29
25.2452,5867,100,30.38
25.2627,5867,100,30.35
25.2803,5867,100,30.34
25.2980,5867,100,30.32
25.3155,5867,100,30.32
25.3328,5867,100,30.34
25.3502,5867,100,30.34
25.3675,5867,100,30.31
25.3850,5867,100,30.34
25.4025,5867,100,30.35
25.4200,5867,100,30.32
25.4375,5867,100,30.36
25.4550,5867,100,30.33
25.4725,5867,100,30.32
25.4898,5867,100,30.35
25.5072,5867,100,30.35
25.5247,5867,100,30.35
25.5421,5867,100,30.36
25.5595,5867,100,30.33
25.5769,5867,100,30.39
25.5942,5867,100,30.40
25.6119,5867,100,30.38
25.6294,5867,100,30.40
25.6469,5867,100,30.40
25.6644,5867,100,30.34
25.6819,5867,100,30.37
25.6993,5867,100,30.39
25.7168,5867,100,30.40
25.7340,5867,100,30.42
25.7516,5867,100,30.38
25.7692,5867,100,30.40
25.7868,5867,100,30.40
25.8041,5867,100,30.40
25.8215,5867,100,30.42
25.8391,5867,100,30.42
25.8565,5867,100,30.42
25.8740,5867,100,30.43
25.8914,5867,100,30.47
25.9088,5867,100,30.42
25.9262,5867,100,30.44
25.9439,5867,100,30.47
25.9613,5867,100,30.42
25.9788,5867,100,30.45
25.9962,5867,100,30.49
26.0137,5867,100,30.45
26.0311,5867,100,30.51
26.0486,5867,100,30.53
26.0660,5867,100,30.49
26.0835,5867,100,30.47
26.1009,5867,100,30.55
26.1190,5867,100,30.52
26.1365,5867,100,30.53
26.1541,5867,100,30.55
26.1715,5867,100,30.56
26.1889,5867,100,30.52
26.2064,5867,100,30.57
26.2241,5867,100,30.55
26.2415,5867,100,30.58
26.2588,5867,100,30.57
26.2762,5867,100,30.55
26.2936,5867,100,30.52
26.3110,5867,100,30.58
26.3284,5867,100,30.55
26.3461,5867,100,30.54
26.3636,5867,100,30.57
26.3812,5867,100,30.56
26.3985,5867,100,30.57
26.4159,5867,100,30.54
26.4332,5867,100,30.57
26.4506,5867,100,30.59
26.4681,5867,100,30.55
26.4857,5867,100,30.59
26.5032,5867,100,30.57
26.5205,5867,100,30.58
26.5378,5867,100,30.56
26.5554,5867,100,30.59
26.5727,5867,100,30.61
26.5901,5867,100,30.58
26.6075,5867,100,30.59
26.6248,5867,100,30.64
26.6425,5867,100,30.60
26.6598,5867,100,30.59
26.6771,5867,100,30.61
26.6945,5867,100,30.60
26.7121,5867,100,30.58
26.7294,5867,100,30.59
26.7468,5867,100,30.55
26.7644,5867,100,30.58
26.7818,5867,100,30.58
26.7994,5867,100,30.60
26.8169,5867,100,30.60
26.8343,5867,100,30.58
26.8518,5867,100,30.59
26.8691,5867,100,30.58
26.8869,5867,100,30.59
26.9043,5867,100,30.61
26.9216,5867,100,30.61
26.9390,5867,100,30.62
26.9562,5867,100,30.62
26.9739,5867,100,30.61
26.9914,5867,100,30.61
27.0088,5867,100,30.61
27.0261,5867,100,30.60
27.0436,5867,100,30.60
27.0609,5867,100,30.63
27.0785,5867,100,30.63
27.0959,5867,100,30.61
27.1133,5867,100,30.59
27.1310,5867,100,30.62
27.1486,5867,100,30.63
27.1663,5867,100,30.59
27.1837,5867,100,30.58
27.2013,5867,100,30.60
27.2190,5867,100,30.61
27.2365,5867,100,30.64
27.2541,5867,100,30.63
27.2717,5867,100,30.60
27.2890,5867,100,30.61
27.3066,5867,100,30.61
27.3240,5867,100,30.60
27.3412,5867,100,30.68
27.3586,5867,100,29.23
27.3763,5867,100,29.11
27.3939,5867,100,30.60
27.4113,5867,100,30.66
27.4288,5867,100,30.65
27.4461,5867,100,30.64
27.4635,5867,100,30.71
27.4810,5867,100,30.69
27.4985,5867,100,30.69
27.5160,5867,100,30.70
27.5333,5867,100,30.69
27.5510,5867,100,30.77
27.5685,5867,100,30.78
27.5860,5867,100,30.76
27.6034,5867,100,30.77
27.6209,5867,100,30.75
27.6396,5867,100,30.79
27.6569,5867,100,30.73
27.6743,5867,100,30.80
27.6916,5867,100,30.77
27.7090,5867,100,30.73
27.7266,5867,100,30.79
27.7440,5867,100,30.76
27.7615,5867,100,30.74
27.7791,5867,100,30.79
27.7965,5867,100,30.72
27.8139,5867,100,30.74
27.8312,5867,100,30.76
27.8486,5867,100,30.78
27.8660,5867,100,30.75
27.8835,5867,100,30.74
27.9012,5867,100,30.79
27.9186,5867,100,30.78
27.9363,5867,100,30.76
27.9537,5867,100,30.80
27.9712,5867,100,30.76
27.9887,5867,100,30.80
28.0063,5867,100,30.78
28.0236,5867,100,30.79
28.0411,5867,100,30.79
28.0585,5867,100,30.80
28.0760,5867,100,30.82
28.0933,5867,100,30.80
28.1108,5867,100,30.83
28.1285,5867,100,30.82
28.1460,5867,100,30.83
28.1635,5867,100,30.84
28.1808,5867,100,30.84
28.1983,5867,100,30.82
28.2158,5867,100,30.81
28.2333,5867,100,30.82
28.2507,5867,100,30.81
28.2683,5867,100,30.83
28.2858,5867,100,30.84
28.3032,5867,100,30.84
28.3207,5867,100,30.85
28.3379,5867,100,30.85
28.3554,5867,100,30.86
28.3729,5867,100,30.85
28.3904,5867,100,30.86
28.4077,5867,100,30.85
28.4254,5867,100,30.87
28.4429,5867,100,30.87
28.4603,5867,100,30.90
28.4776,5867,100,30.88
28.4950,5867,100,30.88
28.5125,5867,100,30.90
28.5301,5867,100,30.88
28.5474,5867,100,30.91
28.5647,5867,100,30.88
28.5821,5867,100,30.90
28.5995,5867,100,30.91
28.6169,5867,100,30.93
28.6343,5867,100,30.92
28.6516,5867,100,30.97
28.6692,5867,100,30.92
28.6867,5867,100,30.89
28.7040,5867,100,30.93
28.7214,5867,100,30.92
28.7387,5867,100,30.91
28.7564,5867,100,30.94
28.7739,5867,100,30.93
28.7915,5867,100,30.99
28.8091,5867,100,31.04
28.8268,5867,100,30.95
28.8442,5867,100,30.99
28.8616,5867,100,31.05
28.8790,5867,100,30.96
28.8964,5867,100,30.97
28.9139,5867,100,31.06
28.9313,5867,100,30.99
28.9487,5867,100,30.95
28.9662,5867,100,31.00
28.9837,5867,100,31.03
29.0011,5867,100,30.97
29.0185,5867,100,31.02
29.0357,5867,100,31.02
29.0533,5867,100,30.99
29.0707,5867,100,31.01
29.0882,5867,100,31.02
29.1055,5867,100,31.00
29.1231,5867,100,31.01
29.1404,5867,100,31.04
29.1576,5867,100,31.05
29.1751,5867,100,30.99
29.1926,5867,100,31.03
29.2100,5867,100,31.01
29.2274,5867,100,31.02
29.2449,5867,100,31.02
29.2622,5867,100,31.07
29.2797,5867,100,31.06
29.2972,5867,100,31.05
29.3147,5867,100,31.06
29.3321,5867,100,31.03
29.3496,5867,100,31.03
29.3670,5867,100,31.05
29.3844,5867,100,31.06
29.4020,5867,100,31.04
29.4194,5867,100,31.05
29.4367,5867,100,31.05
29.4540,5867,100,31.04
29.4715,5867,100,31.04
29.4890,5867,100,31.06
29.5066,5867,100,31.04
29.5239,5867,100,31.05
29.5414,5867,100,31.06
29.5588,5867,100,31.05
29.5763,5867,100,31.06
29.5937,5867,100,31.08
29.6111,5867,100,31.07
29.6285,5867,100,31.06
29.6459,5867,100,31.08
29.6634,5867,100,31.09
29.6808,5867,100,31.08
29.6981,5867,100,31.08
29.7155,5867,100,31.09
29.7329,5867,100,31.08
29.7504,5867,100,31.08
29.7678,5867,100,31.07
29.7854,5867,100,31.08
29.8028,5867,100,31.07
29.8205,5867,100,31.09
29.8379,5867,100,31.09
29.8553,5867,100,31.11
29.8728,5867,100,31.08
29.8903,5867,100,31.08
29.9078,5867,100,31.09
29.9291,5867,100,31.12
29.9466,5867,100,31.14
29.9642,5867,100,31.07
29.9816,5867,100,30.39
29.9992,5867,100,29.65
30.0168,5867,100,30.26
30.0343,5867,100,31.02
30.0518,5867,100,30.99
30.0691,5867,100,31.03
30.0865,5867,100,31.05
30.1040,5867,100,31.02
30.1216,5867,100,30.99
30.1393,5867,100,31.01
30.1567,5867,100,31.09
30.1741,5867,100,31.11
30.1915,5867,100,31.05
30.2088,5867,100,31.05
30.2263,5867,100,31.12
30.2443,5867,100,31.08
30.2617,5867,100,31.06
30.2790,5867,100,31.10
30.2966,5867,100,31.03
30.3140,5867,100,31.08
30.3314,5867,100,31.08
30.3486,5867,100,31.15
30.3661,5867,100,31.11
30.3838,5867,100,31.16
30.4012,5867,100,31.05
30.4187,5867,100,31.13
30.4361,5867,100,31.09
30.4535,5867,100,31.08
30.4710,5867,100,31.09
30.4885,5867,100,31.13
30.5061,5867,100,31.16
30.5234,5867,100,31.05
30.5409,5867,100,31.14
30.5586,5867,100,31.13
30.5760,5867,100,31.18
30.5932,5867,100,31.11
30.6108,5867,100,31.16
30.6290,5867,100,31.19
30.6465,5867,100,31.14
30.6641,5867,100,31.12
30.6816,5867,100,31.13
30.6991,5867,100,31.13
30.7165,5867,100,31.16
30.7339,5867,100,31.13
30.7515,5867,100,31.16
30.7688,5867,100,31.16
30.7863,5867,100,31.15
30.8038,5867,100,31.17
30.8212,5867,100,31.17
30.8386,5867,100,31.18
30.8560,5867,100,31.18
30.8734,5867,100,31.19
30.8908,5867,100,31.18
30.9082,5867,100,31.21
30.9257,5867,100,31.21
30.9430,5867,100,31.19
30.9603,5867,100,31.21
30.9779,5867,100,31.19
30.9954,5867,100,31.20
31.0128,5867,100,31.22
31.0303,5867,100,31.19
31.0478,5867,100,31.22
31.0651,5867,100,31.22
31.0826,5867,100,31.25
31.1000,5867,100,31.24
31.1174,5867,100,31.25
31.1349,5867,100,31.25
31.1522,5867,100,31.22
31.1697,5867,100,31.25
31.1872,5867,100,31.26
31.2047,5867,100,31.25
31.2222,5867,100,31.27
31.2397,5867,100,31.26
31.2571,5867,100,31.25
31.2745,5867,100,31.27
31.2919,5867,100,31.27
31.3094,5867,100,31.27
31.3269,5867,100,31.29
31.3442,5867,100,31.28
31.3619,5867,100,31.29
31.3794,5867,100,31.29
31.3969,5867,100,31.28
31.4144,5867,100,31.36
31.4320,5867,100,31.32
31.4496,5867,100,31.29
31.4670,5867,100,31.30
31.4848,5867,100,31.29
31.5023,5867,100,31.36
31.5197,5867,100,31.34
31.5370,5867,100,31.31
31.5544,5867,100,31.35
31.5721,5867,100,31.36
31.5894,5867,100,31.35
31.6068,5867,100,31.40
31.6241,5867,100,31.39
31.6417,5867,100,31.36
31.6591,5867,100,31.40
31.6765,5867,100,31.36
31.6940,5867,100,31.39
31.7114,5867,100,31.34
31.7290,5867,100,31.40
31.7463,5867,100,31.39
31.7638,5867,100,31.34
31.7818,5867,100,31.39
31.7992,5867,100,31.38
31.8166,5867,100,31.35
31.8341,5867,100,31.39
31.8514,5867,100,31.35
31.8689,5867,100,31.34
31.8863,5867,100,31.40
31.9037,5867,100,31.38
31.9210,5867,100,31.35
31.9383,5867,100,31.36
31.9556,5867,100,31.36
31.9732,5867,100,31.38
31.9907,5867,100,31.38
32.0081,5867,100,31.41
32.0257,5867,100,31.39
32.0431,5867,100,31.36
32.0606,5867,100,31.38
32.0781,5867,100,31.39
32.0955,5867,100,31.39
32.1130,5867,100,31.37
32.1304,5867,100,31.39
32.1482,5867,100,31.39
32.1659,5867,100,31.40
32.1832,5867,100,31.42
32.2008,5867,100,31.41
32.2183,5867,100,31.40
32.2357,5867,100,31.40
32.2530,5867,100,31.40
32.2704,5867,100,31.41
32.2877,5867,100,31.40
32.3051,5867,100,31.40
32.3226,5867,100,31.41
32.3401,5867,100,31.40
32.3574,5867,100,31.41
32.3747,5867,100,31.39
32.3920,5867,100,31.42
32.4095,5867,100,31.41
32.4271,5867,100,31.43
32.4446,5867,100,31.41
32.4619,5867,100,31.42
32.4796,5867,100,31.42
32.4971,5867,100,31.42
32.5145,5867,100,31.44
32.5321,5867,100,31.42
32.5494,5867,100,31.45
32.5668,5867,100,31.44
32.5842,5867,100,31.43
32.6016,5867,100,31.47
32.6190,5867,100,31.46
32.6365,5867,100,31.48
32.6540,5867,100,31.47
32.6714,5867,100,31.47
32.6888,5867,100,31.48
32.7061,5867,100,31.47
32.7236,5867,100,31.46
32.7410,5867,100,30.10
32.7586,5867,100,30.18
32.7760,5867,100,31.41
32.7934,5867,100,31.40
32.8109,5867,100,31.49
32.8282,5867,100,31.47
32.8457,5867,100,31.41
32.8636,5867,100,31.49
32.8812,5867,100,31.42
32.8986,5867,100,31.43
32.9159,5867,100,31.43
32.9350,5867,100,31.51
32.9524,5867,100,31.47
32.9700,5867,100,31.48
32.9873,5867,100,31.45
33.0046,5867,100,31.50
33.0221,5867,100,31.52
33.0394,5867,100,31.47
33.0568,5867,100,31.48
33.0742,5867,100,31.50
33.0916,5867,100,31.50
33.1095,5867,100,31.44
33.1271,5867,100,31.46
33.1444,5867,100,31.52
33.1618,5867,100,31.47
33.1793,5867,100,31.50
33.1967,5867,100,31.50
33.2140,5867,100,31.50
33.2314,5867,100,31.50
33.2488,5867,100,31.52
33.2662,5867,100,31.55
33.2836,5867,100,31.51
33.3012,5867,100,31.53
33.3185,5867,100,31.53
33.3360,5867,100,31.52
33.3535,5867,100,31.53
33.3713,5867,100,31.54
33.3887,5867,100,31.54
33.4061,5867,100,31.55
33.4236,5867,100,31.53
33.4409,5867,100,31.57
33.4583,5867,100,31.55
33.4757,5867,100,31.52
33.4931,5867,100,31.56
33.5105,5867,100,31.55
33.5278,5867,100,31.56
33.5454,5867,100,31.57
33.5628,5867,100,31.56
33.5804,5867,100,31.56
33.5977,5867,100,31.56
33.6152,5867,100,31.53
33.6328,5867,100,31.56
33.6502,5867,100,31.58
33.6676,5867,100,31.56
33.6850,5867,100,31.56
33.7025,5867,100,31.56
33.7201,5867,100,31.58
33.7376,5867,100,31.57
33.7551,5867,100,31.55
33.7725,5867,100,31.55
33.7901,5867,100,31.56
33.8076,5867,100,31.56
33.8251,5867,100,31.57
33.8425,5867,100,31.57
33.8600,5867,100,31.59
33.8775,5867,100,31.57
33.8949,5867,100,31.56
33.9122,5867,100,31.58
33.9296,5867,100,31.57
33.9470,5867,100,31.57
33.9646,5867,100,31.62
33.9820,5867,100,31.62
33.9994,5867,100,31.59
34.0169,5867,100,31.59
34.0342,5867,100,31.61
34.0516,5867,100,31.68
34.0699,5867,100,31.65
34.0873,5867,100,31.60
34.1047,5867,100,31.63
34.1221,5867,100,31.65
34.1396,5867,100,31.60
34.1571,5867,100,31.65
34.1745,5867,100,31.66
34.1919,5867,100,31.65
34.2094,5867,100,31.68
34.2269,5867,100,31.66
34.2444,5867,100,31.70
34.2619,5867,100,31.68
34.2795,5867,100,31.70
34.2968,5867,100,31.67
34.3143,5867,100,31.73
34.3316,5867,100,31.67
34.3491,5867,100,31.65
34.3665,5867,100,31.69
34.3839,5867,100,31.68
34.4011,5867,100,31.70
34.4185,5867,100,31.64
34.4359,5867,100,31.70
34.4545,5867,100,31.71
34.4718,5867,100,31.64
34.4893,5867,100,31.67
34.5066,5867,100,31.66
34.5239,5867,100,31.68
34.5412,5867,100,31.67
34.5586,5867,100,31.71
34.5759,5867,100,31.66
34.5932,5867,100,31.67
34.6105,5867,100,31.68
34.6281,5867,100,31.67
34.6455,5867,100,31.69
34.6629,5867,100,31.71
34.6802,5867,100,31.73
34.6976,5867,100,31.71
34.7149,5867,100,31.72
34.7323,5867,100,31.73
34.7500,5867,100,31.72
34.7675,5867,100,31.74
34.7849,5867,100,31.73
34.8024,5867,100,31.73
34.8197,5867,100,31.74
34.8373,5867,100,31.75
34.8549,5867,100,31.74
34.8724,5867,100,31.73
34.8900,5867,100,31.74
34.9074,5867,100,31.74
34.9248,5867,100,31.73
34.9422,5867,100,31.74
34.9596,5867,100,31.72
34.9772,5867,100,31.74
34.9945,5867,100,31.72
35.0119,5867,100,31.72
35.0292,5867,100,31.71
35.0465,5867,100,31.71
35.0640,5867,100,31.73
35.0815,5867,100,31.72
35.0992,5867,100,31.72
35.1165,5867,100,31.71
35.1341,5867,100,31.72
35.1516,5867,100,31.71
35.1690,5867,100,31.71
35.1867,5867,100,31.71
35.2041,5867,100,31.72
35.2217,5867,100,31.74
35.2392,5867,100,31.71
35.2566,5867,100,31.74
35.2740,5867,100,31.75
35.2913,5867,100,31.74
35.3088,5867,100,31.80
35.3262,5867,100,31.76
35.3435,5867,100,31.83
35.3610,5867,100,31.80
35.3786,5867,100,31.81
35.3960,5867,100,31.85
35.4134,5867,100,31.79
35.4307,5867,100,31.78
35.4481,5867,100,31.77
35.4655,5867,100,31.81
35.4830,5867,100,31.82
35.5004,5867,100,31.78
35.5177,5867,100,31.85
35.5352,5867,100,31.78
35.5527,5867,100,31.78
35.5700,5867,100,31.83
35.5875,5867,100,31.80
35.6050,5867,100,31.84
35.6240,5867,100,31.86
35.6413,5867,100,31.83
35.6589,5867,100,31.85
35.6764,5867,100,31.79
35.6940,5867,99,31.22
35.7114,5867,100,30.18
35.7290,5867,100,30.72
35.7464,5867,100,31.82
35.7638,5867,100,31.80
35.7812,5867,100,31.81
35.7987,5867,100,31.83
35.8162,5867,100,31.85
35.8338,5867,100,31.84
35.8513,5867,100,31.81
35.8687,5867,100,31.84
35.8862,5867,100,31.80
35.9035,5867,100,31.83
35.9210,5867,100,31.82
35.9385,5867,100,31.82
35.9559,5867,100,31.83
35.9739,5867,100,31.83
35.9915,5867,100,31.84
36.0089,5867,100,31.81
36.0265,5867,100,31.81
36.0441,5867,100,31.79
36.0614,5867,100,31.84
36.0787,5867,100,31.81
36.0963,5867,100,31.81
36.1138,5867,100,31.81
36.1314,5867,100,31.81
36.1489,5867,100,31.81
36.1664,5867,100,31.79
36.1838,5867,100,31.82
36.2014,5867,100,31.81
36.2188,5867,100,31.82
36.2362,5867,100,31.81
36.2535,5867,100,31.82
36.2708,5867,100,31.82
36.2883,5867,100,31.80
36.3056,5867,100,31.80
36.3233,5867,100,31.83
36.3408,5867,100,31.82
36.3583,5867,100,31.86
36.3759,5867,100,31.85
36.3933,5867,100,31.86
36.4107,5867,100,31.85
36.4281,5867,100,31.84
36.4457,5867,100,31.86
36.4635,5867,100,31.87
36.4810,5867,100,31.86
36.4985,5867,100,31.88
36.5158,5867,100,31.85
36.5332,5867,100,31.85
36.5508,5867,100,31.86
36.5684,5867,100,31.86
36.5858,5867,100,31.86
36.6033,5867,100,31.86
36.6208,5867,100,31.86
36.6382,5867,100,31.85
36.6556,5867,100,31.90
36.6730,5867,100,31.91
36.6904,5867,100,31.87
36.7079,5867,100,31.89
36.7253,5867,100,31.87
36.7428,5867,100,31.88
36.7603,5867,100,31.93
36.7777,5867,100,31.91
36.7951,5867,100,31.93
36.8126,5867,100,31.97
36.8300,5867,100,31.89
36.8476,5867,100,31.97
36.8651,5867,100,31.98
36.8827,5867,100,31.97
36.8999,5867,100,31.94
36.9172,5867,100,31.99
36.9346,5867,100,31.96
36.9519,5867,100,32.14
36.9693,5867,100,32.00
36.9868,5867,100,32.01
37.0042,5867,100,31.97
37.0216,5867,100,32.02
37.0392,5867,100,31.98
37.0566,5867,100,31.97
37.0743,5867,100,32.03
37.0917,5867,100,31.99
37.1090,5867,100,31.98
37.1265,5867,100,31.97
37.1439,5867,100,32.01
37.1612,5867,100,32.01
37.1786,5867,100,31.97
37.1963,5867,100,31.97
37.2136,5867,100,31.99
37.2309,5867,100,31.98
37.2483,5867,100,31.99
37.2656,5867,100,31.98
37.2832,5867,100,31.98
37.3005,5867,100,31.98
37.3180,5867,100,31.96
37.3356,5867,100,31.95
37.3529,5867,100,31.96
37.3703,5867,100,31.94
37.3878,5867,100,31.95
37.4052,5867,100,31.95
37.4226,5867,100,31.93
37.4403,5867,100,31.95
37.4578,5867,100,31.94
37.4751,5867,100,31.94
37.4926,5867,100,31.93
37.5104,5867,100,31.95
37.5278,5867,100,31.94
37.5453,5867,100,31.95
37.5627,5867,100,31.97
37.5799,5867,100,31.97
37.5976,5867,100,31.98
37.6150,5867,100,31.93
37.6325,5867,100,31.94
37.6499,5867,100,31.93
37.6673,5867,100,31.95
37.6848,5867,100,31.96
37.7021,5867,100,31.96
37.7196,5867,100,31.94
37.7372,5867,100,31.93
37.7545,5867,100,31.93
37.7722,5867,100,31.90
37.7896,5867,100,31.90
37.8072,5867,100,31.86
37.8246,5867,100,31.85
37.8421,5867,100,31.87
37.8595,5867,100,31.87
37.8769,5867,100,31.88
37.8952,5867,100,31.88
37.9128,5867,100,31.86
37.9303,5867,100,31.88
37.9477,5867,100,31.83
37.9651,5867,100,31.80
37.9829,5867,100,31.79
38.0003,5867,100,31.82
38.0177,5867,100,31.78
38.0356,5867,100,31.72
38.0530,5867,100,31.68
38.0704,5867,100,31.66
38.0877,5867,100,31.64
38.1050,5867,100,31.04
38.1225,5867,100,30.62
38.1398,5867,100,31.15
38.1572,5867,100,31.92
38.1748,5867,100,31.88
38.1923,5867,100,31.93
38.2097,5867,100,31.90
38.2270,5867,100,31.94
38.2446,5867,100,31.90
38.2630,5867,100,31.94
38.2803,5867,100,31.93
38.2977,5867,100,31.97
38.3154,5867,100,31.97
38.3327,5867,100,31.97
38.3503,5867,100,31.96
38.3676,5867,100,31.94
38.3851,5867,100,31.96
38.4026,5867,100,31.93
38.4200,5867,100,31.93
38.4376,5867,100,31.95
38.4550,5867,100,31.94
38.4724,5867,100,31.92
38.4898,5867,100,31.95
38.5072,5867,100,31.93
38.5247,5867,100,31.94
38.5422,5867,100,31.95
38.5596,5867,100,31.93
38.5771,5867,100,31.96
38.5945,5867,100,31.92
38.6120,5867,100,31.93
38.6295,5867,100,31.92
38.6472,5867,100,31.95
38.6645,5867,100,31.93
38.6819,5867,100,31.91
38.6992,5867,100,31.94
38.7166,5867,100,31.92
38.7340,5867,100,31.92
38.7514,5867,100,31.92
38.7690,5867,100,31.91
38.7866,5867,100,31.92
38.8039,5867,100,31.91
38.8212,5867,100,31.92
38.8385,5867,100,31.93
38.8559,5867,100,31.92
38.8732,5867,100,31.92
38.8905,5867,100,31.93
38.9080,5867,100,31.91
38.9255,5867,100,31.92
38.9429,5867,100,31.94
38.9605,5867,100,31.92
38.9782,5867,100,31.93
38.9956,5867,100,31.93
39.0131,5867,100,31.94
39.0308,5867,100,31.94
39.0485,5867,100,31.93
39.0661,5867,100,31.95
39.0836,5867,100,31.94
39.1011,5867,100,31.95
39.1184,5867,100,31.97
39.1361,5867,100,31.95
39.1537,5867,100,31.97
39.1710,5867,100,31.99
39.1887,5867,100,31.94
39.2064,5867,100,31.95
39.2237,5867,100,32.03
39.2411,5867,100,31.97
39.2588,5867,100,31.99
39.2761,5867,100,32.03
39.2935,5867,100,31.97
39.3108,5867,100,31.98
39.3281,5867,100,31.98
39.3455,5867,100,32.02
39.3631,5867,100,32.01
39.3804,5867,100,31.98
39.3992,5867,100,32.05
39.4166,5867,100,32.02
39.4341,5867,100,32.01
39.4515,5867,100,32.06
39.4690,5867,100,32.09
39.4865,5867,100,32.06
39.5039,5867,100,32.09
39.5215,5867,100,32.04
39.5390,5867,100,32.07
39.5565,5867,100,32.09
39.5740,5867,100,32.08
39.5914,5867,100,32.03
39.6087,5867,100,32.06
39.6260,5867,100,32.06
39.6434,5867,100,32.03
39.6609,5867,100,32.03
39.6784,5867,100,32.06
39.6958,5867,100,32.09
39.7132,5867,100,32.04
39.7306,5867,100,32.07
39.7481,5867,100,32.08
39.7655,5867,100,32.04
39.7830,5867,100,32.09
39.8006,5867,100,32.09
39.8182,5867,100,32.06
39.8357,5867,100,32.09
39.8530,5867,100,32.04
39.8704,5867,100,32.06
39.8878,5867,100,32.06
39.9054,5867,100,32.04
39.9229,5867,100,32.05
39.9404,5867,100,32.02
39.9578,5867,100,32.05
39.9753,5867,100,32.03
39.9928,5867,100,32.01
40.0102,5867,100,32.05
40.0277,5867,100,32.03
40.0453,5867,100,32.04
40.0627,5867,100,32.02
40.0803,5867,100,32.06
40.0978,5867,100,32.04
40.1153,5867,100,32.06
40.1327,5867,100,32.05
40.1501,5867,100,32.04
40.1674,5867,100,32.03
40.1849,5867,100,32.02
40.2024,5867,100,32.04
40.2198,5867,100,32.04
40.2372,5867,100,32.03
40.2548,5867,100,32.04
40.2722,5867,100,32.02
40.2896,5867,100,32.02
40.3069,5867,100,32.01
40.3245,5867,100,32.03
40.3418,5867,100,32.02
40.3594,5867,100,32.09
40.3767,5867,100,32.03
40.3941,5867,100,32.02
40.4115,5867,100,32.06
40.4291,5867,100,32.04
40.4466,5867,100,31.98
40.4640,5867,100,32.04
40.4814,5867,100,32.02
40.4987,5867,100,32.03
40.5160,5867,100,32.06
40.5334,5867,100,32.06
40.5512,5867,100,32.00
40.5686,5867,100,32.02
40.5861,5867,100,32.02
40.6036,5867,100,32.02
40.6211,5867,100,32.05
40.6386,5867,100,32.00
40.6560,5867,100,31.99
40.6735,5867,100,30.96
40.6909,5867,100,30.73
40.7084,5867,100,31.97
40.7257,5867,100,32.02
40.7431,5867,100,32.04
40.7603,5867,100,32.01
40.7777,5867,100,32.02
40.7953,5867,100,32.01
40.8126,5867,100,32.03
40.8301,5867,100,32.01
40.8476,5867,100,32.04
40.8650,5867,100,32.02
40.8826,5867,100,32.00
40.8998,5867,100,32.02
40.9173,5867,100,32.01
40.9346,5867,100,32.03
40.9521,5867,100,31.99
40.9695,5867,100,32.05
40.9869,5867,100,32.00
41.0045,5867,100,32.02
41.0220,5867,100,32.00
41.0394,5867,100,32.00
41.0569,5867,100,32.01
41.0744,5867,100,31.99
41.0920,5867,100,32.01
41.1094,5867,100,31.99
41.1268,5867,100,32.03
41.1442,5867,100,32.03
41.1615,5867,100,32.01
41.1788,5867,100,32.00
41.1962,5867,100,32.04
41.2136,5867,100,32.00
41.2309,5867,100,32.04
41.2486,5867,100,32.00
41.2659,5867,100,32.03
41.2834,5867,100,32.00
41.3009,5867,100,32.01
41.3183,5867,100,32.03
41.3360,5867,100,32.04
41.3533,5867,100,32.02
41.3708,5867,100,32.05
41.3883,5867,100,32.02
41.4059,5867,100,32.03
41.4233,5867,100,32.02
41.4407,5867,100,32.03
41.4583,5867,100,32.06
41.4757,5867,100,32.05
41.4933,5867,100,32.08
41.5107,5867,100,32.10
41.5282,5867,100,32.06
41.5457,5867,100,32.06
41.5630,5867,100,32.07
41.5805,5867,100,32.06
41.5979,5867,100,32.09
41.6155,5867,100,32.05
41.6331,5867,100,32.03
41.6505,5867,100,32.08
41.6682,5867,100,32.04
41.6855,5867,100,32.06
41.7031,5867,100,32.13
41.7207,5867,100,32.10
41.7379,5867,100,32.10
41.7556,5867,100,32.08
41.7731,5867,100,32.07
41.7905,5867,100,32.05
41.8079,5867,100,32.09
41.8254,5867,100,32.12
41.8429,5867,100,32.09
41.8605,5867,100,32.11
41.8780,5867,100,32.08
41.8955,5867,100,32.07
41.9129,5867,100,32.08
41.9305,5867,100,32.10
41.9479,5867,100,32.07
41.9653,5867,100,32.12
41.9828,5867,100,32.11
42.0002,5867,100,32.09
42.0179,5867,100,32.12
42.0354,5867,100,32.13
42.0529,5867,100,32.11
42.0703,5867,100,32.08
42.0884,5867,100,32.12
42.1058,5867,100,32.07
42.1233,5867,100,32.08
42.1410,5867,100,32.12
42.1583,5867,100,32.13
42.1757,5867,100,32.11
42.1931,5867,100,32.11
42.2106,5867,100,32.11
42.2283,5867,100,32.12
42.2457,5867,100,32.11
42.2631,5867,100,32.12
42.2805,5867,100,32.14
42.2983,5867,100,32.10
42.3157,5867,100,32.12
42.3331,5867,100,32.11
42.3507,5867,100,32.08
42.3682,5867,100,32.10
42.3854,5867,100,32.11
42.4029,5867,100,32.11
42.4202,5867,100,32.12
42.4375,5867,100,32.09
42.4550,5867,100,32.12
42.4724,5867,100,32.10
42.4898,5867,100,32.12
42.5071,5867,100,32.11
42.5247,5867,100,32.09
42.5422,5867,100,32.13
42.5596,5867,100,32.09
42.5770,5867,100,32.11
42.5945,5867,100,32.10
42.6121,5867,100,32.12
42.6297,5867,100,32.12
42.6472,5867,100,32.12
42.6649,5867,100,32.13
42.6825,5867,100,32.11
42.6999,5867,100,32.12
42.7173,5867,100,32.09
42.7347,5867,100,32.12
42.7522,5867,100,32.09
42.7695,5867,100,32.14
42.7868,5867,100,32.10
42.8043,5867,100,32.15
42.8219,5867,100,32.10
42.8396,5867,100,32.15
42.8571,5867,100,32.13
42.8746,5867,100,32.12
42.8920,5867,100,32.13
42.9096,5867,100,32.13
42.9269,5867,100,32.15
42.9444,5867,100,32.13
42.9621,5867,100,32.11
42.9796,5867,100,32.13
42.9970,5867,100,32.16
43.0144,5867,100,32.16
43.0320,5867,100,32.13
43.0494,5867,100,32.17
43.0670,5867,100,32.16
43.0844,5867,100,32.11
43.1019,5867,100,32.19
43.1193,5867,100,32.15
43.1369,5867,100,32.18
43.1545,5867,100,32.12
43.1718,5867,100,32.15
43.1893,5867,100,32.15
43.2079,5867,100,32.20
43.2252,5867,100,32.19
43.2427,5867,100,32.14
43.2605,5867,100,32.11
43.2778,5867,100,32.19
43.2951,5867,100,30.83
43.3125,5867,100,31.02
43.3299,5867,100,31.83
43.3474,5867,100,32.13
43.3647,5867,100,32.14
43.3821,5867,100,32.14
43.3995,5867,100,32.17
43.4169,5867,100,32.17
43.4343,5867,100,32.16
43.4519,5867,100,32.17
43.4693,5867,100,32.16
43.4868,5867,100,32.14
43.5043,5867,100,32.17
43.5221,5867,100,32.14
43.5394,5867,100,32.17
43.5569,5867,100,32.14
43.5741,5867,100,32.15
43.5915,5867,100,32.14
43.6088,5867,100,32.11
43.6263,5867,100,32.15
43.6438,5867,100,32.13
43.6614,5867,100,32.16
43.6787,5867,100,32.14
43.6961,5867,100,32.16
43.7137,5867,100,32.15
43.7312,5867,100,32.13
43.7489,5867,100,32.15
43.7664,5867,100,32.14
43.7838,5867,100,32.15
43.8011,5867,100,32.17
43.8185,5867,100,32.17
43.8360,5867,100,32.15
43.8535,5867,100,32.15
43.8711,5867,100,32.12
43.8886,5867,100,32.16
43.9061,5867,100,32.14
43.9238,5867,100,32.16
43.9414,5867,100,32.18
43.9588,5867,100,32.14
43.9763,5867,100,32.17
43.9937,5867,100,32.17
44.0110,5867,100,32.15
44.0285,5867,100,32.18
44.0461,5867,100,32.15
44.0634,5867,100,32.18
44.0807,5867,100,32.17
44.0981,5867,100,32.15
44.1155,5867,100,32.17
44.1328,5867,100,32.16
44.1504,5867,100,32.14
44.1678,5867,100,32.17
44.1852,5867,100,32.16
44.2025,5867,100,32.14
44.2199,5867,100,32.16
44.2374,5867,100,32.13
44.2549,5867,100,32.15
44.2724,5867,100,32.17
44.2900,5867,100,32.17
44.3074,5867,100,32.19
44.3250,5867,100,32.21
44.3432,5867,100,32.22
44.3607,5867,100,32.24
44.3781,5867,100,32.24
44.3955,5867,100,32.26
44.4129,5867,100,32.25
44.4304,5867,100,32.20
44.4478,5867,100,32.23
44.4655,5867,100,32.27
44.4830,5867,100,32.22
44.5003,5867,100,32.22
44.5177,5867,100,32.26
44.5353,5867,100,32.21
44.5528,5867,100,32.22
44.5701,5867,100,32.26
44.5875,5867,100,32.23
44.6050,5867,100,32.22
44.6226,5867,100,32.28
44.6403,5867,100,32.28
44.6578,5867,100,32.24
44.6752,5867,100,32.23
44.6926,5867,100,32.31
44.7102,5867,100,32.25
44.7278,5867,100,32.26
44.7453,5867,100,32.29
44.7627,5867,100,32.20
44.7800,5867,100,32.28
44.7976,5867,100,32.29
44.8150,5867,100,32.23
44.8323,5867,100,32.26
44.8497,5867,100,32.22
44.8671,5867,100,32.26
44.8942,5867,100,32.24
44.9117,5867,100,32.37
44.9290,5867,100,32.29
44.9464,5867,100,32.32
44.9638,5867,100,32.30
44.9814,5867,100,32.29
44.9988,5867,100,32.31
45.0163,5867,100,32.29
45.0339,5867,100,32.34
45.0517,5867,100,32.30
45.0690,5867,100,32.30
45.0863,5867,100,32.28
45.1037,5867,100,32.31
45.1212,5867,100,32.30
45.1387,5867,100,32.33
45.1561,5867,100,32.32
45.1736,5867,100,32.32
45.1911,5867,100,32.34
45.2087,5867,100,32.34
45.2262,5867,100,32.33
45.2437,5867,100,32.33
45.2612,5867,100,32.32
45.2787,5867,100,32.34
45.2961,5867,100,32.33
45.3134,5867,100,32.33
45.3307,5867,100,32.34
45.3481,5867,100,32.35
45.3655,5867,100,32.34
45.3830,5867,100,32.33
45.4003,5867,100,32.34
45.4177,5867,100,32.32
45.4350,5867,100,32.32
45.4524,5867,100,32.30
45.4699,5867,100,32.28
45.4873,5867,100,32.27
45.5047,5867,100,32.27
45.5220,5867,100,32.28
45.5394,5867,100,32.25
45.5568,5867,100,32.23
45.5744,5867,100,32.22
45.5922,5867,100,32.23
45.6096,5867,100,32.22
45.6271,5867,100,32.21
45.6444,5867,100,32.24
45.6628,5867,100,32.26
45.6802,5867,100,32.23
45.6977,5867,100,32.26
45.7150,5867,100,32.26
45.7324,5867,100,32.23
45.7500,5867,100,31.06
45.7673,5867,100,31.09
45.7848,5867,100,32.26
45.8021,5867,100,32.33
45.8195,5867,100,32.35
45.8369,5867,100,32.31
45.8542,5867,100,32.35
45.8716,5867,100,32.36
45.8890,5867,100,32.30
45.9064,5867,100,32.36
45.9238,5867,100,32.33
45.9412,5867,100,32.27
45.9587,5867,100,32.28
45.9762,5867,100,32.33
45.9936,5867,100,32.27
46.0110,5867,100,32.28
46.0285,5867,100,32.31
46.0472,5867,100,32.33
46.0647,5867,100,32.28
46.0822,5867,100,32.29
46.0996,5867,100,32.30
46.1169,5867,100,32.24
46.1343,5867,100,32.25
46.1516,5867,100,32.25
46.1690,5867,100,32.24
46.1867,5867,100,32.25
46.2042,5867,100,32.27
46.2215,5867,100,32.24
46.2391,5867,100,32.24
46.2566,5867,100,32.24
46.2741,5867,100,32.27
46.2914,5867,100,32.26
46.3088,5867,100,32.23
46.3262,5867,100,32.26
46.3437,5867,100,32.24
46.3612,5867,100,32.21
46.3788,5867,100,32.23
46.3962,5867,100,32.24
46.4135,5867,100,32.23
46.4310,5867,100,32.21
46.4486,5867,100,32.24
46.4660,5867,100,32.22
46.4835,5867,100,32.21
46.5010,5867,100,32.24
46.5183,5867,100,32.20
46.5358,5867,100,32.21
46.5532,5867,100,32.20
46.5706,5867,100,32.21
46.5882,5867,100,32.25
46.6059,5867,100,32.23
46.6233,5867,100,32.22
46.6406,5867,100,32.23
46.6581,5867,100,32.23
46.6755,5867,100,32.19
46.6928,5867,100,32.21
46.7102,5867,100,32.20
46.7276,5867,100,32.20
46.7450,5867,100,32.19
46.7624,5867,100,32.17
46.7799,5867,100,32.17
46.7972,5867,100,32.17
46.8147,5867,100,32.16
46.8321,5867,100,32.17
46.8496,5867,100,32.14
46.8669,5867,100,32.15
46.8843,5867,100,32.13
46.9016,5867,100,32.14
46.9192,5867,100,32.13
46.9369,5867,100,32.12
46.9543,5867,100,32.13
46.9717,5867,100,32.11
46.9890,5867,100,32.16
47.0065,5867,100,32.13
47.0238,5867,100,32.14
47.0411,5867,100,32.13
47.0586,5867,100,32.11
47.0759,5867,100,32.10
47.0933,5867,100,32.13
47.1106,5867,100,32.15
47.1281,5867,100,32.09
47.1456,5867,100,32.15
47.1632,5867,100,32.07
47.1807,5867,100,32.07
47.1981,5867,100,32.06
47.2169,5867,100,32.10
47.2344,5867,100,32.10
47.2521,5867,100,32.05
47.2698,5867,100,32.10
47.2875,5867,100,32.03
47.3049,5867,100,32.07
47.3224,5867,100,32.05
47.3398,5867,100,32.01
47.3574,5867,100,32.00
47.3749,5867,100,32.03
47.3922,5867,100,32.05
47.4095,5867,100,32.03
47.4268,5867,100,32.06
47.4442,5867,100,32.03
47.4616,5867,100,32.03
47.4790,5867,100,31.98
47.4964,5867,100,32.01
47.5138,5867,100,31.99
47.5313,5867,100,31.98
47.5490,5867,100,32.00
47.5668,5867,100,31.97
47.5841,5867,100,31.99
47.6017,5867,100,31.96
47.6191,5867,100,31.95
47.6365,5867,100,31.95
47.6542,5867,100,31.93
47.6714,5867,100,31.92
47.6890,5867,100,31.93
47.7065,5867,100,31.92
47.7239,5867,100,31.91
47.7414,5867,100,31.88
47.7593,5867,100,31.89
47.7767,5867,100,31.89
47.7941,5867,100,31.85
47.8115,5867,100,31.84
47.8288,5867,100,31.83
47.8463,5867,100,31.82
47.8638,5867,100,31.82
47.8812,5867,100,31.82
47.8988,5867,100,31.80
47.9164,5867,100,31.80
47.9339,5867,100,31.78
47.9515,5867,100,31.75
47.9689,5867,100,31.73
47.9863,5867,100,31.74
48.0038,5867,100,31.71
48.0213,5867,100,31.71
48.0389,5867,100,31.68
48.0563,5867,100,31.68
48.0737,5867,100,31.65
48.0912,5867,99,31.27
48.1088,5867,100,30.26
48.1262,5867,100,30.49
48.1437,5867,100,31.74
48.1611,5867,100,31.73
48.1784,5867,100,31.73
48.1959,5867,100,31.74
48.2133,5867,100,31.73
48.2306,5867,100,31.75
48.2482,5867,100,31.72
48.2655,5867,100,31.74
48.2830,5867,100,31.75
48.3003,5867,100,31.75
48.3178,5867,100,31.70
48.3358,5867,100,31.76
48.3531,5867,100,31.75
48.3706,5867,100,31.70
48.3883,5867,100,31.75
48.4057,5867,100,31.71
48.4233,5867,100,31.71
48.4409,5867,100,31.73
48.4584,5867,100,31.77
48.4758,5867,100,31.69
48.4935,5867,100,31.74
48.5109,5867,100,31.69
48.5282,5867,100,31.65
48.5455,5867,100,31.72
48.5630,5867,100,31.67
48.5806,5867,100,31.68
48.5982,5867,100,31.64
48.6156,5867,100,31.63
48.6334,5867,100,31.66
48.6509,5867,100,31.60
48.6682,5867,100,31.60
48.6863,5867,100,31.64
48.7038,5867,100,31.59
48.7211,5867,100,31.63
48.7386,5867,100,31.63
48.7564,5867,100,31.59
48.7740,5867,100,31.60
48.7913,5867,100,31.57
48.8087,5867,100,31.61
48.8262,5867,100,31.60
48.8437,5867,100,31.57
48.8613,5867,100,31.59
48.8787,5867,100,31.54
48.8964,5867,100,31.59
48.9138,5867,100,31.56
48.9311,5867,100,31.55
48.9485,5867,100,31.56
48.9660,5867,100,31.52
48.9834,5867,100,31.55
49.0011,5867,100,31.54
49.0186,5867,100,31.53
49.0360,5867,100,31.55
49.0535,5867,100,31.55
49.0710,5867,100,31.51
49.0883,5867,100,31.55
49.1057,5867,100,31.52
49.1232,5867,100,31.49
49.1406,5867,100,31.52
49.1580,5867,100,31.52
49.1754,5867,100,31.48
49.1930,5867,100,31.52
49.2103,5867,100,31.52
49.2279,5867,100,31.48
49.2453,5867,100,31.51
49.2629,5867,100,31.48
49.2803,5867,100,31.48
49.2977,5867,100,31.49
49.3153,5867,100,31.47
49.3329,5867,100,31.47
49.3502,5867,100,31.49
49.3676,5867,100,31.49
49.3849,5867,100,31.45
49.4023,5867,100,31.49
49.4196,5867,100,31.52
49.4371,5867,100,31.47
49.4546,5867,100,31.48
49.4721,5867,100,31.45
49.4897,5867,100,31.50
49.5072,5867,100,31.46
49.5246,5867,100,31.42
49.5421,5867,100,31.49
49.5598,5867,100,31.47
49.5772,5867,100,31.44
49.5948,5867,100,31.50
49.6124,5867,100,31.45
49.6299,5867,100,31.43
49.6472,5867,100,31.46
49.6648,5867,100,31.43
49.6823,5867,100,31.42
49.6999,5867,100,31.44
49.7174,5867,100,31.40
49.7348,5867,100,31.42
49.7522,5867,100,31.46
49.7697,5867,100,31.41
49.7871,5867,100,31.41
49.8049,5867,100,31.47
49.8226,5867,100,31.43
49.8401,5867,100,31.41
49.8575,5867,100,31.43
49.8748,5867,100,31.40
49.8925,5867,100,31.40
49.9099,5867,100,31.42
49.9273,5867,100,31.38
49.9450,5867,100,31.41
49.9623,5867,100,31.38
49.9797,5867,100,31.37
49.9972,5867,100,31.36
50.0146,5867,100,31.35
50.0321,5867,100,31.40
50.0495,5867,100,31.39
50.0669,5867,100,31.35
50.0843,5867,100,31.35
50.1018,5867,100,31.33
50.1195,5867,100,31.32
50.1370,5867,100,31.33
50.1545,5867,100,31.33
50.1718,5867,100,31.32
50.1892,5867,100,31.30
50.2068,5867,100,31.30
50.2242,5867,100,31.30
50.2416,5867,100,31.29
50.2592,5867,100,31.31
50.2768,5867,100,31.29
50.2943,5867,100,31.28
50.3118,5867,100,31.29
50.3292,5867,100,31.29
50.3466,5867,100,31.28
50.3640,5867,100,31.27
50.3814,5867,100,31.27
50.3989,5867,100,31.28
50.4164,5867,100,31.27
50.4338,5867,100,31.28
50.4512,5867,100,31.25
50.4685,5867,100,31.24
50.4858,5867,100,31.27
50.5034,5867,100,31.25
50.5207,5867,100,31.27
50.5380,5867,100,31.24
50.5556,5867,100,31.27
50.5730,5867,100,31.24
50.5904,5867,100,31.25
50.6078,5867,100,31.23
50.6251,5867,100,31.24
50.6427,5867,100,31.25
50.6601,5867,100,31.22
50.6775,5867,100,31.22
50.6949,5867,100,31.21
50.7125,5867,100,31.23
50.7301,5867,100,31.24
50.7475,5867,100,31.24
50.7648,5867,100,31.22
50.7821,5867,100,31.23
50.7994,5867,100,31.22
50.8170,5867,100,31.21
50.8345,5867,100,31.20
50.8518,5867,100,31.20
50.8692,5867,100,31.21
50.8867,5867,100,31.22
50.9042,5867,100,31.20
50.9217,5867,100,31.21
50.9390,5867,100,31.24
50.9564,5867,100,31.16
50.9737,5867,100,31.18
50.9914,5867,100,31.15
51.0089,5867,100,31.14
51.0263,5867,100,31.17
51.0437,5867,100,31.18
51.0610,5867,100,31.18
51.0784,5867,100,31.11
51.0959,5867,100,29.75
51.1132,5867,100,29.81
51.1308,5867,100,31.08
51.1481,5867,100,31.04
51.1655,5867,100,31.06
51.1829,5867,100,31.08
51.2002,5867,100,31.05
51.2176,5867,100,31.10
51.2350,5867,100,31.02
51.2525,5867,100,31.06
51.2699,5867,100,31.08
51.2876,5867,100,31.05
51.3050,5867,100,31.05
51.3225,5867,100,31.05
51.3400,5867,100,31.08
51.3576,5867,100,31.07
51.3752,5867,100,31.03
51.3925,5867,100,31.08
51.4099,5867,100,31.04
51.4273,5867,100,31.05
51.4450,5867,100,31.06
51.4626,5867,100,31.00
51.4800,5867,100,31.04
51.4973,5867,100,31.00
51.5147,5867,100,31.03
51.5323,5867,100,31.00
51.5496,5867,100,30.99
51.5670,5867,100,30.99
51.5845,5867,100,30.97
51.6020,5867,100,31.01
51.6195,5867,100,30.99
51.6370,5867,100,30.98
51.6543,5867,100,30.98
51.6717,5867,100,30.98
51.6891,5867,100,31.00
51.7065,5867,100,30.96
51.7240,5867,100,30.99
51.7414,5867,100,30.98
51.7588,5867,100,30.94
51.7762,5867,100,30.99
51.7936,5867,100,30.95
51.8110,5867,100,30.92
51.8284,5867,100,30.96
51.8459,5867,100,30.93
51.8633,5867,100,30.96
51.8808,5867,100,30.94
51.8982,5867,100,30.90
51.9155,5867,100,30.93
51.9332,5867,100,30.90
51.9506,5867,100,30.90
51.9679,5867,100,30.91
51.9854,5867,100,30.90
52.0030,5867,100,30.91
52.0205,5867,100,30.91
52.0383,5867,100,30.92
52.0558,5867,100,30.92
52.0734,5867,100,30.95
52.0908,5867,100,30.88
52.1081,5867,100,30.88
52.1257,5867,100,30.91
52.1433,5867,100,30.87
52.1608,5867,100,30.89
52.1782,5867,100,30.88
52.1958,5867,100,30.89
52.2131,5867,100,30.88
52.2306,5867,100,30.87
52.2480,5867,100,30.91
52.2653,5867,100,30.81
52.2826,5867,100,30.90
52.3003,5867,100,30.84
52.3178,5867,100,30.83
52.3352,5867,100,30.87
52.3525,5867,100,30.83
52.3701,5867,100,30.89
52.3874,5867,100,30.88
52.4048,5867,100,30.87
52.4222,5867,100,30.84
52.4396,5867,100,30.86
52.4570,5867,100,30.88
52.4744,5867,100,30.83
52.4919,5867,100,30.82
52.5093,5867,100,30.84
52.5268,5867,100,30.84
52.5443,5867,100,30.83
52.5617,5867,100,30.85
52.5793,5867,100,30.84
52.5968,5867,100,30.84
52.6144,5867,100,30.82
52.6319,5867,100,30.85
52.6494,5867,100,30.79
52.6669,5867,100,30.80
52.6845,5867,100,30.82
52.7020,5867,100,30.80
52.7196,5867,100,30.81
52.7371,5867,100,30.81
52.7544,5867,100,30.78
52.7718,5867,100,30.80
52.7893,5867,100,30.75
52.8069,5867,100,30.77
52.8244,5867,100,30.78
52.8417,5867,100,30.78
52.8590,5867,100,30.77
52.8765,5867,100,30.74
52.8939,5867,100,30.75
52.9115,5867,100,30.72
52.9289,5867,100,30.72
52.9463,5867,100,30.74
52.9637,5867,100,30.76
52.9811,5867,100,30.72
52.9986,5867,100,30.74
53.0159,5867,100,30.76
53.0334,5867,100,30.71
53.0507,5867,100,30.74
53.0682,5867,100,30.69
53.0855,5867,100,30.72
53.1028,5867,100,30.70
53.1202,5867,100,30.75
53.1377,5867,100,30.72
53.1552,5867,100,30.68
53.1726,5867,100,30.74
53.1900,5867,100,30.67
53.2073,5867,100,30.72
53.2247,5867,100,30.66
53.2422,5867,100,30.67
53.2595,5867,100,30.68
53.2770,5867,100,30.62
53.2944,5867,100,30.67
53.3118,5867,100,30.65
53.3293,5867,100,30.64
53.3468,5867,100,30.62
53.3643,5867,100,30.62
53.3817,5867,100,30.64
53.3992,5867,100,30.58
53.4167,5867,100,30.59
53.4342,5867,100,30.61
53.4516,5867,100,30.63
53.4691,5867,100,30.59
53.4865,5867,100,30.62
53.5039,5867,100,30.65
53.5212,5867,100,30.60
53.5387,5867,100,30.62
53.5560,5867,100,30.56
53.5737,5867,100,30.58
53.5910,5867,100,30.57
53.6083,5867,100,30.54
53.6256,5867,100,30.53
53.6430,5867,100,29.17
53.6602,5867,100,29.51
53.6778,5867,100,29.99
53.6954,5867,100,30.64
53.7126,5867,100,30.60
53.7301,5867,100,30.60
53.7474,5867,100,30.67
53.7648,5867,100,30.62
53.7824,5867,100,30.55
53.7998,5867,100,30.56
53.8172,5867,100,30.59
53.8347,5867,100,30.62
53.8523,5867,100,30.63
53.8698,5867,100,30.64
53.8872,5867,100,30.60
53.9045,5867,100,30.62
53.9219,5867,100,30.59
53.9394,5867,100,30.60
53.9567,5867,100,30.62
53.9740,5867,100,30.62
53.9913,5867,100,30.62
54.0088,5867,100,30.63
54.0262,5867,100,30.63
54.0437,5867,100,30.65
54.0610,5867,100,30.60
54.0784,5867,100,30.56
54.0958,5867,100,30.61
54.1133,5867,100,30.61
54.1309,5867,100,30.63
54.1484,5867,100,30.61
54.1660,5867,100,30.64
54.1836,5867,100,30.57
54.2010,5867,100,30.64
54.2185,5867,100,30.61
54.2358,5867,100,30.60
54.2536,5867,100,30.62
54.2711,5867,100,30.57
54.2885,5867,100,30.59
54.3060,5867,100,30.55
54.3237,5867,100,30.60
54.3412,5867,100,30.56
54.3586,5867,100,30.57
54.3761,5867,100,30.57
54.3936,5867,100,30.53
54.4110,5867,100,30.56
54.4287,5867,100,30.54
54.4462,5867,100,30.54
54.4636,5867,100,30.53
54.4810,5867,100,30.54
54.4984,5867,100,30.55
54.5160,5867,100,30.52
54.5333,5867,100,30.54
54.5510,5867,100,30.50
54.5684,5867,100,30.51
54.5858,5867,100,30.53
54.6033,5867,100,30.50
54.6209,5867,100,30.54
54.6382,5867,100,30.54
54.6555,5867,100,30.55
54.6729,5867,100,30.52
54.6903,5867,100,30.51
54.7077,5867,100,30.53
54.7251,5867,100,30.50
54.7425,5867,100,30.51
54.7599,5867,100,30.52
54.7773,5867,100,30.52
54.7947,5867,100,30.52
54.8122,5867,100,30.51
54.8297,5867,100,30.51
54.8471,5867,100,30.55
54.8646,5867,100,30.50
54.8822,5867,100,30.61
54.8995,5867,100,30.56
54.9170,5867,100,30.49
54.9345,5867,100,30.57
54.9519,5867,100,30.54
54.9693,5867,100,30.48
54.9868,5867,100,30.57
55.0042,5867,100,30.54
55.0216,5867,100,30.49
55.0390,5867,100,30.57
55.0564,5867,100,30.49
55.0737,5867,100,30.55
55.0912,5867,100,30.58
55.1088,5867,100,30.56
55.1263,5867,100,30.54
55.1438,5867,100,30.57
55.1613,5867,100,30.48
55.1790,5867,100,30.50
55.1965,5867,100,30.49
55.2141,5867,100,30.52
55.2315,5867,100,30.52
55.2492,5867,100,30.48
55.2671,5867,100,30.47
55.2846,5867,100,30.52
55.3018,5867,100,30.45
55.3192,5867,100,30.50
55.3368,5867,100,30.50
55.3544,5867,100,30.48
55.3717,5867,100,30.46
55.3893,5867,100,30.50
55.4065,5867,100,30.46
55.4240,5867,100,30.47
55.4417,5867,100,30.50
55.4590,5867,100,30.46
55.4765,5867,100,30.47
55.4941,5867,100,30.50
55.5116,5867,100,30.47
55.5289,5867,100,30.47
55.5465,5867,100,30.50
55.5641,5867,100,30.47
55.5814,5867,100,30.48
55.5987,5867,100,30.46
55.6162,5867,100,30.44
55.6337,5867,100,30.48
55.6512,5867,100,30.47
55.6686,5867,100,30.46
55.6861,5867,100,30.45
55.7035,5867,100,30.44
55.7210,5867,100,30.46
55.7383,5867,100,30.48
55.7558,5867,100,30.45
55.7731,5867,100,30.43
55.7906,5867,100,30.44
55.8080,5867,100,30.43
55.8253,5867,100,30.46
55.8427,5867,100,30.46
55.8600,5867,100,30.42
55.8773,5867,100,30.43
55.8949,5867,100,30.41
55.9123,5867,100,30.38
55.9297,5867,100,30.40
55.9471,5867,100,30.37
55.9646,5867,100,30.40
55.9820,5867,100,30.39
55.9993,5867,100,30.38
56.0169,5867,100,30.38
56.0342,5867,100,30.35
56.0516,5867,100,30.40
56.0690,5867,100,30.37
56.0865,5867,100,30.36
56.1039,5867,100,30.39
56.1213,5867,100,30.45
56.1388,5867,100,30.41
56.1562,5867,100,30.35
56.1735,5867,100,30.39
56.1910,5867,100,30.37
56.2084,5867,100,30.36
56.2260,5867,100,30.46
56.2435,5867,100,30.40
56.2609,5867,100,30.39
56.2785,5867,100,30.45
56.2959,5867,100,30.39
56.3134,5867,100,30.39
56.3311,5867,100,30.40
56.3483,5867,100,30.43
56.3656,5867,100,30.36
56.3831,5867,100,30.43
56.4004,5867,100,30.43
56.4180,5867,100,30.34
56.4357,5867,100,30.35
56.4539,5867,100,30.40
56.4714,5867,100,30.38
56.4887,5867,100,30.39
56.5062,5867,100,30.41
56.5238,5867,100,30.32
56.5412,5867,100,29.06
56.5586,5867,100,29.35
56.5759,5867,100,29.62
56.5933,5867,100,30.19
56.6107,5867,100,30.19
56.6281,5867,100,30.22
56.6455,5867,100,30.21
56.6628,5867,100,30.26
56.6803,5867,100,30.24
56.6977,5867,100,30.25
56.7151,5867,100,30.20
56.7326,5867,100,30.25
56.7500,5867,100,30.24
56.7674,5867,100,30.21
56.7848,5867,100,30.22
56.8023,5867,100,30.23
56.8199,5867,100,30.19
56.8374,5867,100,30.21
56.8548,5867,100,30.20
56.8725,5867,100,30.22
56.8899,5867,100,30.21
56.9075,5867,100,30.19
56.9248,5867,100,30.18
56.9423,5867,100,30.21
56.9597,5867,100,30.20
56.9772,5867,100,30.20
56.9947,5867,100,30.18
57.0122,5867,100,30.23
57.0297,5867,100,30.18
57.0472,5867,100,30.21
57.0646,5867,100,30.19
57.0822,5867,100,30.20
57.0996,5867,100,30.20
57.1169,5867,100,30.20
57.1344,5867,100,30.18
57.1520,5867,100,30.18
57.1694,5867,100,30.19
57.1869,5867,100,30.17
57.2044,5867,100,30.19
57.2219,5867,100,30.17
57.2393,5867,100,30.19
57.2566,5867,100,30.16
57.2740,5867,100,30.19
57.2915,5867,100,30.22
57.3090,5867,100,30.27
57.3263,5867,100,30.25
57.3436,5867,100,30.25
57.3611,5867,100,30.24
57.3786,5867,100,30.19
57.3960,5867,100,30.22
57.4135,5867,100,30.26
57.4309,5867,100,30.19
57.4481,5867,100,30.26
57.4657,5867,100,30.17
57.4830,5867,100,30.16
57.5006,5867,100,30.21
57.5180,5867,100,30.25
57.5354,5867,100,30.23
57.5528,5867,100,30.25
57.5700,5867,100,30.23
57.5876,5867,100,30.24
57.6050,5867,100,30.17
57.6235,5867,100,30.22
57.6409,5867,100,30.17
57.6583,5867,100,30.18
57.6756,5867,100,30.17
57.6931,5867,100,30.16
57.7105,5867,100,30.17
57.7277,5867,100,30.18
57.7452,5867,100,30.18
57.7627,5867,100,30.20
57.7804,5867,100,30.16
57.7978,5867,100,30.19
57.8152,5867,100,30.14
57.8326,5867,100,30.17
57.8501,5867,100,30.19
57.8676,5867,100,30.16
57.8853,5867,100,30.16
57.9027,5867,100,30.16
57.9201,5867,100,30.13
57.9377,5867,100,30.17
57.9552,5867,100,30.17
57.9728,5867,100,30.17
57.9903,5867,100,30.17
58.0077,5867,100,30.16
58.0251,5867,100,30.15
58.0426,5867,100,30.17
58.0601,5867,100,30.15
58.0775,5867,100,30.15
58.0949,5867,100,30.14
58.1125,5867,100,30.17
58.1299,5867,100,30.18
58.1472,5867,100,30.18
58.1649,5867,100,30.19
58.1823,5867,100,30.19
58.1997,5867,100,30.18
58.2172,5867,100,30.19
58.2347,5867,100,30.18
58.2520,5867,100,30.15
58.2693,5867,100,30.19
58.2866,5867,100,30.18
58.3040,5867,100,30.17
58.3215,5867,100,30.20
58.3389,5867,100,30.16
58.3562,5867,100,30.17
58.3741,5867,100,30.16
58.3915,5867,100,30.17
58.4089,5867,100,30.17
58.4263,5867,100,30.15
58.4438,5867,100,30.18
58.4614,5867,100,30.18
58.4787,5867,100,30.17
58.4960,5867,100,30.24
58.5135,5867,100,30.21
58.5307,5867,100,30.16
58.5481,5867,100,30.17
58.5656,5867,100,30.17
58.5833,5867,100,30.26
58.6006,5867,100,30.17
58.6179,5867,100,30.20
58.6356,5867,100,30.25
58.6530,5867,100,30.20
58.6705,5867,100,30.18
58.6879,5867,100,30.25
58.7055,5867,100,30.21
58.7230,5867,100,30.20
58.7406,5867,100,30.26
58.7582,5867,100,30.26
58.7757,5867,100,30.20
58.7933,5867,100,30.26
58.8106,5867,100,30.20
58.8279,5867,100,30.23
58.8452,5867,100,30.20
58.8625,5867,100,30.19
58.8798,5867,100,30.26
58.8973,5867,100,30.18
58.9146,5867,100,30.20
58.9320,5867,100,30.23
58.9494,5867,100,30.22
58.9668,5867,100,30.24
58.9843,5867,100,30.20
59.0017,5867,100,30.21
59.0191,5867,100,30.21
59.0365,5867,100,30.23
59.0540,5867,100,30.22
59.0715,5867,100,30.20
59.0888,5867,100,30.23
59.1061,5867,100,30.17
59.1236,5867,100,30.20
59.1410,5867,100,30.18
59.1584,5867,100,30.21
59.1758,5867,100,30.20
59.1932,5867,100,30.18
59.2107,5867,100,30.19
59.2281,5867,100,30.17
59.2456,5867,100,30.18
59.2630,5867,100,30.23
59.2803,5867,100,30.20
59.2977,5867,100,30.21
59.3153,5867,100,30.17
59.3326,5867,100,30.19
59.3499,5867,100,30.18
59.3673,5867,100,30.16
59.3845,5867,100,29.56
59.4021,5867,100,28.76
59.4193,5867,100,29.10
59.4370,5867,100,30.13
59.4544,5867,100,30.17
59.4720,5867,100,30.20
59.4894,5867,100,30.15
59.5067,5867,100,30.17
59.5240,5867,100,30.18
59.5414,5867,100,30.16
59.5589,5867,100,30.18
59.5762,5867,100,30.16
59.5937,5867,100,30.18
59.6117,5867,100,30.19
59.6292,5867,100,30.16
59.6467,5867,100,30.12
59.6641,5867,100,30.15
59.6815,5867,100,30.13
59.6990,5867,100,30.13
59.7165,5867,100,30.18
59.7341,5867,100,30.17
59.7517,5867,100,30.16
59.7690,5867,100,30.22
59.7865,5867,100,30.14
59.8038,5867,100,30.18
59.8212,5867,100,30.20
59.8386,5867,100,30.19
59.8560,5867,100,30.15
59.8735,5867,100,30.21
59.8908,5867,100,30.19
59.9083,5867,100,30.17
59.9257,5867,100,30.22
59.9432,5867,100,30.26
59.9607,5867,100,30.15
59.9794,5867,100,30.24
59.9968,5867,100,30.16
60.0143,5867,100,30.15
60.0317,5867,100,30.19
60.0491,5867,100,30.18
60.0666,5867,100,30.18
60.0841,5867,100,30.17
60.1019,5867,100,30.16
60.1192,5867,100,30.14
60.1368,5867,100,30.21
60.1542,5867,100,30.12
60.1716,5867,100,30.19
60.1890,5867,100,30.13
60.2064,5867,100,30.23
60.2237,5867,100,30.14
60.2410,5867,100,30.18
60.2585,5867,100,30.17
60.2760,5867,100,30.16
60.2934,5867,100,30.17
60.3109,5867,100,30.12
60.3283,5867,100,30.19
60.3457,5867,100,30.15
60.3629,5867,100,30.17
60.3803,5867,100,30.16
60.3977,5867,100,30.18
60.4152,5867,100,30.14
60.4325,5867,100,30.19
60.4503,5867,100,30.23
60.4677,5867,100,30.16
60.4852,5867,100,30.23
60.5026,5867,100,30.23
60.5199,5867,100,30.19
60.5375,5867,100,30.19
60.5549,5867,100,30.17
60.5722,5867,100,30.20
60.5898,5867,100,30.18
60.6072,5867,100,30.20
60.6247,5867,100,30.21
60.6420,5867,100,30.19
60.6596,5867,100,30.22
60.6770,5867,100,30.22
60.6945,5867,100,30.21
60.7118,5867,100,30.23
60.7292,5867,100,30.23
60.7467,5867,100,30.23
60.7640,5867,100,30.25
60.7817,5867,100,30.23
60.7992,5867,100,30.22
60.8165,5867,100,30.21
60.8338,5867,100,30.21
60.8513,5867,100,30.22
60.8689,5867,100,30.21
60.8863,5867,100,30.23
60.9036,5867,100,30.22
60.9211,5867,100,30.22
60.9385,5867,100,30.22
60.9560,5867,100,30.22
60.9734,5867,100,30.25
60.9908,5867,100,30.22
61.0083,5867,100,30.25
61.0256,5867,100,30.28
61.0430,5867,100,30.25
61.0605,5867,100,30.28
61.0779,5867,100,30.31
61.0953,5867,100,30.25
61.1126,5867,100,30.27
61.1307,5867,100,30.31
61.1480,5867,100,30.30
61.1654,5867,100,30.37
61.1829,5867,100,30.39
61.2004,5867,100,30.35
61.2179,5867,100,30.39
61.2354,5867,100,30.44
61.2527,5867,100,30.40
61.2701,5867,100,30.38
61.2876,5867,100,30.37
61.3050,5867,100,30.35
61.3223,5867,100,30.33
61.3396,5867,100,30.37
61.3570,5867,100,30.39
61.3743,5867,100,30.34
61.3917,5867,100,30.39
61.4093,5867,100,30.35
61.4268,5867,100,30.38
61.4441,5867,100,30.42
61.4617,5867,100,30.38
61.4791,5867,100,30.38
61.4969,5867,100,30.40
61.5153,5867,100,30.44
61.5330,5867,100,30.37
61.5503,5867,100,30.38
61.5676,5867,100,30.38
61.5852,5867,100,30.38
61.6026,5867,100,30.40
61.6203,5867,100,30.39
61.6377,5867,100,30.42
61.6553,5867,100,30.40
61.6728,5867,100,30.38
61.6901,5867,100,30.43
61.7075,5867,100,30.40
61.7250,5867,100,30.43
61.7423,5867,100,30.43
61.7597,5867,100,30.45
61.7773,5867,100,30.40
61.7947,5867,100,30.45
61.8121,5867,100,30.44
61.8297,5867,100,30.38
61.8472,5867,100,30.44
61.8647,5867,100,30.42
61.8820,5867,100,30.47
61.8994,5867,100,30.44
61.9168,5867,100,30.43
61.9343,5867,100,30.43
61.9517,5867,100,30.44
61.9693,5867,100,30.45
61.9869,5867,100,30.43
62.0043,5867,100,30.47
62.0220,5867,100,30.45
62.0395,5867,100,30.45
62.0569,5867,100,30.48
62.0743,5867,100,30.46
62.0920,5867,100,30.46
62.1094,5867,100,30.38
62.1269,5867,100,29.13
62.1443,5867,100,29.10
62.1619,5867,100,30.32
62.1794,5867,100,30.46
62.1968,5867,100,30.45
62.2144,5867,100,30.43
62.2318,5867,100,30.46
62.2495,5867,100,30.45
62.2668,5867,100,30.50
62.2843,5867,100,30.44
62.3016,5867,100,30.48
62.3192,5867,100,30.45
62.3369,5867,100,30.46
62.3545,5867,100,30.48
62.3718,5867,100,30.43
62.3892,5867,100,30.47
62.4068,5867,100,30.47
62.4242,5867,100,30.55
62.4416,5867,100,30.49
62.4590,5867,100,30.46
62.4765,5867,100,30.52
62.4941,5867,100,30.52
62.5115,5867,100,30.56
62.5289,5867,100,30.57
62.5463,5867,100,30.52
62.5638,5867,100,30.54
62.5814,5867,100,30.50
62.5990,5867,100,30.62
62.6163,5867,100,30.52
62.6337,5867,100,30.53
62.6515,5867,100,30.63
62.6688,5867,100,30.54
62.6864,5867,100,30.57
62.7037,5867,100,30.60
62.7211,5867,100,30.56
62.7386,5867,100,30.58
62.7562,5867,100,30.58
62.7738,5867,100,30.60
62.7911,5867,100,30.63
62.8086,5867,100,30.66
62.8262,5867,100,30.60
62.8437,5867,100,30.64
62.8611,5867,100,30.68
62.8785,5867,100,30.68
62.8961,5867,100,30.61
62.9136,5867,100,30.64
62.9310,5867,100,30.64
62.9486,5867,100,30.62
62.9661,5867,100,30.68
62.9836,5867,100,30.67
63.0018,5867,100,30.67
63.0191,5867,100,30.66
63.0366,5867,100,30.71
63.0542,5867,100,30.69
63.0716,5867,100,30.67
63.0889,5867,100,30.66
63.1064,5867,100,30.66
63.1237,5867,100,30.69
63.1411,5867,100,30.72
63.1586,5867,100,30.69
63.1759,5867,100,30.71
63.1933,5867,100,30.70
63.2107,5867,100,30.72
63.2282,5867,100,30.72
63.2458,5867,100,30.70
63.2634,5867,100,30.70
63.2809,5867,100,30.75
63.2983,5867,100,30.72
63.3160,5867,100,30.72
63.3335,5867,100,30.72
63.3510,5867,100,30.70
63.3682,5867,100,30.73
63.3859,5867,100,30.74
63.4035,5867,100,30.76
63.4208,5867,100,30.76
63.4382,5867,100,30.78
63.4555,5867,100,30.78
63.4729,5867,100,30.75
63.4902,5867,100,30.76
63.5076,5867,100,30.76
63.5249,5867,100,30.79
63.5423,5867,100,30.77
63.5599,5867,100,30.73
63.5773,5867,100,30.77
63.5947,5867,100,30.76
63.6121,5867,100,30.75
63.6297,5867,100,30.77
63.6471,5867,100,30.79
63.6645,5867,100,30.76
63.6820,5867,100,30.79
63.6995,5867,100,30.77
63.7171,5867,100,30.78
63.7344,5867,100,30.81
63.7519,5867,100,30.80
63.7694,5867,100,30.81
63.7870,5867,100,30.82
63.8043,5867,100,30.85
63.8219,5867,100,30.82
63.8393,5867,100,30.82
63.8566,5867,100,30.83
63.8742,5867,100,30.84
63.8918,5867,100,30.84
63.9093,5867,100,30.86
63.9268,5867,100,30.88
63.9442,5867,100,30.86
63.9618,5867,100,30.89
63.9792,5867,100,30.86
63.9966,5867,100,30.93
64.0138,5867,100,30.89
64.0313,5867,100,30.89
64.0489,5867,100,30.92
64.0664,5867,100,30.90
64.0839,5867,100,30.94
64.1013,5867,100,30.96
64.1188,5867,100,30.94
64.1364,5886,100,30.97
64.1552,5897,100,30.96
64.1727,5896,100,30.95
64.1903,5896,100,31.03
64.2078,5896,100,31.02
64.2251,5897,100,31.01
64.2425,5897,100,30.99
64.2598,5897,100,30.97
64.2775,5897,100,31.04
64.2950,5897,100,30.97
64.3123,5897,100,30.98
64.3296,5897,100,31.00
64.3470,5897,100,30.99
64.3645,5897,100,30.97
64.3820,5897,100,31.03
64.3994,5897,100,30.99
64.4167,5897,100,30.97
64.4340,5897,100,30.97
64.4515,5897,100,31.02
64.4690,5897,100,30.99
64.4865,5897,100,31.00
64.5044,5897,100,30.97
64.5221,5897,100,31.10
64.5394,5897,100,30.98
64.5569,5897,100,31.04
64.5744,5897,100,31.01
64.5918,5897,100,31.00
64.6092,5897,100,31.05
64.6266,5897,100,30.99
64.6441,5897,100,30.95
64.6615,5897,100,30.93
64.6788,5897,100,30.97
64.6962,5897,100,31.01
64.7138,5897,100,30.95
64.7313,5897,100,30.98
64.7487,5897,100,30.96
64.7661,5897,100,30.96
64.7837,5897,100,30.98
64.8010,5897,100,30.96
64.8184,5897,100,30.97
64.8361,5897,100,30.97
64.8536,5897,100,30.97
64.8711,5897,100,30.99
64.8883,5897,100,31.01
64.9058,5897,100,30.96
64.9232,5897,100,30.97
64.9406,5897,100,29.96
64.9580,5897,100,29.49
64.9755,5897,100,30.57
64.9929,5897,100,31.05
65.0103,5897,100,31.03
65.0277,5897,100,31.06
65.0451,5897,100,31.07
65.0624,5897,100,31.07
65.0798,5897,100,31.08
65.0971,5897,100,31.09
65.1145,5897,100,31.07
65.1320,5897,100,31.11
65.1492,5897,100,31.04
65.1665,5897,100,31.04
65.1838,5897,100,31.04
65.2014,5897,100,31.08
65.2188,5897,100,31.05
65.2362,5897,100,31.05
65.2540,5897,100,31.11
65.2714,5897,100,31.09
65.2890,5897,100,31.09
65.3065,5897,100,31.08
65.3237,5897,100,31.10
65.3412,5897,100,31.16
65.3588,5897,100,31.13
65.3762,5897,100,31.12
65.3937,5897,100,31.09
65.4111,5897,100,31.12
65.4285,5897,100,31.14
65.4461,5897,100,31.13
65.4634,5897,100,31.16
65.4809,5897,100,31.12
65.4983,5897,100,31.10
65.5155,5897,100,31.13
65.5329,5897,100,31.07
65.5504,5897,100,31.07
65.5681,5897,100,31.15
65.5855,5897,100,31.17
65.6028,5897,100,31.12
65.6204,5897,100,31.15
65.6379,5897,100,31.17
65.6552,5897,100,31.13
65.6728,5897,100,31.17
65.6911,5897,100,31.19
65.7084,5897,100,31.20
65.7259,5897,100,31.17
65.7433,5897,100,31.16
65.7608,5897,100,31.20
65.7783,5897,100,31.14
65.7957,5897,100,31.17
65.8132,5897,100,31.16
65.8309,5897,100,31.18
65.8483,5897,100,31.13
65.8659,5897,100,31.17
65.8833,5897,100,31.14
65.9009,5897,100,31.19
65.9182,5897,100,31.18
65.9359,5897,100,31.17
65.9534,5897,100,31.18
65.9711,5897,100,31.17
65.9884,5897,100,31.16
66.0059,5897,100,31.17
66.0233,5897,100,31.21
66.0408,5897,100,31.21
66.0581,5897,100,31.20
66.0756,5897,100,31.21
66.0930,5897,100,31.19
66.1103,5897,100,31.20
66.1278,5897,100,31.21
66.1452,5897,100,31.21
66.1629,5897,100,31.21
66.1805,5897,100,31.21
66.1980,5897,100,31.21
66.2154,5897,100,31.20
66.2331,5897,100,31.22
66.2505,5897,100,31.24
66.2681,5897,100,31.22
66.2855,5897,100,31.21
66.3031,5897,100,31.20
66.3207,5897,100,31.22
66.3382,5897,100,31.22
66.3557,5897,100,31.23
66.3733,5897,100,31.23
66.3910,5897,100,31.24
66.4087,5897,100,31.24
66.4268,5897,100,31.32
66.4443,5897,100,31.25
66.4616,5897,100,31.22
66.4791,5897,100,31.24
66.4966,5897,100,31.20
66.5140,5897,100,31.24
66.5315,5897,100,31.21
66.5491,5897,100,31.28
66.5664,5897,100,31.25
66.5837,5897,100,31.34
66.6012,5897,100,31.27
66.6186,5897,100,31.25
66.6360,5897,100,31.32
66.6534,5897,100,31.25
66.6708,5897,100,31.24
66.6882,5897,100,31.27
66.7057,5897,100,31.34
66.7231,5897,100,31.23
66.7404,5897,100,31.33
66.7578,5897,100,31.26
66.7753,5897,100,31.31
66.7931,5897,100,31.28
66.8107,5897,100,31.34
66.8282,5897,100,31.34
66.8456,5897,100,31.30
66.8630,5897,100,31.30
66.8804,5897,100,31.33
66.8977,5897,100,31.30
66.9151,5897,100,31.34
66.9326,5897,100,31.36
66.9501,5897,100,31.28
66.9675,5897,100,31.34
66.9849,5897,100,31.33
67.0025,5897,100,31.31
67.0198,5897,100,31.30
67.0372,5897,100,31.31
67.0545,5897,100,31.36
67.0718,5897,100,31.36
67.0892,5897,100,30.52
67.1066,5897,100,29.96
67.1241,5897,100,30.36
67.1413,5897,100,31.31
67.1590,5897,100,31.32
67.1763,5897,100,31.34
67.1937,5897,100,31.35
67.2112,5897,100,31.36
67.2285,5897,100,31.37
67.2459,5897,100,31.37
67.2635,5897,100,31.38
67.2809,5897,100,31.36
67.2982,5897,100,31.38
67.3157,5897,100,31.39
67.3333,5897,100,31.40
67.3507,5897,100,31.41
67.3682,5897,100,31.41
67.3855,5897,100,31.41
67.4028,5897,100,31.44
67.4202,5897,100,31.42
67.4376,5897,100,31.44
67.4551,5897,100,31.43
67.4727,5897,100,31.39
67.4900,5897,100,31.42
67.5075,5897,100,31.39
67.5250,5897,100,31.43
67.5423,5897,100,31.41
67.5597,5897,100,31.42
67.5771,5897,100,31.44
67.5947,5897,100,31.42
67.6122,5897,100,31.43
67.6295,5897,100,31.40
67.6471,5897,100,31.42
67.6646,5897,100,31.44
67.6821,5897,100,31.43
67.6995,5897,100,31.46
67.7168,5897,100,31.43
67.7342,5897,100,31.45
67.7518,5897,100,31.43
67.7692,5897,100,31.44
67.7865,5897,100,31.44
67.8039,5897,100,31.43
67.8216,5897,100,31.46
67.8391,5897,100,31.47
67.8564,5897,100,31.45
67.8739,5897,100,31.45
67.8914,5897,100,31.47
67.9087,5897,100,31.44
67.9260,5897,100,31.42
67.9436,5897,100,31.52
67.9611,5897,100,31.46
67.9785,5897,100,31.45
67.9965,5897,100,31.52
68.0140,5897,100,31.48
68.0315,5897,100,31.47
68.0490,5897,100,31.51
68.0663,5897,100,31.52
68.0838,5897,100,31.54
68.1013,5897,100,31.52
68.1187,5897,100,31.48
68.1362,5897,100,31.54
68.1539,5897,100,31.53
68.1717,5897,100,31.51
68.1890,5897,100,31.51
68.2065,5897,100,31.52
68.2239,5897,100,31.53
68.2414,5897,100,31.46
68.2588,5897,100,31.55
68.2763,5897,100,31.53
68.2938,5897,100,31.49
68.3113,5897,100,31.50
68.3286,5897,100,31.52
68.3468,5897,100,31.55
68.3641,5897,100,31.48
68.3819,5897,100,31.54
68.3994,5897,100,31.49
68.4170,5897,100,31.50
68.4346,5897,100,31.55
68.4520,5897,100,31.52
68.4695,5897,100,31.53
68.4868,5897,100,31.54
68.5044,5897,100,31.50
68.5218,5897,100,31.57
68.5393,5897,100,31.51
68.5570,5897,100,31.52
68.5745,5897,100,31.55
68.5919,5897,100,31.51
68.6095,5897,100,31.56
68.6271,5897,100,31.53
68.6448,5897,100,31.52
68.6622,5897,100,31.58
68.6797,5897,100,31.63
68.6971,5897,100,31.63
68.7145,5897,100,31.58
68.7319,5897,100,31.53
68.7493,5897,100,31.54
68.7666,5897,100,31.54
68.7840,5897,100,31.52
68.8013,5897,100,31.56
68.8186,5897,100,31.55
68.8361,5897,100,31.52
68.8536,5897,100,31.54
68.8711,5897,100,31.53
68.8884,5897,100,31.55
68.9059,5897,100,31.57
68.9233,5897,100,31.52
68.9406,5897,100,31.55
68.9580,5897,100,31.54
68.9754,5897,100,31.54
68.9928,5897,100,31.56
69.0102,5897,100,31.61
69.0275,5897,100,31.57
69.0449,5897,100,31.56
69.0623,5897,100,31.61
69.0799,5897,100,31.58
69.0973,5897,100,31.52
69.1148,5897,100,31.55
69.1326,5897,100,31.59
69.1503,5897,100,31.62
69.1679,5897,100,31.65
69.1852,5897,100,31.63
69.2027,5897,100,31.63
69.2201,5897,100,31.61
69.2375,5897,100,31.68
69.2551,5897,100,31.58
69.2726,5897,100,31.65
69.2902,5897,100,31.71
69.3076,5897,100,31.62
69.3249,5897,100,31.63
69.3423,5897,100,31.59
69.3596,5897,100,31.61
69.3770,5897,100,31.58
69.3946,5897,100,31.66
69.4119,5897,100,31.63
69.4292,5897,100,31.62
69.4468,5897,100,31.65
69.4642,5897,100,31.59
69.4817,5897,100,31.58
69.4998,5897,100,31.62
69.5171,5897,100,31.62
69.5346,5897,100,31.63
69.5521,5897,100,31.65
69.5695,5897,100,31.64
69.5868,5897,100,31.65
69.6042,5897,100,31.59
69.6217,5897,100,31.62
69.6394,5897,100,31.64
69.6570,5897,100,31.64
69.6744,5897,100,31.62
69.6920,5897,100,31.61
69.7095,5897,100,31.62
69.7270,5897,100,31.61
69.7446,5897,100,31.64
69.7620,5897,100,31.62
69.7793,5897,100,31.63
69.7968,5897,100,31.62
69.8142,5897,100,31.62
69.8316,5897,100,31.61
69.8491,5897,100,31.61
69.8665,5897,100,31.60
69.8839,5897,100,31.64
69.9014,5897,100,31.63
69.9188,136,1,26.83
=======
0.0000,12,0,12.35
0.0177,12,0,12.14
0.0351,12,0,12.11
0.0524,237,5,12.23
0.0699,437,4,12.25
0.0874,589,0,12.26
0.1051,741,0,12.26
0.1224,921,0,12.26
0.1399,1073,0,12.28
0.1573,1225,0,12.30
0.1747,1377,0,12.29
0.1921,1577,4,12.32
0.2094,1729,4,12.33
0.2267,1881,4,12.34
0.2441,2033,4,12.36
0.2615,2213,0,12.36
0.2790,2365,0,12.35
0.2964,2565,0,12.36
0.3140,2717,1,12.39
0.3315,2869,4,12.39
0.3489,3049,4,12.38
0.3664,3201,0,12.39
0.3838,3353,0,12.40
0.4012,3553,0,12.41
0.4187,3705,0,12.41
0.4360,3857,0,12.42
0.4533,4009,0,12.42
0.4710,4161,0,12.44
0.4886,4341,0,12.44
0.5061,4493,0,12.45
0.5236,4645,0,12.44
0.5409,4797,0,12.47
0.5583,4949,0,12.47
0.5758,5101,0,12.49
0.5932,5253,0,12.49
0.6107,5453,4,12.49
0.6284,5605,4,12.54
0.6459,5757,4,12.54
0.6634,5881,4,12.54
0.6809,5901,2,12.51
0.6983,5901,0,12.49
0.7156,5901,0,12.50
0.7329,5901,0,12.51
0.7503,5901,0,12.50
0.7676,5901,0,12.53
0.7850,5901,0,12.53
0.8028,5901,0,12.56
0.8202,5901,0,12.56
0.8374,5901,5,12.57
0.8548,5901,4,12.58
0.8722,5901,4,12.58
0.8897,5901,5,12.59
0.9071,5901,3,12.59
0.9245,5901,0,12.58
0.9420,5901,0,12.61
0.9595,5901,0,12.62
0.9770,5901,0,12.64
0.9946,5901,0,12.63
1.0122,5901,0,12.64
1.0296,5901,4,12.65
1.0470,5901,4,12.68
1.0645,5901,4,12.69
1.0819,5901,4,12.69
1.0996,5901,0,12.69
1.1171,5901,0,12.72
1.1346,5901,0,12.72
1.1521,5901,0,12.71
1.1694,5901,4,12.72
1.1867,5901,4,12.74
1.2042,5901,4,12.77
1.2217,5901,0,10.70
1.2393,5901,0,10.64
1.2566,5901,0,10.70
1.2741,5901,4,12.65
1.2916,5901,5,12.88
1.3089,5901,4,12.83
1.3263,5901,2,12.82
1.3437,5901,0,12.82
1.3612,5903,75,25.07
1.3790,5903,72,21.66
1.3966,5900,100,28.00
1.4141,5900,100,28.11
1.4315,5900,100,28.03
1.4491,5900,100,28.23
1.4664,5900,100,28.12
1.4840,5900,100,28.40
1.5014,5900,100,28.12
1.5187,5900,100,28.11
1.5361,5900,100,28.12
1.5536,5900,100,28.37
1.5709,5900,100,28.46
1.5884,5900,100,28.22
1.6057,5900,100,28.24
1.6233,5900,100,28.40
1.6408,5900,100,28.57
1.6596,5900,100,28.69
1.6771,5900,100,28.61
1.6946,5900,100,28.39
1.7121,5900,100,28.48
1.7295,5900,100,28.46
1.7470,5900,100,28.47
1.7644,5900,100,28.49
1.7819,5900,100,28.55
1.7993,5900,100,28.71
1.8166,5900,100,28.75
1.8342,5900,100,28.58
1.8516,5900,100,28.60
1.8691,5900,100,28.61
1.8866,5900,100,28.63
1.9041,5900,100,28.67
1.9217,5900,100,28.70
1.9391,5900,100,28.78
1.9566,5900,100,28.98
1.9740,5900,100,28.90
1.9915,5900,100,28.77
2.0090,5900,100,28.80
2.0264,5900,100,28.83
2.0438,5900,100,28.84
2.0612,5900,100,28.85
2.0787,5900,100,29.08
2.0962,5900,100,29.20
2.1139,5900,100,28.90
2.1313,5900,100,28.93
2.1488,5900,100,28.94
2.1662,5900,100,28.96
2.1835,5900,100,28.91
2.2012,5900,100,28.89
2.2185,5900,100,29.14
2.2361,5900,100,29.24
2.2536,5900,100,29.00
2.2710,5900,100,28.99
2.2886,5900,100,29.02
2.3059,5900,100,29.03
2.3235,5900,100,29.03
2.3411,5900,100,29.09
2.3587,5900,100,29.04
2.3761,5900,100,29.30
2.3939,5900,100,29.34
2.4113,5900,100,29.15
2.4289,5900,100,29.15
2.4463,5900,100,29.20
2.4637,5900,100,29.19
2.4814,5900,100,29.51
2.4988,5900,100,29.51
2.5166,5900,100,29.42
2.5344,5900,100,29.79
2.5532,5900,100,29.49
2.5706,5900,100,29.51
2.5880,5900,100,29.66
2.6055,5900,100,29.65
2.6229,5900,100,29.66
2.6402,5900,100,29.64
2.6577,5900,100,29.73
2.6750,5900,100,29.69
2.6925,5900,100,30.67
2.7100,5900,100,30.87
2.7282,5900,100,29.78
2.7457,5900,100,29.56
2.7631,5900,100,29.68
2.7806,5900,100,29.71
2.7979,5900,100,29.68
2.8154,5900,100,29.63
2.8329,5900,100,29.65
2.8503,5900,100,29.72
2.8678,5900,100,29.80
2.8853,5900,100,29.89
2.9026,5900,100,29.77
2.9201,5900,100,29.67
2.9376,5900,100,29.72
2.9549,5900,100,29.70
2.9723,5900,100,29.69
2.9897,5900,100,29.73
3.0070,5900,100,29.73
3.0245,5900,100,29.85
3.0419,5900,100,29.96
3.0593,5900,100,29.77
3.0769,5900,100,29.74
3.0943,5900,100,29.82
3.1120,5900,100,29.75
3.1295,5900,100,29.76
3.1468,5900,100,29.76
3.1644,5900,100,29.77
3.1818,5900,100,29.93
3.1993,5900,100,29.98
3.2166,5900,100,29.79
3.2340,5900,100,29.80
3.2514,5900,100,29.82
3.2689,5900,100,29.79
3.2865,5900,100,29.82
3.3038,5900,100,29.81
3.3211,5900,100,29.92
3.3384,5900,100,30.05
3.3559,5900,100,29.94
3.3734,5900,100,29.87
3.3907,5900,100,29.88
3.4082,5900,100,29.86
3.4256,5900,100,29.86
3.4433,5900,100,29.86
3.4606,5900,100,29.85
3.4780,5900,100,30.09
3.4954,5900,100,30.09
3.5128,5900,100,29.89
3.5303,5900,100,29.92
3.5479,5900,100,29.91
3.5655,5900,100,29.93
3.5828,5900,100,29.94
3.6002,5900,100,29.96
3.6176,5900,100,30.00
3.6351,5900,100,30.15
3.6524,5900,100,30.00
3.6698,5900,100,29.94
3.6873,5900,100,29.98
3.7046,5900,100,29.98
3.7220,5900,100,29.98
3.7394,5900,100,29.99
3.7570,5900,100,29.98
3.7743,5900,100,30.09
3.7917,5900,100,30.18
3.8091,5900,100,30.00
3.8266,5900,100,30.01
3.8440,5900,100,30.02
3.8613,5900,100,30.11
3.8786,5900,100,30.07
3.8960,5900,100,29.99
3.9149,5900,100,30.12
3.9322,5900,100,30.20
3.9497,5900,100,30.22
3.9672,5900,100,30.14
3.9846,5900,100,30.05
4.0018,5900,100,30.15
4.0192,5900,100,30.33
4.0366,5900,100,30.32
4.0540,5900,100,30.35
4.0715,5900,100,30.18
4.0890,5900,100,30.13
4.1066,5900,100,30.15
4.1242,5900,100,30.22
4.1416,5900,100,30.13
4.1590,5900,100,30.19
4.1766,5900,100,30.18
4.1941,5900,100,30.28
4.2116,5900,100,28.17
4.2291,5900,100,28.90
4.2464,5900,100,29.84
4.2639,5900,100,30.38
4.2818,5900,100,30.38
4.2991,5900,100,30.41
4.3167,5900,100,30.45
4.3343,5900,100,30.35
4.3518,5900,100,30.49
4.3694,5900,100,30.38
4.3868,5900,100,30.30
4.4040,5900,100,30.30
4.4214,5900,100,30.35
4.4388,5900,100,30.48
4.4563,5900,100,30.41
4.4736,5900,100,30.32
4.4911,5900,100,30.33
4.5085,5900,100,30.33
4.5259,5900,100,30.30
4.5434,5900,100,30.29
4.5607,5900,100,30.29
4.5782,5900,100,30.33
4.5955,5900,100,30.49
4.6129,5900,100,30.41
4.6306,5900,100,30.50
4.6482,5900,100,30.48
4.6655,5900,100,31.50
4.6829,5900,100,30.37
4.7003,5900,100,30.38
4.7177,5900,100,30.35
4.7350,5900,100,30.35
4.7524,5900,100,30.29
4.7698,5900,100,30.31
4.7873,5900,100,30.29
4.8047,5900,100,30.30
4.8221,5900,100,30.27
4.8394,5900,100,30.26
4.8567,5900,100,30.27
4.8743,5900,100,30.21
4.8916,5900,100,30.22
4.9090,5900,100,30.22
4.9264,5900,100,30.19
4.9438,5900,100,30.17
4.9611,5900,100,30.16
4.9785,5900,100,30.17
4.9958,5900,100,30.17
5.0134,5900,100,30.16
5.0311,5900,100,30.17
5.0485,5900,100,30.16
5.0659,5900,100,30.13
5.0832,5900,100,30.13
5.1006,5900,100,30.12
5.1184,5900,100,30.13
5.1357,5900,100,30.10
5.1530,5900,100,30.08
5.1705,5900,100,30.07
5.1882,5900,100,30.07
5.2057,5900,100,30.11
5.2233,5900,100,30.09
5.2408,5900,100,30.06
5.2583,5900,100,30.06
5.2758,5900,100,30.06
5.2933,5900,100,30.06
5.3106,5900,100,30.08
5.3280,5900,100,30.08
5.3453,5900,100,30.06
5.3628,5900,100,30.08
5.3804,5900,100,30.03
5.3978,5900,100,30.01
5.4152,5900,100,30.02
5.4325,5900,100,30.09
5.4503,5900,100,30.03
5.4678,5900,100,30.06
5.4851,5900,100,30.06
5.5024,5900,100,30.02
5.5198,5900,100,30.03
5.5373,5900,100,30.06
5.5548,5900,100,30.00
5.5724,5900,100,30.00
5.5897,5900,100,30.03
5.6070,5900,100,30.13
5.6247,5900,100,29.92
5.6421,5900,100,29.94
5.6596,5900,100,29.95
5.6771,5900,100,29.99
5.6943,5900,100,29.90
5.7117,5900,100,29.96
5.7293,5900,100,29.89
5.7466,5900,100,29.95
5.7640,5900,100,29.91
5.7814,5900,100,29.88
5.7990,5900,100,29.86
5.8164,5900,100,29.85
5.8344,5900,100,29.90
5.8519,5900,100,29.86
5.8693,5900,100,29.84
5.8867,5900,100,29.84
5.9043,5900,100,29.83
5.9217,5900,100,29.80
5.9391,5900,100,29.82
5.9567,5900,100,29.78
5.9741,5900,100,29.76
5.9915,5900,100,29.78
6.0090,5900,100,29.76
6.0264,5900,100,29.75
6.0438,5900,100,29.72
6.0611,5900,100,29.73
6.0785,5900,100,29.75
6.0960,5900,100,29.72
6.1132,5900,100,29.72
6.1308,5900,100,29.74
6.1482,5900,100,29.70
6.1656,5900,100,29.67
6.1830,5900,100,29.69
6.2005,5900,100,29.71
6.2180,5900,100,29.71
6.2354,5900,100,29.70
6.2528,5900,100,29.67
6.2701,5900,100,29.66
6.2876,5900,100,29.62
6.3050,5900,100,29.72
6.3223,5900,100,29.61
6.3398,5900,100,29.62
6.3572,5900,100,29.60
6.3747,5900,100,29.60
6.3922,5900,100,29.59
6.4099,5900,100,29.59
6.4274,5900,100,29.57
6.4447,5900,100,29.59
6.4620,5900,100,29.60
6.4793,5900,100,29.62
6.4967,5900,100,29.60
6.5140,5900,100,29.61
6.5314,5900,100,29.59
6.5488,5900,100,29.58
6.5661,5900,100,29.62
6.5837,5900,100,29.64
6.6012,5900,100,29.58
6.6187,5900,100,29.58
6.6361,5900,100,29.59
6.6537,5900,100,29.58
6.6711,5900,100,29.59
6.6884,5900,100,29.63
6.7058,5900,100,28.81
6.7230,5900,100,27.94
6.7404,5900,100,28.41
6.7578,5900,100,29.66
6.7751,5900,100,29.70
6.7927,5900,100,29.83
6.8101,5900,100,29.74
6.8275,5900,100,29.76
6.8450,5900,100,29.73
6.8624,5900,100,29.73
6.8797,5900,100,29.69
6.8972,5900,100,29.78
6.9145,5900,100,29.72
6.9321,5900,100,29.77
6.9495,5900,100,29.80
6.9669,5900,100,29.76
6.9845,5900,100,29.68
7.0020,5900,100,29.71
7.0211,5900,100,29.77
7.0385,5900,100,29.69
7.0562,5900,100,29.74
7.0736,5900,100,29.77
7.0911,5873,100,29.73
7.1088,5901,100,31.04
7.1272,5899,100,29.85
7.1447,5900,100,29.72
7.1621,5900,100,29.80
7.1797,5901,100,29.81
7.1974,5901,100,29.86
7.2148,5901,100,29.83
7.2322,5901,100,29.80
7.2495,5901,100,29.81
7.2669,5901,100,30.09
7.2844,5901,100,29.98
7.3019,5901,100,29.91
7.3193,5901,100,29.84
7.3368,5901,100,29.88
7.3542,5901,100,29.89
7.3718,5901,100,29.88
7.3893,5901,100,29.84
7.4066,5901,100,30.00
7.4239,5901,100,30.08
7.4412,5901,100,29.93
7.4587,5901,100,29.88
7.4762,5901,100,29.93
7.4937,5901,100,29.90
7.5112,5901,100,29.95
7.5286,5901,100,29.87
7.5461,5901,100,29.90
7.5634,5901,100,30.03
7.5807,5901,100,30.05
7.5980,5901,100,29.88
7.6153,5901,100,29.87
7.6326,5901,100,29.87
7.6500,5901,100,29.85
7.6676,5901,100,29.89
7.6851,5901,100,29.89
7.7023,5901,100,29.97
7.7197,5901,100,30.09
7.7374,5901,100,30.00
7.7549,5901,100,30.09
7.7723,5901,100,30.11
7.7898,5901,100,29.93
7.8071,5901,100,29.98
7.8247,5901,100,29.95
7.8422,5901,100,29.96
7.8597,5901,100,30.05
7.8772,5901,100,29.96
7.8946,5901,100,29.97
7.9121,5901,100,30.19
7.9294,5901,100,30.08
7.9468,5901,100,30.00
7.9643,5901,100,30.01
7.9817,5901,100,30.01
7.9990,5901,100,30.00
8.0164,5901,100,30.00
8.0341,5901,100,30.02
8.0514,5901,100,30.04
8.0689,5901,100,30.23
8.0864,5901,100,30.11
8.1037,5901,100,30.03
8.1212,5901,100,30.04
8.1387,5901,100,30.05
8.1561,5901,100,30.08
8.1736,5901,100,30.06
8.1912,5901,100,30.07
8.2087,5901,100,30.18
8.2261,5901,100,30.24
8.2438,5901,100,30.17
8.2612,5901,100,30.10
8.2786,5901,100,30.11
8.2959,5901,100,30.07
8.3132,5901,100,30.10
8.3306,5901,100,30.09
8.3479,5901,100,30.17
8.3653,5901,100,30.27
8.3826,5901,100,30.16
8.4000,5901,100,30.11
8.4176,5901,100,30.15
8.4352,5901,100,30.16
8.4526,5901,100,30.15
8.4701,5901,100,30.20
8.4877,5901,100,30.18
8.5051,5901,100,30.23
8.5233,5901,100,30.36
8.5407,5901,100,30.16
8.5580,5901,100,30.14
8.5755,5901,100,30.17
8.5929,5901,100,30.21
8.6103,5901,100,30.16
8.6277,5901,100,30.16
8.6454,5901,100,30.14
8.6628,5901,100,30.31
8.6804,5901,100,30.25
8.6976,5901,100,30.16
8.7148,5901,100,30.14
8.7323,5901,100,30.21
8.7499,5901,100,30.16
8.7673,5901,100,30.19
8.7846,5901,100,30.17
8.8020,5901,100,30.28
8.8195,5901,100,30.43
8.8371,5901,100,30.19
8.8545,5901,100,30.17
8.8720,5901,100,30.18
8.8893,5901,100,30.18
8.9068,5901,100,30.18
8.9242,5901,100,30.17
8.9416,5901,100,28.53
8.9590,5901,100,29.09
8.9764,5901,100,30.00
8.9938,5901,100,30.16
9.0112,5901,100,30.19
9.0285,5901,100,30.17
9.0460,5901,100,30.23
9.0639,5901,100,30.45
9.0816,5901,100,30.37
9.0991,5901,100,30.33
9.1165,5901,100,30.40
9.1339,5901,100,30.38
9.1513,5901,100,30.47
9.1687,5901,100,30.45
9.1863,5901,100,30.34
9.2036,5901,100,30.50
9.2212,5901,100,30.44
9.2385,5901,100,30.53
9.2559,5901,100,30.32
9.2733,5901,100,30.52
9.2908,5901,100,30.53
9.3082,5901,100,30.48
9.3259,5901,100,30.54
9.3432,5901,100,30.49
9.3606,5901,100,30.48
9.3779,5901,100,30.58
9.3953,5901,100,30.50
9.4128,5901,100,30.57
9.4303,5901,100,30.51
9.4478,5901,100,30.56
9.4654,5901,100,30.60
9.4836,5901,100,30.74
9.5009,5901,100,30.69
9.5183,5901,100,30.65
9.5358,5901,100,30.54
9.5533,5901,100,30.65
9.5709,5901,100,30.58
9.5883,5901,100,30.57
9.6056,5901,100,30.68
9.6230,5901,100,30.66
9.6404,5901,100,30.68
9.6579,5901,100,30.73
9.6759,5901,100,30.45
9.6934,5901,100,30.68
9.7107,5901,100,30.72
9.7282,5901,100,30.58
9.7459,5901,100,30.71
9.7633,5901,100,30.76
9.7808,5901,100,30.66
9.7983,5901,100,30.74
9.8157,5901,100,30.61
9.8330,5901,100,30.77
9.8505,5901,100,30.61
9.8682,5901,100,30.57
9.8856,5901,100,30.52
9.9031,5901,100,30.63
9.9205,5901,100,30.72
9.9382,5901,100,30.54
9.9556,5901,100,30.69
9.9731,5901,100,30.66
9.9905,5901,100,30.62
10.0080,5901,100,30.68
10.0255,5901,100,30.52
10.0429,5901,100,30.54
10.0605,5901,100,30.59
10.0779,5901,100,30.55
10.0954,5901,100,30.49
10.1129,5901,100,30.61
10.1304,5901,100,30.53
10.1479,5901,100,30.68
10.1652,5901,100,30.57
10.1826,5901,100,30.49
10.2000,5901,100,30.46
10.2174,5901,100,30.46
10.2348,5901,100,30.46
10.2520,5901,100,30.45
10.2694,5901,100,30.47
10.2868,5901,100,30.53
10.3043,5901,100,30.60
10.3215,5901,100,30.48
10.3391,5901,100,30.48
10.3569,5901,100,30.51
10.3743,5901,100,30.49
10.3917,5901,100,30.52
10.4091,5901,100,30.51
10.4267,5901,100,30.46
10.4441,5901,100,30.70
10.4615,5901,100,30.60
10.4788,5901,100,30.52
10.4962,5901,100,30.52
10.5140,5901,100,30.46
10.5315,5901,100,30.47
10.5492,5901,100,30.44
10.5668,5901,100,30.43
10.5840,5901,100,30.45
10.6014,5901,100,30.69
10.6188,5901,100,30.41
10.6362,5901,100,30.48
10.6537,5901,100,30.44
10.6710,5901,100,30.43
10.6884,5901,100,30.47
10.7059,5901,100,30.41
10.7234,5901,100,30.38
10.7409,5901,100,30.57
10.7583,5901,100,30.58
10.7756,5901,100,30.37
10.7931,5901,100,30.44
10.8107,5901,100,30.38
10.8281,5901,100,30.42
10.8453,5901,100,30.38
10.8628,5901,100,30.41
10.8802,5901,100,30.40
10.8975,5901,100,30.60
10.9149,5901,100,30.44
10.9326,5901,100,30.41
10.9499,5901,100,30.37
10.9673,5901,100,30.42
10.9846,5901,100,30.44
11.0021,5901,100,30.37
11.0196,5901,100,30.42
11.0372,5901,100,30.45
11.0546,5901,100,30.61
11.0718,5901,100,30.47
11.0893,5901,100,30.41
11.1067,5901,100,30.40
11.1241,5901,100,30.41
11.1414,5901,100,30.38
11.1587,5901,100,30.33
11.1762,5901,100,30.40
11.1937,5901,100,30.65
11.2118,5901,100,30.47
11.2292,5901,100,30.36
11.2465,5901,100,30.38
11.2639,5901,100,30.33
11.2813,5901,100,30.33
11.2986,5901,100,30.35
11.3162,5901,100,30.38
11.3336,5901,100,30.32
11.3510,5901,100,30.54
11.3685,5901,100,30.48
11.3861,5901,100,30.29
11.4034,5901,100,30.32
11.4209,5901,100,30.25
11.4384,5901,100,30.32
11.4559,5901,100,30.26
11.4733,5901,100,30.32
11.4908,5901,100,30.34
11.5084,5901,100,30.43
11.5259,5901,100,30.23
11.5434,5901,100,30.24
11.5608,5901,100,30.22
11.5782,5901,100,30.22
11.5961,5901,100,30.23
11.6133,5901,100,30.21
11.6309,5901,100,30.22
11.6486,5901,100,30.47
11.6659,5901,100,30.27
11.6833,5901,100,30.20
11.7007,5901,100,30.23
11.7182,5901,100,30.20
11.7357,5901,100,30.19
11.7531,90,1,24.34
>>>>>>> c2e16b757775227564e724a8f9813983f039c6df
