Time_Minutes,Memory_Used_MiB,GPU_Utilization_Pct,Power_Watts
0.0000,14,0,16.31
0.0179,14,0,16.31
0.0357,14,0,16.32
0.0532,16,0,16.38
0.0704,364,0,20.54
0.0878,636,5,27.66
0.1053,892,0,27.83
0.1227,1148,5,27.63
0.1401,1404,0,27.77
0.1575,1660,0,27.65
0.1749,1916,0,27.75
0.1925,2236,0,27.79
0.2100,2492,5,27.79
0.2274,2748,0,27.78
0.2448,3004,5,27.74
0.2622,3260,5,27.82
0.2796,3516,5,27.85
0.2970,3772,2,27.90
0.3144,4028,5,27.73
0.3318,4284,0,27.79
0.3492,4540,0,27.84
0.3663,4796,0,27.82
0.3842,5052,0,27.82
0.4017,5324,0,27.91
0.4198,5564,0,27.85
0.4375,5820,0,28.01
0.4562,6012,5,27.94
0.4743,6204,0,27.86
0.4924,6396,0,27.90
0.5111,6588,0,27.90
0.5295,6780,0,27.96
0.5477,7036,5,27.88
0.5661,7292,5,27.96
0.5840,7484,4,28.03
0.6020,7676,0,27.96
0.6197,7932,5,28.08
0.6373,8124,0,28.06
0.6547,8380,5,27.91
0.6721,8572,0,27.88
0.6896,8828,5,27.91
0.7070,9020,0,27.95
0.7244,9276,0,27.91
0.7418,9468,0,28.13
0.7592,9724,1,28.11
0.7767,9916,0,28.04
0.7952,10108,0,28.02
0.8126,10364,0,27.95
0.8300,10556,0,28.11
0.8474,10764,0,28.12
0.8649,11004,0,28.25
0.8823,11260,0,28.11
0.9002,11390,0,28.33
0.9177,11390,0,28.10
0.9357,11390,0,27.83
0.9535,12612,99,50.48
0.9709,12612,100,67.09
0.9883,12612,100,61.07
1.0058,12724,99,65.70
1.0233,12724,100,61.97
1.0413,12724,99,64.05
1.0594,12724,100,69.79
1.0768,12724,99,63.46
1.0942,12724,100,62.68
1.1119,12724,100,66.26
1.1300,12724,100,59.35
1.1474,12724,100,61.51
1.1648,12724,100,58.80
1.1825,12724,99,67.93
1.2004,12724,100,63.84
1.2181,12724,100,55.94
1.2359,12724,100,68.06
1.2533,12724,100,68.03
1.2710,12724,99,67.74
1.2888,12724,100,65.90
1.3063,12724,99,68.00
1.3241,12724,99,63.49
1.3421,12838,100,68.09
1.3597,12838,99,68.10
1.3774,12838,100,59.71
1.3951,12838,99,58.04
1.4140,12838,100,60.57
1.4314,12838,99,71.78
1.4488,12838,99,68.01
1.4662,12838,100,65.45
1.4836,12958,100,63.16
1.5014,12958,99,70.73
1.5192,12958,100,61.70
1.5365,12958,100,61.15
1.5543,12958,100,64.40
1.5717,12958,99,65.18
1.5897,12958,100,67.37
1.6071,12958,100,68.27
1.6247,12958,99,62.56
1.6427,12958,100,60.42
1.6601,12958,100,69.52
1.6779,12958,100,67.54
1.6953,12958,100,58.92
1.7131,12958,99,56.92
1.7311,12958,100,66.06
1.7485,12958,100,59.87
1.7666,12958,100,59.19
1.7847,12958,99,67.49
1.8027,12958,100,69.96
1.8201,12958,100,68.20
1.8382,12958,99,65.06
1.8556,12958,100,68.38
1.8736,12958,99,63.06
1.8917,12958,100,65.51
1.9092,12958,99,70.54
1.9277,12958,100,62.09
1.9461,12958,99,58.37
1.9638,12958,99,64.09
1.9816,12958,99,61.67
1.9991,12958,100,58.39
2.0165,12958,100,58.68
2.0343,12958,100,63.91
2.0524,12958,99,68.80
2.0698,12958,100,69.50
2.0877,12958,99,60.10
2.1051,12958,100,66.86
2.1225,13082,99,61.53
2.1399,13082,100,65.71
2.1576,13082,100,68.17
2.1750,13082,100,64.78
2.1927,13082,99,57.75
2.2104,13082,100,70.21
2.2280,13082,99,65.17
2.2454,13082,99,60.60
2.2631,13082,100,68.08
2.2809,13082,100,61.07
2.2983,13082,100,71.04
2.3158,13082,100,66.12
2.3335,13214,100,72.11
2.3514,13214,100,63.30
2.3688,13214,100,69.59
2.3869,13214,100,67.71
2.4043,13214,99,70.43
2.4218,13214,100,66.50
2.4401,13214,100,68.50
2.4590,13214,100,66.50
2.4768,13214,100,67.99
2.4942,13214,99,65.35
2.5123,13214,99,67.52
2.5304,13214,100,69.35
2.5484,13214,100,66.09
2.5662,13214,100,64.93
2.5840,13214,100,68.33
2.6017,13214,99,69.73
2.6194,13214,100,66.50
2.6369,13214,99,66.59
2.6551,13214,100,69.62
2.6725,13214,100,65.78
2.6908,13214,100,69.08
2.7093,13214,100,70.54
2.7279,13350,100,59.65
2.7465,13350,100,71.49
2.7654,13350,100,63.83
2.7837,13350,100,66.32
2.8016,13350,100,66.03
2.8202,13350,100,69.11
2.8384,13350,100,66.86
2.8565,13350,99,67.18
2.8743,13350,100,68.51
2.8923,12722,100,70.68
2.9110,12962,100,65.22
2.9293,12962,99,62.47
2.9482,12962,99,65.43
2.9673,12962,99,59.75
2.9852,12962,99,70.79
3.0033,12962,99,73.23
3.0207,12962,99,65.23
3.0383,12962,99,70.85
3.0561,13094,100,65.60
3.0739,13094,100,69.66
3.0922,13094,100,70.17
3.1096,13094,99,69.17
3.1277,13094,100,65.94
3.1458,13236,100,65.52
3.1632,13236,99,67.46
3.1806,13236,99,68.55
3.1987,11802,97,66.99
3.2164,12858,100,65.73
3.2338,12858,100,68.97
3.2512,12858,99,65.93
3.2693,12858,99,71.22
3.2872,12990,99,70.40
3.3049,12990,99,66.57
3.3231,12990,99,67.68
3.3409,12990,100,67.23
3.3583,12990,100,67.44
3.3760,12990,100,70.79
3.3934,12990,99,65.15
3.4113,13124,99,71.83
3.4287,13124,100,71.24
3.4461,13124,99,63.05
3.4650,13124,99,71.22
3.4827,13124,99,68.34
3.5001,13272,100,69.93
3.5176,12656,100,71.97
3.5351,12922,100,69.40
3.5528,12922,100,72.55
3.5702,12922,100,69.06
3.5881,13060,100,70.80
3.6059,13060,100,71.42
3.6234,13060,100,69.41
3.6415,13060,100,67.63
3.6592,13060,99,64.96
3.6769,13060,100,68.34
3.6952,13060,100,67.96
3.7143,13060,100,71.61
3.7329,13060,100,67.60
3.7507,13060,100,68.50
3.7681,13200,100,62.81
3.7862,13492,99,73.55
3.8044,13492,100,67.45
3.8225,12670,100,66.83
3.8402,12820,100,69.69
3.8583,12820,100,67.90
3.8757,12820,100,68.22
3.8934,12820,100,66.92
3.9112,12820,100,67.45
3.9291,12820,100,66.32
3.9477,12820,100,67.66
3.9657,12820,100,64.41
3.9836,12820,100,70.28
4.0013,12820,100,68.43
4.0197,12820,100,66.17
4.0374,12820,99,70.29
4.0598,12820,100,72.55
4.0787,12980,99,67.15
4.0972,12980,100,68.09
4.1147,12980,99,70.46
4.1321,12842,100,67.53
4.1502,12988,99,68.28
4.1680,12988,100,69.68
4.1866,13138,100,66.89
4.2051,13138,100,66.33
4.2232,13138,100,68.49
4.2405,13138,100,71.31
4.2581,13138,100,69.94
4.2758,13138,100,67.91
4.2936,13138,99,70.21
4.3117,13138,100,66.63
4.3294,13138,100,68.95
4.3475,13290,100,67.84
4.3653,13290,100,70.25
4.3840,13450,100,68.33
4.4018,13450,100,68.93
4.4207,13322,100,70.30
4.4384,13012,100,64.68
4.4565,13308,100,68.76
4.4745,13308,100,67.62
4.4935,13308,100,69.15
4.5109,13308,100,70.28
4.5287,13308,100,69.97
4.5468,13478,100,61.81
4.5656,13478,100,66.94
4.5836,13478,100,66.98
4.6026,13478,100,70.26
4.6212,13478,100,68.33
4.6394,13478,100,67.52
4.6583,13478,100,70.19
4.6765,13478,100,67.69
4.6944,13478,99,68.27
4.7119,13478,100,65.09
4.7306,12744,97,71.60
4.7496,12900,100,66.63
4.7683,12900,100,70.05
4.7863,13068,100,65.94
4.8047,13068,100,65.13
4.8245,13068,100,70.71
4.8429,13068,100,68.25
4.8616,13068,100,70.32
4.8797,13068,100,71.00
4.8977,13068,100,66.63
4.9155,13068,100,66.43
4.9342,13068,100,72.19
4.9530,13068,100,68.95
4.9710,13068,100,69.60
4.9889,13068,100,67.65
5.0065,13068,100,67.86
5.0240,13068,100,69.47
5.0417,12840,100,61.81
5.0599,12840,100,68.46
5.0783,12840,100,65.07
5.0968,12840,100,69.28
5.1148,12840,100,69.08
5.1336,12840,100,67.35
5.1518,12840,100,66.92
5.1698,12840,100,67.99
5.1881,12840,100,67.15
5.2058,12840,100,65.99
5.2236,12840,100,69.40
5.2415,12840,100,66.11
5.2595,12840,100,67.16
5.2780,13000,100,66.10
5.2957,13000,100,68.18
5.3134,13000,100,70.34
5.3321,13000,100,65.61
5.3505,12892,97,71.81
5.3685,13352,99,67.31
5.3866,13352,100,64.11
5.4045,13352,100,66.55
5.4219,13352,100,71.93
5.4397,13352,100,69.38
5.4575,13352,100,66.43
5.4756,13352,100,68.19
5.4934,13352,100,68.91
5.5111,13538,100,70.92
5.5289,13538,100,68.83
5.5467,13538,100,67.92
5.5644,13538,100,67.77
5.5821,13538,100,70.33
5.6001,13538,100,67.17
5.6179,13538,100,69.42
5.6353,13538,100,66.85
5.6527,13538,100,68.52
5.6705,13168,100,73.21
5.6880,13168,100,69.93
5.7055,13168,100,69.90
5.7229,13168,99,70.48
5.7408,13168,100,66.81
5.7582,13168,100,67.64
5.7756,13168,100,68.14
5.7931,13168,100,67.09
5.8105,13168,100,69.92
5.8279,13168,100,66.45
5.8455,13168,100,69.14
5.8629,13168,100,72.52
5.8803,13168,100,66.88
5.8977,13168,100,71.47
5.9151,13354,100,68.97
5.9326,13354,100,69.14
5.9500,13354,100,67.44
5.9677,13354,100,68.49
5.9852,13218,100,70.54
6.0027,13564,100,70.36
6.0201,13564,100,69.81
6.0375,13564,100,67.65
6.0551,13564,100,69.22
6.0726,13938,100,69.53
6.0901,13938,100,69.94
6.1075,13938,100,68.13
6.1252,13938,100,68.93
6.1427,13938,100,66.64
6.1601,13938,100,68.60
6.1775,13938,100,69.82
6.1949,13938,100,65.11
6.2123,13938,100,71.89
6.2297,13938,100,67.89
6.2471,13938,100,66.38
6.2646,13938,100,70.00
6.2820,13938,100,64.36
6.2994,13414,100,65.48
6.3168,13414,100,67.68
6.3345,13598,100,68.19
6.3519,13598,99,67.02
6.3693,13598,100,66.86
6.3868,13598,100,71.53
6.4042,13788,100,67.21
6.4221,13788,100,69.68
6.4395,13788,100,71.64
6.4572,13788,100,66.37
6.4746,13788,99,74.02
6.4920,13788,100,71.21
6.5095,13788,99,66.86
6.5270,13788,100,68.65
6.5444,13788,100,70.12
6.5618,13992,100,69.27
6.5792,13992,100,72.05
6.5967,13992,100,65.36
6.6141,13328,100,68.90
6.6315,13518,99,72.01
6.6489,13520,100,66.12
6.6664,13520,100,65.53
6.6837,13520,100,68.90
6.7012,13520,100,67.61
6.7186,13520,100,70.16
6.7360,13714,100,72.99
6.7534,13714,100,68.82
6.7708,13714,100,71.95
6.7882,13714,100,66.15
6.8056,14118,100,71.50
6.8230,14118,100,72.08
6.8404,14118,100,62.81
6.8578,14118,100,74.45
6.8753,14118,100,65.44
6.8926,14118,99,75.39
6.9102,14118,99,71.70
6.9275,13160,99,64.29
6.9449,13542,100,66.71
6.9623,13742,100,72.18
6.9797,13742,99,66.25
6.9972,13742,100,73.05
7.0146,13742,100,68.65
7.0322,13742,100,64.81
7.0495,13742,100,70.15
7.0670,13742,100,71.53
7.0844,13742,100,69.98
7.1015,13742,100,68.75
7.1190,13944,99,74.29
7.1363,13944,100,70.94
7.1538,13944,100,68.56
7.1718,13944,99,66.18
7.1896,13944,100,72.96
7.2074,13944,100,64.11
7.2251,13946,100,68.86
7.2429,13802,100,66.14
7.2611,13260,100,67.86
7.2786,13652,99,71.92
7.2959,13652,100,64.95
7.3138,13652,100,66.15
7.3312,13652,100,70.80
7.3486,13652,100,70.58
7.3661,13652,100,67.99
7.3835,13652,100,73.53
7.4011,13652,100,66.46
7.4188,13856,100,72.74
7.4367,13856,100,65.75
7.4541,13856,100,71.62
7.4719,13856,99,73.91
7.4897,14066,100,68.38
7.5071,14066,100,72.47
7.5245,14280,100,66.13
7.5421,14280,100,72.83
7.5595,14280,100,69.69
7.5773,13586,100,67.84
7.5948,13586,100,70.56
7.6122,13586,100,64.42
7.6297,13588,100,72.57
7.6474,13588,100,67.51
7.6649,13588,99,69.73
7.6823,13588,100,72.22
7.6997,13588,100,69.32
7.7172,13588,100,69.74
7.7346,13588,100,70.86
7.7525,13588,100,61.51
7.7699,13588,100,63.70
7.7873,13588,100,73.21
7.8048,13588,100,71.74
7.8222,13588,100,69.58
7.8400,13588,100,61.09
7.8577,13588,100,62.25
7.8755,13588,100,71.20
7.8929,13472,99,63.36
7.9103,13686,100,67.10
7.9278,13686,100,70.43
7.9455,13686,100,61.82
7.9633,13686,100,67.83
7.9807,13906,100,73.90
7.9981,13906,100,70.23
8.0155,13906,100,68.55
8.0329,13906,100,63.88
8.0503,14130,100,74.94
8.0680,14130,100,72.34
8.0855,14130,100,68.67
8.1029,14130,100,65.58
8.1204,14130,100,67.83
8.1378,14132,100,66.05
8.1552,14132,100,70.78
8.1727,14132,100,66.38
8.1900,14132,100,66.10
8.2075,14132,100,72.49
8.2252,13692,100,73.53
8.2427,13900,100,73.85
8.2608,13900,100,71.71
8.2782,14110,100,72.93
8.2959,14330,100,70.27
8.3134,14330,100,63.47
8.3308,14330,100,64.41
8.3483,14330,100,70.47
8.3657,14330,100,70.93
8.3834,14330,99,66.77
8.4012,14330,100,63.98
8.4187,14332,99,72.92
8.4361,14332,100,70.89
8.4535,14332,100,71.60
8.4710,14332,100,62.94
8.4884,14332,100,66.71
8.5058,14332,100,76.45
8.5233,14332,100,72.10
8.5410,14562,100,69.97
8.5588,13614,100,73.58
8.5765,14050,100,71.02
8.5938,14050,100,67.65
8.6114,14050,99,62.01
8.6288,14050,100,66.94
8.6465,14050,100,68.04
8.6639,14050,100,74.95
8.6817,14050,100,71.87
8.6991,14050,100,67.45
8.7166,14050,100,61.09
8.7341,14050,100,61.35
8.7515,14050,100,68.28
8.7689,14050,100,71.62
8.7864,14050,100,72.70
8.8038,14050,100,68.60
8.8212,14050,100,66.05
8.8386,14050,100,67.71
8.8560,14050,100,62.95
8.8734,14052,100,70.83
8.8909,14074,100,64.91
8.9084,14074,99,63.96
8.9258,14298,100,63.13
8.9432,14526,100,69.89
8.9607,14526,100,75.99
8.9782,14768,100,66.85
8.9956,14768,100,64.04
9.0130,14768,100,62.13
9.0304,14768,100,67.30
9.0482,14768,100,71.84
9.0660,14768,100,70.82
9.0834,14768,100,64.66
9.1008,14768,100,70.81
9.1183,14768,100,69.20
9.1358,14768,100,66.61
9.1532,14768,100,61.85
9.1706,14768,100,68.44
9.1881,14768,100,75.23
9.2055,14768,100,71.29
9.2228,14124,100,62.80
9.2403,14354,100,69.70
9.2577,14586,100,70.60
9.2755,14586,99,75.43
9.2929,14586,100,75.56
9.3103,14586,100,70.20
9.3277,14834,100,71.11
9.3451,14834,99,71.03
9.3627,14834,100,72.07
9.3801,14834,100,73.08
9.3978,14834,100,72.89
9.4153,14834,100,76.86
9.4332,14834,100,75.02
9.4506,14834,100,64.31
9.4680,14834,100,67.81
9.4855,14834,100,70.05
9.5031,14834,100,75.19
9.5205,14834,100,74.16
9.5379,14834,100,74.07
9.5553,13734,100,67.39
9.5727,13736,100,67.00
9.5905,13736,100,63.53
9.6079,13974,100,62.61
9.6260,13974,100,70.20
9.6434,13974,99,71.12
9.6609,13974,100,71.89
9.6783,13974,100,67.95
9.6956,13974,100,62.09
9.7131,13974,100,68.83
9.7309,13974,100,70.84
9.7483,13974,100,69.72
9.7657,14226,100,71.12
9.7832,14226,100,71.16
9.8007,14226,100,71.11
9.8181,14226,100,71.85
9.8355,14226,100,72.12
9.8529,14226,100,74.97
9.8703,14226,100,63.92
9.8877,14096,100,67.01
9.9052,14322,100,69.26
9.9226,14322,100,62.79
9.9402,14322,100,66.67
9.9576,14552,100,65.14
9.9750,15034,100,68.93
9.9924,15034,100,70.99
10.0099,15034,100,70.37
10.0273,15034,100,69.43
10.0447,15034,100,74.75
10.0621,15034,100,72.40
10.0795,15034,100,65.91
10.0969,15034,100,65.66
10.1145,15034,100,71.11
10.1320,15034,100,71.26
10.1494,15034,99,74.04
10.1669,15034,100,68.03
10.1842,15034,99,65.08
10.2016,15034,100,70.32
10.2191,13864,100,72.15
10.2364,13866,100,68.57
10.2539,14342,100,64.43
10.2713,14604,100,71.54
10.2888,14604,100,76.84
10.3063,14604,100,68.77
10.3237,14604,100,63.70
10.3411,14604,100,69.48
10.3584,14604,100,70.95
10.3763,14604,100,75.00
10.3945,14604,100,69.24
10.4119,14604,100,63.00
10.4293,14604,100,71.15
10.4467,14604,100,72.69
10.4641,14604,100,73.07
10.4814,14604,100,76.07
10.4990,14604,100,75.68
10.5167,14604,100,63.78
10.5341,14606,100,66.64
10.5515,14606,100,71.25
10.5689,14272,99,70.26
10.5864,14972,100,69.65
10.6038,14972,100,70.45
10.6212,15504,100,72.93
10.6385,15504,100,70.96
10.6559,15504,100,63.03
10.6733,15796,100,71.51
10.6908,15796,100,69.50
10.7082,15796,100,67.77
10.7257,16090,100,69.52
10.7431,16090,100,68.44
10.7608,16090,100,69.24
10.7783,16090,100,69.09
10.7957,16090,100,72.25
10.8131,16090,100,70.10
10.8304,16388,100,66.49
10.8479,16388,100,68.12
10.8659,16388,100,68.61
10.8834,16388,100,68.50
10.9008,16716,100,71.33
10.9182,13908,100,67.74
10.9356,13908,100,68.80
10.9531,13908,100,69.75
10.9706,13908,100,68.60
10.9881,13908,100,69.59
11.0056,13908,100,68.78
11.0232,13908,100,69.03
11.0405,13908,100,69.22
11.0579,13908,99,67.71
11.0753,13908,100,68.60
11.0931,13908,100,72.76
11.1105,14128,100,67.90
11.1280,14128,100,67.66
11.1454,14128,100,70.60
11.1628,14128,100,68.51
11.1803,14350,100,71.16
11.1977,14350,100,69.42
11.2152,13790,100,71.20
11.2327,14164,100,70.20
11.2503,14362,100,69.76
11.2680,14362,99,69.18
11.2855,14362,100,70.14
11.3029,14574,100,69.46
11.3205,14574,100,70.99
11.3379,14574,100,71.23
11.3554,14574,100,71.90
11.3729,14574,100,67.00
11.3904,14574,100,69.74
11.4078,14574,100,69.73
11.4253,14574,100,67.00
11.4431,14574,100,67.75
11.4608,14804,99,71.01
11.4782,14804,100,72.19
11.4957,14804,100,72.11
11.5132,14042,100,68.05
11.5307,14042,100,67.64
11.5481,14254,100,69.49
11.5655,14254,99,70.40
11.5832,14254,100,69.81
11.6007,14254,100,69.47
11.6182,14254,100,69.63
11.6358,14254,100,70.69
11.6532,14254,100,70.52
11.6706,14254,100,71.43
11.6880,14254,100,70.75
11.7060,14482,99,67.13
11.7238,14482,100,67.53
11.7415,14482,100,70.47
11.7590,14482,100,66.15
11.7763,14482,100,69.89
11.7937,14482,100,67.22
11.8112,14112,100,70.39
11.8287,14506,100,67.24
11.8461,14506,100,71.99
11.8635,14724,100,69.50
11.8816,14724,100,67.96
11.8991,14958,100,72.48
11.9166,14958,100,68.48
11.9341,14958,100,68.19
11.9515,14958,100,69.07
11.9688,14958,100,69.94
11.9863,14958,100,68.81
12.0037,14958,100,68.03
12.0212,14958,100,70.45
12.0387,14958,100,69.56
12.0562,14958,100,68.65
12.0735,14958,100,70.24
12.0909,14958,100,68.82
12.1084,13948,100,68.25
12.1262,13948,100,69.45
12.1438,14170,99,69.53
12.1612,14170,100,67.29
12.1789,14170,100,69.60
12.1963,14170,99,70.03
12.2141,14406,100,70.66
12.2317,14406,100,69.84
12.2493,14406,100,69.17
12.2667,14406,100,69.32
12.2841,14406,100,70.39
12.3016,14406,100,70.51
12.3190,14406,100,70.08
12.3371,14406,100,70.57
12.3552,14406,100,69.57
12.3729,14406,100,69.20
12.3904,14406,100,70.51
12.4079,14560,100,69.00
12.4254,14622,100,71.56
12.4433,14622,100,69.73
12.4614,14864,100,69.98
12.4793,14864,100,69.84
12.4967,14864,100,69.65
12.5145,14864,100,70.95
12.5319,14864,99,71.01
12.5494,14864,100,70.32
12.5672,14864,100,70.26
12.5850,14864,100,68.54
12.6031,14864,100,68.67
12.6205,14864,100,69.28
12.6379,14864,100,69.44
12.6555,14864,100,68.81
12.6736,15108,100,67.23
12.6912,15108,100,68.10
12.7089,15354,100,71.50
12.7270,14452,100,69.49
12.7451,14906,100,70.62
12.7627,15144,100,68.81
12.7802,15144,100,70.28
12.7982,15144,100,69.98
12.8158,15144,100,68.18
12.8339,15144,100,72.28
12.8513,15144,100,68.01
12.8691,15144,100,68.74
12.8868,15144,100,70.06
12.9043,15144,100,70.95
12.9221,15144,100,68.49
12.9403,15144,100,68.90
12.9584,15144,100,69.28
12.9759,15144,100,69.04
12.9936,15144,100,71.01
13.0114,15144,100,68.87
13.0292,14518,100,67.70
13.0468,14746,100,70.67
13.0645,14746,100,69.62
13.0819,14746,100,72.49
13.0994,14986,100,65.73
13.1171,14986,100,70.11
13.1346,15238,100,67.19
13.1529,15238,100,71.12
13.1706,15238,100,70.42
13.1883,15238,100,68.21
13.2062,15238,100,71.10
13.2243,15238,100,67.79
13.2418,15238,100,71.40
13.2598,15238,100,68.66
13.2773,15238,100,70.18
13.2951,15238,100,71.26
13.3131,15238,100,69.82
13.3310,15238,100,72.36
13.3487,14248,100,69.48
13.3662,14492,99,70.57
13.3835,14492,100,67.79
13.4013,14748,100,67.20
13.4190,14748,100,70.20
13.4367,14748,100,71.08
13.4542,14748,100,69.61
13.4724,14748,100,70.71
13.4899,14748,100,71.92
13.5074,14748,100,68.76
13.5250,14748,100,69.87
13.5427,14748,100,70.64
13.5602,14748,100,68.85
13.5777,14748,100,72.92
13.5951,14748,100,67.72
13.6126,14748,100,69.29
13.6300,14748,100,70.29
13.6475,14528,98,71.31
13.6650,14958,100,68.51
13.6825,14958,100,70.61
13.7004,14958,100,69.67
13.7181,14958,100,70.67
13.7359,15206,100,68.48
13.7533,15206,100,70.10
13.7714,15464,100,70.71
13.7892,15464,100,70.39
13.8066,15464,99,69.67
13.8240,15724,100,67.71
13.8415,15724,100,71.21
13.8596,15724,100,68.02
13.8770,15724,100,67.03
13.8948,15724,100,71.37
13.9125,15724,100,70.64
13.9300,15724,99,70.67
13.9481,15724,100,72.22
13.9655,14722,100,69.26
13.9830,15180,100,73.67
14.0007,15180,100,71.07
14.0182,15180,100,68.16
14.0357,15180,100,73.70
14.0531,15180,100,68.40
14.0709,15180,100,70.36
14.0884,15442,99,66.35
14.1062,15442,100,70.30
14.1236,15442,100,71.34
14.1411,15442,100,73.59
14.1590,15442,100,70.20
14.1769,15442,100,68.46
14.1942,15442,100,71.57
14.2124,15442,100,69.83
14.2300,15442,100,67.89
14.2477,15442,100,73.92
14.2658,15442,100,69.76
14.2832,14400,100,70.57
14.3006,14892,100,72.38
14.3181,14892,100,71.16
14.3355,14892,100,71.66
14.3530,14892,100,68.70
14.3705,14892,100,76.09
14.3886,14892,100,69.23
14.4061,14892,100,71.12
14.4242,14892,100,70.65
14.4420,14892,100,67.29
14.4595,14892,100,70.08
14.4772,14892,100,67.89
14.4949,14892,100,71.98
14.5124,14892,100,70.84
14.5299,14892,100,69.49
14.5476,14892,100,67.81
14.5654,14892,100,71.89
14.5829,14892,100,67.74
14.6007,14726,98,68.93
14.6183,14958,100,70.96
14.6357,15206,100,70.87
14.6531,15478,100,68.23
14.6705,15478,100,70.21
14.6881,15478,100,68.38
14.7056,15478,100,66.41
14.7229,15478,100,72.07
14.7403,15478,100,69.54
14.7577,15478,100,68.93
14.7753,15478,100,75.50
14.7927,15478,100,68.14
14.8101,15478,100,71.93
14.8280,15478,99,71.00
14.8454,15478,100,68.81
14.8629,15478,100,73.32
14.8803,15478,100,69.28
14.8982,15478,100,73.12
14.9156,15478,100,70.37
14.9331,14784,100,65.21
14.9512,15028,100,72.70
14.9687,15028,100,74.70
14.9861,15028,100,68.67
15.0035,15272,100,67.65
15.0210,15520,99,70.93
15.0384,15782,100,67.67
15.0559,15782,100,67.15
15.0736,15782,100,66.97
15.0911,16058,100,74.72
15.1085,16058,100,70.12
15.1259,16058,100,66.89
15.1435,16058,100,75.87
15.1611,16058,100,72.79
15.1785,16058,100,71.08
15.1960,16058,100,69.02
15.2135,16058,100,71.21
15.2309,16058,100,69.44
15.2484,14876,100,68.99
15.2658,15130,100,73.77
15.2833,15400,100,75.84
15.3009,15400,100,73.96
15.3183,15400,100,73.32
15.3357,15400,100,70.01
15.3531,15400,100,66.17
15.3706,15400,100,68.58
15.3882,15400,100,70.00
15.4057,15400,100,67.00
15.4231,15400,100,68.45
15.4405,15400,100,69.46
15.4580,15400,100,69.94
15.4753,15400,100,69.24
15.4928,15400,100,72.21
15.5102,15400,100,73.94
15.5278,15400,100,68.45
15.5453,15400,100,67.29
15.5628,15680,100,66.22
15.5801,14994,100,70.51
15.5977,15252,100,69.89
15.6152,15510,100,66.83
15.6326,15510,100,70.54
15.6504,15510,100,68.19
15.6678,15510,100,73.64
15.6853,15510,100,75.51
15.7028,16044,100,74.21
15.7203,16044,100,73.29
15.7378,16044,99,72.04
15.7555,16044,100,68.25
15.7734,16044,100,72.08
15.7908,16324,99,73.50
15.8082,16324,100,70.86
15.8256,16324,100,68.38
15.8431,16608,100,69.94
15.8606,16608,100,69.01
15.8780,16608,100,68.49
15.8955,16608,100,67.56
15.9130,15116,99,69.73
15.9305,15116,100,68.57
15.9479,15116,100,69.32
15.9653,15116,100,74.63
15.9831,15116,100,68.29
16.0006,15116,100,68.11
16.0181,15398,100,68.13
16.0355,15398,100,66.36
16.0529,15398,100,66.57
16.0703,15398,100,67.55
16.0878,15398,100,69.76
16.1053,15398,100,66.31
16.1235,15682,100,68.29
16.1410,15682,100,66.96
16.1585,15682,100,67.45
16.1759,15682,100,68.42
16.1937,15682,100,68.17
16.2113,15682,100,66.94
16.2287,15682,100,71.89
16.2463,15036,100,69.74
16.2637,15288,100,73.61
16.2812,15560,100,73.86
16.2987,15560,100,74.75
16.3161,15560,100,74.48
16.3337,15838,100,73.44
16.3511,15838,100,71.29
16.3685,15838,100,67.98
16.3861,15838,100,71.07
16.4042,15838,100,69.62
16.4216,15838,100,70.32
16.4391,15838,100,69.02
16.4566,15838,100,65.83
16.4740,15838,100,66.88
16.4918,15838,100,72.33
16.5092,15838,100,67.52
16.5266,16118,100,68.51
16.5441,16118,100,69.66
16.5617,16406,100,69.94
16.5791,14906,100,74.56
16.5965,15188,100,70.10
16.6144,15188,100,73.33
16.6317,15188,100,71.80
16.6493,15188,100,71.06
16.6667,15188,100,69.14
16.6841,15482,100,68.59
16.7014,15482,100,67.65
16.7189,15482,100,69.81
16.7364,15482,100,66.72
16.7538,15482,100,66.95
16.7712,15482,100,69.67
16.7886,15482,100,70.39
16.8062,15482,100,66.63
16.8236,15482,100,66.48
16.8413,15482,100,67.54
16.8588,15482,100,67.64
16.8763,15482,100,73.73
16.8938,15482,100,73.34
16.9112,13352,28,66.54
16.9286,13352,0,31.59
16.9461,13352,0,31.25
16.9636,13352,0,31.13
16.9810,13352,0,31.13
16.9985,13352,0,31.12
17.0159,13352,0,30.85
17.0334,13352,0,30.84
17.0516,13352,0,30.85
17.0702,13352,0,30.80
17.0889,15256,100,43.65
17.1064,15526,100,72.94
17.1240,15526,100,68.07
17.1421,15526,100,66.17
17.1595,15526,100,68.96
17.1770,15802,100,68.32
17.1946,15802,100,67.64
17.2120,15802,100,67.88
17.2295,15802,100,66.53
17.2470,16080,100,70.48
17.2645,16662,100,75.97
17.2821,16662,99,76.27
17.2995,16662,100,72.03
17.3169,16662,100,69.10
17.3344,16662,100,71.00
17.3519,16662,100,69.81
17.3694,16662,100,67.27
17.3868,16662,100,66.94
17.4042,16662,100,72.64
17.4217,15378,100,66.50
17.4391,15380,100,69.95
17.4567,15380,100,68.02
17.4741,15380,100,69.49
17.4915,15380,100,68.39
17.5089,15380,100,67.06
17.5263,15380,100,68.94
17.5439,15678,100,72.34
17.5613,15678,100,76.92
17.5790,15678,100,73.86
17.5964,15678,100,72.34
17.6139,15678,100,73.72
17.6314,15678,100,72.54
17.6489,15678,100,69.67
17.6663,15978,100,69.25
17.6837,15978,100,69.15
17.7011,15978,100,68.87
17.7187,15978,100,67.89
17.7362,15978,100,70.19
17.7537,15306,99,69.76
17.7711,15590,100,71.25
17.7885,15590,100,67.00
17.8059,15880,100,67.66
17.8233,15880,100,70.91
17.8407,15880,100,70.06
17.8582,15880,100,69.40
17.8758,15880,100,68.13
17.8932,15880,100,74.86
17.9107,15880,100,70.71
17.9281,15880,100,67.57
17.9455,15880,100,71.85
17.9629,16178,100,69.96
17.9803,16178,100,71.37
17.9977,16178,100,73.69
18.0155,16178,100,73.98
18.0334,16178,100,67.80
18.0511,16178,100,67.04
18.0685,16178,100,68.27
18.0862,16178,100,72.71
18.1037,15474,100,71.78
18.1211,15762,100,71.12
18.1385,15762,100,67.78
18.1559,15762,100,68.62
18.1735,16054,100,68.77
18.1910,16348,100,73.58
18.2085,16348,100,69.67
18.2259,16652,100,74.03
18.2435,16652,100,76.57
18.2609,16652,100,70.19
18.2783,16652,100,68.35
18.2957,16652,100,72.32
18.3131,16652,100,68.21
18.3305,16652,100,69.84
18.3481,16652,100,68.82
18.3656,16652,100,74.41
18.3831,16652,100,74.27
18.4006,16652,100,68.87
18.4180,16652,100,69.01
18.4358,16652,100,73.52
18.4532,15472,99,68.80
18.4706,15472,100,66.65
18.4880,15472,100,67.94
18.5056,15770,100,71.76
18.5231,15770,100,70.52
18.5407,16080,100,69.99
18.5583,16080,100,72.22
18.5759,16080,100,69.49
18.5934,16080,100,69.66
18.6109,16080,100,71.75
18.6283,16080,100,69.12
18.6459,16080,100,70.01
18.6633,16080,100,69.76
18.6807,16080,100,69.33
18.6981,16080,100,68.43
18.7155,16080,100,71.54
18.7329,16080,100,68.23
18.7504,16080,100,74.72
18.7677,16080,100,68.28
18.7851,15600,98,66.48
18.8026,15602,100,69.99
18.8200,15602,99,74.36
18.8374,15602,100,69.46
18.8548,15914,100,70.56
18.8725,15914,100,70.27
18.8899,15914,100,69.22
18.9073,15914,100,70.99
18.9247,15914,100,68.71
18.9421,15914,100,73.39
18.9594,15914,100,67.81
18.9769,15914,100,70.06
18.9943,15914,100,69.45
19.0118,15914,100,70.71
19.0292,15914,100,71.86
19.0466,15914,100,69.26
19.0640,15914,100,68.01
19.0815,15914,100,69.84
19.0989,15914,100,68.52
19.1165,15914,100,73.10
19.1341,15594,100,71.41
19.1515,15596,100,70.20
19.1692,15596,100,69.06
19.1866,15906,100,71.09
19.2042,15906,100,70.37
19.2216,15906,100,68.91
19.2390,15906,100,70.20
19.2564,15906,100,69.89
19.2746,15906,100,69.27
19.2922,15906,100,71.44
19.3097,15906,100,69.37
19.3272,15906,100,74.98
19.3448,15906,100,71.77
19.3623,15906,100,70.10
19.3797,15906,100,74.10
19.3972,15906,100,69.62
19.4150,15906,100,74.33
19.4323,15906,100,67.96
19.4501,15906,100,69.80
19.4675,15906,100,70.20
19.4849,15648,100,71.01
19.5024,15648,100,73.46
19.5198,15648,100,68.74
19.5373,15648,100,70.55
19.5548,15966,100,72.40
19.5723,15966,100,71.01
19.5898,15966,100,68.73
19.6073,15966,100,71.23
19.6248,15966,100,71.35
19.6430,15968,100,72.61
19.6604,15968,100,70.73
19.6778,15968,100,73.84
19.6953,15968,100,68.32
19.7128,15968,100,71.90
19.7301,15968,100,70.09
19.7475,15968,100,70.13
19.7650,15968,100,71.91
19.7824,15968,100,68.05
19.7999,15968,100,72.91
19.8173,15968,100,71.28
19.8348,15728,100,73.52
19.8523,15728,100,70.76
19.8699,16046,100,70.53
19.8874,16046,100,68.18
19.9053,16046,100,73.43
19.9227,16046,100,70.08
19.9402,16046,100,67.24
19.9577,16046,100,71.78
19.9752,16048,100,68.24
19.9927,16048,100,72.01
20.0107,16048,100,72.58
20.0282,16048,100,70.45
20.0456,16048,100,70.99
20.0631,16048,100,70.68
20.0806,16048,100,70.32
20.0981,16048,100,71.28
20.1155,16048,100,69.57
20.1329,16048,100,69.64
20.1504,16370,100,70.54
20.1677,16370,100,69.81
20.1851,15808,99,71.44
20.2026,16134,100,69.13
20.2201,16134,100,71.87
20.2377,16134,100,68.77
20.2553,16134,100,73.12
20.2727,16134,100,67.87
20.2906,16134,100,71.49
20.3080,16134,100,71.06
20.3255,16134,100,70.64
20.3430,16134,100,69.28
20.3604,16134,100,70.59
20.3779,16134,100,70.64
20.3954,16134,100,72.14
20.4136,16134,100,71.50
20.4310,16134,100,70.65
20.4486,16134,100,69.95
20.4660,16134,100,69.37
20.4835,16134,100,71.25
20.5011,16134,100,71.61
20.5186,16134,100,69.09
20.5362,16134,100,71.21
20.5537,15706,100,74.03
20.5711,15706,100,69.34
20.5889,15706,100,70.61
20.6065,16038,100,72.67
20.6241,16376,100,70.63
20.6415,16720,100,72.70
20.6590,16720,100,71.73
20.6765,17080,100,68.79
20.6940,17080,100,69.36
20.7114,17080,100,68.29
20.7289,17080,100,71.07
20.7463,17080,100,68.76
20.7637,17080,100,70.53
20.7811,17080,100,70.07
20.7985,17080,100,71.49
20.8159,17808,100,70.78
20.8333,17808,100,72.07
20.8509,17808,100,71.25
20.8683,17808,100,71.73
20.8858,17808,100,71.87
20.9034,17808,100,70.92
20.9208,15470,100,68.21
20.9383,15472,100,70.50
20.9557,15472,100,69.09
20.9731,15472,100,70.35
20.9906,15800,100,70.48
21.0082,15800,100,70.05
21.0255,16150,100,70.50
21.0429,16150,100,71.02
21.0604,16150,100,71.46
21.0778,16150,100,69.90
21.0952,16150,100,70.28
21.1127,16150,100,70.73
21.1301,16150,100,70.65
21.1475,16150,100,70.79
21.1650,16150,100,69.08
21.1825,16150,100,72.12
21.1999,16150,100,70.52
21.2177,16150,100,71.17
21.2353,16508,100,69.43
21.2527,16508,100,69.69
21.2707,16508,100,70.71
21.2883,15292,100,68.02
21.3057,15292,100,72.94
21.3231,15646,100,70.88
21.3410,15646,100,73.14
21.3585,15646,100,70.30
21.3759,15646,100,70.11
21.3933,15646,100,72.60
21.4107,15646,100,68.81
21.4282,15646,100,69.85
21.4458,15646,100,71.60
21.4633,15646,100,69.96
21.4807,15646,100,68.93
21.4981,15646,100,69.52
21.5157,15646,100,69.69
21.5331,15646,100,69.81
21.5505,15646,100,69.99
21.5679,15646,100,69.56
21.5862,16000,100,70.15
21.6039,16000,100,70.76
21.6213,16000,100,70.80
21.6387,16000,100,68.74
21.6563,15446,100,70.17
21.6738,15772,100,71.48
21.6913,15772,100,70.27
21.7088,16102,100,71.12
21.7264,16436,100,71.67
21.7438,16436,100,69.83
21.7612,16436,100,70.08
21.7787,16436,100,71.69
21.7962,16436,100,70.89
21.8137,16436,100,69.49
21.8311,16436,100,70.62
21.8485,16786,100,70.91
21.8659,16786,100,70.55
21.8833,16786,100,71.11
21.9008,16786,100,70.07
21.9183,16786,100,71.62
21.9357,16786,100,69.96
21.9531,17146,99,69.93
21.9706,17146,100,70.22
21.9882,17146,100,70.84
22.0056,17146,100,71.51
22.0231,15682,100,64.91
22.0406,15682,100,69.91
22.0580,15682,100,69.51
22.0754,16000,100,70.23
22.0928,16002,100,70.60
22.1103,16342,100,69.76
22.1277,16342,100,70.71
22.1452,16342,100,72.11
22.1626,16342,100,72.18
22.1801,16342,100,70.77
22.1980,16342,100,69.35
22.2154,16342,100,71.47
22.2328,16342,100,69.81
22.2503,16342,100,71.07
22.2679,16700,100,71.51
22.2853,16700,100,69.62
22.3027,16700,100,72.12
22.3203,16700,100,70.99
22.3377,16700,100,71.38
22.3551,16700,100,69.40
22.3726,16700,100,71.69
22.3901,15700,100,68.96
22.4078,16040,100,71.87
22.4255,16382,100,70.42
22.4433,16742,100,70.18
22.4613,16742,100,71.40
22.4787,16742,100,70.72
22.4962,16744,100,69.27
22.5140,16744,100,68.92
22.5318,16744,100,69.98
22.5495,16744,100,72.30
22.5671,16744,100,71.94
22.5848,16744,100,72.23
22.6030,16744,100,69.97
22.6208,16744,100,69.13
22.6387,16744,100,69.66
22.6561,16744,100,70.82
22.6738,16744,100,68.61
22.6917,16744,100,70.56
22.7095,16744,100,71.60
22.7273,16744,100,70.81
22.7453,16744,100,71.40
22.7627,15788,100,67.07
22.7803,16150,100,71.83
22.7977,16150,100,70.97
22.8155,16150,100,71.04
22.8329,16150,100,72.12
22.8506,16150,100,70.28
22.8681,16150,100,69.07
22.8860,16150,100,71.41
22.9033,16150,100,69.59
22.9211,16150,100,69.68
22.9393,16150,100,69.33
22.9568,16150,100,70.99
22.9746,16150,100,71.79
22.9921,16150,100,69.15
23.0098,16150,100,71.98
23.0274,16150,100,68.85
23.0448,16150,100,70.96
23.0625,16150,100,70.57
23.0803,16150,100,71.43
23.0981,16150,100,69.33
23.1157,16152,100,71.15
23.1334,15782,100,68.72
23.1513,15782,100,71.48
23.1689,16126,100,71.85
23.1870,16126,100,70.84
23.2044,16472,100,68.02
23.2223,16472,100,71.54
23.2401,16836,100,70.71
23.2579,16836,100,72.04
23.2754,16836,100,70.17
23.2930,16836,100,70.08
23.3107,16836,100,70.37
23.3284,16836,100,68.41
23.3460,16836,100,71.64
23.3640,16836,100,70.45
23.3821,16836,100,71.03
23.4001,16836,100,69.35
23.4180,16836,100,70.54
23.4361,16836,100,70.06
23.4534,16836,100,71.36
23.4715,16836,100,72.05
23.4890,16836,100,69.19
23.5065,15968,100,67.97
23.5239,15968,100,70.62
23.5414,16310,100,70.82
23.5588,16310,100,69.84
23.5765,16310,100,68.84
23.5940,16310,100,70.80
23.6122,16310,100,69.47
23.6300,16310,100,70.07
23.6476,16310,100,71.88
23.6653,16658,100,70.09
23.6827,16658,100,71.04
23.7002,16658,100,70.63
23.7176,16658,100,69.02
23.7353,16658,100,70.47
23.7529,16658,100,69.82
23.7705,17024,100,70.89
23.7882,17024,100,69.34
23.8059,17024,100,70.35
23.8237,17024,100,73.12
23.8416,17024,100,71.32
23.8594,17024,100,71.02
23.8771,15994,100,71.29
23.8946,15994,100,71.64
23.9127,15994,100,71.89
23.9305,16344,100,71.32
23.9482,16344,100,70.68
23.9664,16702,100,70.86
23.9842,17072,100,72.64
24.0022,17072,100,71.35
24.0199,17072,100,68.62
24.0374,17072,100,69.50
24.0552,17072,100,70.07
24.0727,17072,100,68.15
24.0903,17072,100,72.25
24.1080,17072,100,72.17
24.1255,17072,100,69.46
24.1433,17072,100,70.18
24.1607,17072,100,69.97
24.1782,17072,100,70.20
24.1963,17072,100,71.77
24.2141,17072,100,69.67
24.2319,17072,100,71.41
24.2497,17072,100,70.53
24.2675,16374,100,69.06
24.2857,16374,100,70.45
24.3034,16374,100,70.95
24.3208,16746,100,69.65
24.3383,16746,100,71.94
24.3557,16746,100,71.14
24.3739,16746,100,68.81
24.3914,16746,100,70.00
24.4092,16746,100,70.27
24.4273,16746,100,70.27
24.4449,16746,100,72.22
24.4623,16746,100,71.00
24.4806,16746,100,67.63
24.4980,16746,100,73.45
24.5154,16746,100,70.98
24.5330,16746,100,70.37
24.5509,16746,100,69.53
24.5686,16746,100,71.81
24.5860,16746,100,70.65
24.6035,16746,100,70.22
24.6209,16746,100,71.84
24.6388,16210,100,71.52
24.6562,16210,100,69.36
24.6739,16582,100,69.86
24.6914,16582,100,70.52
24.7088,16582,100,71.31
24.7262,16582,100,72.05
24.7438,16582,100,70.54
24.7611,16582,100,70.99
24.7786,16582,100,71.32
24.7960,16582,100,70.61
24.8134,16582,100,70.48
24.8308,16582,100,71.66
24.8483,16582,100,69.13
24.8657,16582,100,70.57
24.8831,16582,100,73.37
24.9007,16582,100,70.29
24.9181,16582,100,71.19
24.9356,16582,100,71.19
24.9531,16582,100,71.52
24.9709,16582,100,69.96
24.9883,16582,100,71.26
25.0059,16582,100,70.86
25.0233,16152,100,70.47
25.0408,16152,100,71.04
25.0582,16152,100,70.48
25.0756,16152,100,70.00
25.0932,16152,100,70.12
25.1105,16152,100,70.49
25.1280,16152,100,69.00
25.1456,16152,100,71.39
25.1630,16514,100,71.09
25.1805,16514,100,71.30
25.1979,16514,100,68.99
25.2155,16514,100,70.89
25.2334,16514,100,69.73
25.2508,16514,100,69.21
25.2683,16514,100,71.59
25.2857,16514,100,71.14
25.3032,16514,100,70.56
25.3207,16514,100,72.17
25.3382,16514,100,69.79
25.3558,16514,100,70.01
25.3732,16514,100,70.91
25.3907,16284,100,71.76
25.4084,16284,100,72.25
25.4260,16644,100,72.03
25.4435,16644,100,69.57
25.4613,16644,100,67.77
25.4787,16644,100,71.58
25.4961,16644,100,71.07
25.5136,16644,100,69.10
25.5312,16644,100,71.54
25.5486,17018,100,72.34
25.5661,17018,100,68.49
25.5836,17018,100,70.86
25.6013,17018,100,68.26
25.6188,17018,100,69.44
25.6363,17018,100,71.97
25.6537,17018,100,70.41
25.6715,17018,100,69.79
25.6891,17018,100,72.75
25.7065,17018,100,70.20
25.7240,17018,100,70.84
25.7413,17018,100,69.64
25.7589,17396,100,71.67
25.7763,16228,100,69.39
25.7937,16228,100,69.39
25.8111,16592,100,72.81
25.8286,16592,100,72.25
25.8460,16962,100,69.51
25.8636,16962,100,72.66
25.8814,17338,100,71.66
25.8988,17338,100,70.18
25.9163,17338,100,70.71
25.9337,17338,100,72.90
25.9512,17338,100,71.96
25.9688,17338,100,70.40
25.9861,17338,100,70.60
26.0036,17338,100,71.06
26.0210,17338,100,69.30
26.0385,17338,100,70.35
26.0558,17718,100,71.47
26.0736,17718,100,70.74
26.0912,17718,100,72.44
26.1086,17718,100,69.55
26.1260,17718,100,72.33
26.1437,17718,100,71.50
26.1610,16354,100,67.96
26.1787,16354,100,69.16
26.1961,16354,100,68.29
26.2135,16354,100,73.60
26.2309,16354,100,70.98
26.2484,16722,100,69.65
26.2660,16722,100,70.86
26.2834,16722,100,72.35
26.3009,16722,100,71.58
26.3183,16722,100,71.79
26.3357,16722,100,71.04
26.3533,16722,100,70.04
26.3707,17104,100,69.03
26.3881,17104,100,71.37
26.4056,17104,100,71.20
26.4230,17104,100,72.87
26.4404,17104,100,69.66
26.4580,17104,100,69.94
26.4754,17104,100,68.29
26.4928,17104,100,71.45
26.5102,17104,100,69.96
26.5276,17104,100,71.11
26.5454,16628,100,69.43
26.5628,16628,100,69.10
26.5805,16628,100,70.47
26.5979,16628,100,71.01
26.6157,16628,100,71.93
26.6332,16628,100,70.84
26.6507,16628,100,69.77
26.6682,16628,100,70.56
26.6856,16628,100,70.25
26.7030,16628,100,70.74
26.7205,16628,100,70.86
26.7381,16628,100,71.49
26.7555,16628,100,70.00
26.7729,16628,100,70.73
26.7904,16628,100,69.12
26.8077,16628,100,69.00
26.8253,16628,100,72.05
26.8427,16628,100,70.10
26.8601,16628,100,70.34
26.8776,16628,100,70.17
26.8950,16628,100,71.80
26.9125,16628,100,71.74
26.9300,16284,100,69.07
26.9478,16662,100,69.62
26.9655,16662,100,72.09
26.9829,16662,100,70.35
27.0004,16662,100,72.26
27.0178,16662,100,70.99
27.0353,16662,100,70.44
27.0526,16662,100,71.27
27.0702,16662,100,70.73
27.0876,17428,100,71.63
27.1052,17428,100,70.65
27.1226,17428,100,71.13
27.1402,17428,100,70.59
27.1575,17428,100,71.27
27.1749,17428,100,70.99
27.1925,17428,100,71.01
27.2099,17428,100,72.23
27.2274,17428,100,70.22
27.2449,17428,100,70.93
27.2624,17428,100,71.92
27.2797,17428,100,70.31
27.2973,17428,100,69.96
27.3148,16386,100,70.96
27.3323,16768,100,72.40
27.3497,16768,100,72.01
27.3673,16768,100,71.04
27.3847,16768,100,70.79
27.4025,16768,100,71.56
27.4199,16768,100,69.07
27.4375,16768,100,70.38
27.4549,16768,100,69.72
27.4724,16768,100,71.99
27.4898,16768,100,69.49
27.5073,16768,100,72.17
27.5247,16768,100,70.65
27.5422,16768,100,71.76
27.5596,16768,100,71.85
27.5770,16768,100,69.41
27.5945,16768,100,71.29
27.6120,16768,100,71.77
27.6293,16768,100,73.57
27.6468,16768,100,71.50
27.6642,16768,100,71.78
27.6820,16768,100,70.15
27.6994,16534,100,73.54
27.7176,16534,100,70.27
27.7352,16534,100,72.71
27.7525,16534,100,69.77
27.7700,16534,100,70.10
27.7873,16534,100,71.55
27.8049,16534,100,70.25
27.8222,16534,100,69.39
27.8397,16534,100,71.57
27.8571,16534,100,69.60
27.8745,16534,100,69.21
27.8921,16534,100,70.51
27.9097,16534,100,71.06
27.9272,16924,100,71.74
27.9446,16924,100,70.53
27.9622,16924,100,71.43
27.9797,16924,100,70.04
27.9972,16924,100,69.52
28.0148,16924,100,69.76
28.0323,16924,100,71.73
28.0501,16924,100,70.86
28.0676,16924,100,70.42
28.0849,16744,100,71.55
28.1025,16744,100,70.79
28.1199,16744,100,72.99
28.1374,16744,100,70.31
28.1549,17134,100,72.23
28.1723,17134,100,71.28
28.1899,17134,100,72.38
28.2073,17134,100,70.83
28.2248,17134,100,72.28
28.2422,17134,100,68.51
28.2596,17134,100,70.33
28.2770,17134,100,68.40
28.2944,17134,100,71.26
28.3119,17134,100,68.73
28.3293,17134,100,68.77
28.3468,17134,100,70.67
28.3643,17134,100,70.62
28.3817,17134,100,70.09
28.3992,17134,100,71.11
28.4166,17134,100,69.61
28.4345,17134,100,73.10
28.4518,17134,100,68.38
28.4696,16790,100,71.82
28.4870,16790,100,72.37
28.5046,16790,100,69.60
28.5220,16790,100,69.09
28.5395,17184,100,70.94
28.5570,17184,100,70.13
28.5745,17184,100,71.16
28.5919,17184,100,71.37
28.6098,17184,100,69.82
28.6271,17184,100,68.72
28.6447,17184,100,71.14
28.6621,17184,100,71.29
28.6795,17184,100,72.58
28.6969,17184,100,71.92
28.7144,17184,100,69.89
28.7319,17184,100,68.16
28.7493,17184,100,70.99
28.7671,17184,100,71.38
28.7846,17184,100,68.58
28.8020,17184,100,70.09
28.8194,17184,100,70.82
28.8368,17184,100,69.77
28.8544,17184,100,70.35
28.8718,16716,100,69.69
28.8892,16716,100,71.19
28.9067,16716,100,70.55
28.9240,16716,100,71.34
28.9415,16716,100,70.69
28.9589,16716,100,71.87
28.9765,16716,99,70.33
28.9939,16716,100,70.81
29.0115,16716,100,69.98
29.0289,16716,100,71.99
29.0464,16716,100,71.40
29.0638,16716,100,71.21
29.0813,16716,100,72.02
29.0988,17116,100,69.34
29.1162,17116,100,71.16
29.1337,17116,100,70.94
29.1511,17116,100,70.08
29.1687,17116,100,71.18
29.1860,17116,100,68.76
29.2035,17116,100,70.56
29.2210,17116,100,71.43
29.2385,17116,100,71.94
29.2560,16812,100,68.73
29.2735,16812,100,69.52
29.2910,16812,100,70.97
29.3084,16812,100,68.99
29.3259,17216,100,69.77
29.3433,17216,100,70.94
29.3609,17216,100,70.42
29.3783,17216,100,70.73
29.3959,17216,100,71.92
29.4134,17216,100,72.36
29.4308,17216,100,71.41
29.4483,17216,100,70.62
29.4657,17216,100,72.74
29.4831,17216,100,70.85
29.5005,17216,100,70.90
29.5181,17216,100,75.25
29.5356,17216,100,69.85
29.5530,17216,100,71.61
29.5708,17216,100,69.09
29.5882,17216,100,71.63
29.6056,17216,100,68.71
29.6231,17216,100,68.46
29.6405,17216,100,71.02
29.6579,16866,100,71.06
29.6755,16866,100,72.33
29.6929,16866,100,69.57
29.7104,16866,100,70.21
29.7279,16866,100,68.75
29.7454,16866,100,71.81
29.7628,16866,100,69.25
29.7804,16866,100,69.34
29.7980,16866,100,71.21
29.8154,16866,100,71.11
29.8328,16866,100,70.10
29.8503,16866,100,71.50
29.8679,16866,100,72.08
29.8853,16866,100,71.89
29.9027,16866,100,70.01
29.9204,16866,100,70.71
29.9380,16866,100,70.98
29.9556,16866,100,69.95
29.9730,16866,100,70.17
29.9905,16866,100,71.91
30.0083,16866,100,70.98
30.0260,16866,100,73.72
30.0434,16866,100,71.64
30.0609,16866,100,69.95
30.0783,16866,100,71.87
30.0957,16866,100,71.78
30.1131,16866,100,70.32
30.1305,16866,100,71.79
30.1479,16866,100,70.72
30.1654,16866,100,70.18
30.1827,16866,100,70.27
30.2002,16866,100,72.03
30.2177,16866,100,69.15
30.2351,16866,100,70.82
30.2525,16866,100,72.17
30.2700,16866,100,69.40
30.2874,16866,100,71.71
30.3048,16866,100,69.71
30.3223,16866,100,70.01
30.3398,16866,100,70.37
30.3576,16866,100,73.00
30.3752,16866,100,71.59
30.3926,16866,100,71.67
30.4102,16866,100,70.14
30.4277,16866,100,70.84
30.4452,16888,100,72.00
30.4630,16888,100,70.52
30.4804,16888,100,69.01
30.4980,16888,100,70.87
30.5155,16888,100,68.01
30.5329,16888,100,69.99
30.5504,16888,100,72.69
30.5678,16888,100,71.52
30.5854,16888,100,70.81
30.6028,16888,100,68.09
30.6202,16888,100,70.86
30.6377,16888,100,72.66
30.6551,16888,100,72.32
30.6726,16888,100,69.94
30.6900,16888,100,70.07
30.7081,16888,100,72.97
30.7255,16888,100,70.35
30.7429,16888,100,69.70
30.7604,16888,100,70.47
30.7779,16888,100,70.50
30.7954,16888,100,73.05
30.8129,16888,100,70.16
30.8303,16948,100,68.43
30.8479,16948,100,71.57
30.8653,16948,100,70.93
30.8827,16948,100,69.35
30.9001,16948,100,69.82
30.9177,16948,100,72.95
30.9351,17366,100,69.43
30.9525,17366,100,71.82
30.9700,17366,100,68.16
30.9874,17366,100,70.56
31.0050,17366,100,72.11
31.0224,17366,100,69.35
31.0400,17366,100,72.33
31.0575,17366,100,69.13
31.0749,17366,100,71.69
31.0923,17366,100,69.37
31.1101,17366,100,70.75
31.1275,17366,100,71.02
31.1450,17366,100,72.72
31.1623,17366,100,70.17
31.1799,17366,100,69.43
31.1973,17366,100,69.31
31.2149,17366,100,69.56
31.2326,17036,100,67.01
31.2503,17458,100,70.25
31.2679,17458,100,71.05
31.2853,17458,100,70.10
31.3029,17458,100,72.60
31.3207,17458,100,70.37
31.3383,17458,100,72.42
31.3558,17458,100,71.05
31.3732,17458,100,72.11
31.3907,17458,100,71.13
31.4084,17458,100,70.91
31.4259,17458,100,71.09
31.4433,17458,100,70.91
31.4608,17458,100,71.07
31.4785,17458,100,70.59
31.4961,17458,100,71.18
31.5135,17458,100,70.76
31.5309,17458,100,70.55
31.5483,17458,100,70.35
31.5659,17458,100,71.58
31.5833,17458,100,70.01
31.6008,17458,100,71.40
31.6182,17112,100,67.03
31.6356,17112,100,69.25
31.6532,17112,100,73.72
31.6707,17112,100,71.85
31.6881,17112,100,73.31
31.7057,17112,100,72.42
31.7232,17112,100,69.71
31.7407,17112,100,71.59
31.7585,17112,100,70.49
31.7760,17112,100,72.07
31.7936,17112,100,73.21
31.8113,17112,100,68.24
31.8288,17112,100,69.07
31.8466,17112,100,68.98
31.8641,17112,100,71.18
31.8816,17112,100,71.59
31.8992,17112,100,72.66
31.9165,17112,100,68.31
31.9341,17112,100,69.67
31.9516,17112,100,70.43
31.9690,17112,100,69.91
31.9871,17112,100,70.16
32.0045,17112,100,70.81
32.0219,16992,100,70.29
32.0394,16992,100,70.24
32.0568,16992,100,67.98
32.0743,17422,100,70.23
32.0917,17422,100,69.96
32.1091,17422,100,71.51
32.1266,17422,100,71.12
32.1443,17422,100,70.28
32.1617,17422,100,70.38
32.1793,17860,100,71.46
32.1967,17860,100,71.53
32.2141,17860,100,70.04
32.2315,17860,100,71.34
32.2489,18306,100,71.24
32.2663,18306,100,70.34
32.2837,18306,100,70.12
32.3011,18306,100,70.12
32.3185,18306,100,70.17
32.3359,18768,100,73.41
32.3533,19244,100,70.30
32.3709,19244,100,71.78
32.3885,19244,100,71.92
32.4066,19244,100,68.54
32.4243,19244,100,71.81
32.4417,16438,100,65.53
32.4595,16438,100,70.39
32.4777,16438,100,70.88
32.4955,16438,100,72.07
32.5132,16438,100,70.94
32.5309,16438,100,73.00
32.5490,16438,100,69.36
32.5665,16438,100,71.57
32.5840,16438,100,71.67
32.6015,16438,100,69.69
32.6192,16438,100,73.64
32.6372,16438,100,73.26
32.6546,16438,100,69.26
32.6720,16438,100,69.77
32.6899,16886,100,69.91
32.7078,16886,100,68.88
32.7251,16886,100,71.11
32.7434,16886,100,71.73
32.7614,16886,100,70.17
32.7788,16886,100,69.04
32.7964,16886,100,71.47
32.8144,16886,100,69.96
32.8323,16886,100,72.40
32.8502,16370,100,71.11
32.8683,16370,100,70.61
32.8857,16370,100,70.99
32.9036,16370,100,70.56
32.9210,16370,100,70.09
32.9388,16370,100,71.69
32.9565,16370,100,69.46
32.9741,16370,100,70.58
32.9919,16370,100,69.16
33.0093,16370,100,71.61
33.0275,16370,100,75.98
33.0449,16370,100,72.88
33.0624,16370,100,70.25
33.0798,16370,100,69.55
33.0974,16802,100,70.32
33.1149,16802,100,70.03
33.1326,16802,100,68.65
33.1500,16802,100,69.19
33.1675,16802,100,72.61
33.1854,16802,100,68.54
33.2035,16802,100,68.78
33.2212,16802,100,72.44
33.2388,16802,100,72.22
33.2568,16860,99,73.46
33.2745,16860,100,70.61
33.2923,17290,100,69.75
33.3098,17290,100,69.53
33.3275,17290,100,69.93
33.3455,17290,100,71.19
33.3629,17732,100,67.28
33.3811,17732,100,68.08
33.3992,17732,100,69.34
33.4170,17732,100,71.24
33.4347,17732,100,69.61
33.4526,17732,100,74.19
33.4701,17732,100,70.22
33.4876,17732,100,70.38
33.5053,17732,100,70.18
33.5236,17732,100,69.03
33.5414,17732,100,70.20
33.5592,17732,100,68.46
33.5766,17732,100,69.41
33.5940,17732,100,69.20
33.6116,17732,100,70.04
33.6294,17732,100,67.89
33.6469,17732,100,72.21
33.6648,17732,100,72.46
33.6822,16816,100,72.00
33.6999,16816,100,70.28
33.7182,17244,100,71.30
33.7356,17244,100,70.44
33.7533,17244,100,70.04
33.7712,17676,100,71.14
33.7887,17676,100,69.08
33.8064,17676,100,69.21
33.8238,17676,100,70.55
33.8416,17676,100,69.81
33.8591,17676,100,68.37
33.8769,17676,100,72.40
33.8947,17676,100,72.64
33.9125,17676,100,70.73
33.9306,18120,100,71.36
33.9480,18120,100,69.07
33.9659,18120,100,71.14
33.9837,18120,100,71.18
34.0014,18120,100,68.42
34.0193,18120,100,70.26
34.0367,18120,100,70.90
34.0541,18120,100,70.70
34.0722,18120,100,73.04
34.0898,16328,100,70.54
34.1073,16328,100,72.26
34.1250,16748,100,69.47
34.1424,17190,100,72.61
34.1606,17190,100,70.08
34.1783,17190,100,70.67
34.1963,17190,100,72.72
34.2137,17190,100,74.91
34.2311,17190,100,68.95
34.2487,17190,100,70.24
34.2665,17190,100,69.67
34.2843,17190,100,70.54
34.3017,17190,100,68.02
34.3193,17190,100,69.75
34.3373,17190,100,71.30
34.3552,17190,100,71.68
34.3729,17190,100,70.12
34.3904,17190,100,71.02
34.4086,17190,100,70.91
34.4263,17190,100,67.13
34.4442,17190,100,72.46
34.4622,17190,100,69.37
34.4801,17190,100,71.07
34.4976,17020,100,69.82
34.5150,17020,100,71.81
34.5324,17020,100,72.22
34.5503,17440,100,71.09
34.5682,17440,100,72.75
34.5855,17440,100,70.87
34.6029,17870,100,70.04
34.6205,17870,100,70.10
34.6380,17870,100,72.20
34.6555,17870,100,69.58
34.6729,17870,100,72.95
34.6903,17870,100,70.42
34.7080,17870,100,69.30
34.7255,17870,100,70.81
34.7430,17870,100,71.55
34.7604,17870,100,71.14
34.7778,17870,100,69.95
34.7954,17870,100,70.56
34.8128,17870,100,73.65
34.8303,17870,100,68.93
34.8477,17870,100,68.91
34.8656,17870,100,73.08
34.8831,17870,100,71.02
34.9005,17870,100,68.71
34.9179,16844,100,70.02
34.9353,16844,100,70.64
34.9528,16844,100,73.79
34.9702,16844,100,68.00
34.9877,16844,100,70.81
35.0053,16844,100,69.08
35.0227,16844,100,68.99
35.0402,17262,100,71.43
35.0578,17262,100,72.96
35.0752,17262,100,71.43
35.0927,17262,100,70.88
35.1102,17262,100,73.64
35.1276,17686,100,71.93
35.1450,17686,100,70.26
35.1629,18130,100,69.46
35.1803,18130,100,69.61
35.1981,18130,100,68.89
35.2154,18130,100,69.64
35.2334,18130,100,70.75
35.2509,18130,100,70.82
35.2683,18130,100,71.44
35.2857,18130,100,68.14
35.3033,18130,100,70.87
35.3208,16998,100,69.81
35.3383,17420,100,71.21
35.3557,17420,100,68.80
35.3731,17420,100,69.88
35.3907,17420,100,72.30
35.4086,17420,100,69.35
35.4260,17420,100,70.25
35.4433,17420,100,70.82
35.4609,17420,100,70.91
35.4785,17420,100,70.08
35.4959,17420,100,68.47
35.5134,17420,100,71.06
35.5309,17420,100,72.82
35.5483,17420,100,70.37
35.5657,17420,100,70.12
35.5831,17420,100,71.93
35.6006,17420,100,70.34
35.6181,17420,100,72.92
35.6355,17420,100,70.45
35.6531,17420,100,71.74
35.6709,17420,100,70.62
35.6883,17866,100,69.56
35.7057,17866,100,69.78
35.7232,15484,100,69.65
35.7406,17014,100,68.59
35.7581,17014,100,72.02
35.7756,17014,100,73.19
35.7930,17014,100,70.79
35.8104,17444,100,69.95
35.8279,17444,100,70.42
35.8453,17444,100,70.44
35.8627,17444,100,68.79
35.8801,17444,100,69.77
35.8975,17444,100,69.57
35.9151,17444,100,71.28
35.9329,17882,100,72.23
35.9503,17882,100,70.14
35.9678,17882,100,72.00
35.9854,17882,100,70.53
36.0030,17882,100,68.57
36.0205,17882,100,70.54
36.0379,17882,100,71.87
36.0554,17882,100,71.81
36.0732,17882,100,70.48
36.0906,17882,100,68.12
36.1081,17882,100,71.71
36.1256,17882,100,70.98
36.1431,16194,100,69.86
36.1606,14574,0,51.54
36.1780,14574,0,31.57
36.1954,14574,0,31.25
36.2128,14574,0,31.06
36.2302,14574,0,31.14
36.2476,14574,0,30.86
36.2650,14574,0,30.84
36.2824,14574,0,30.84
36.2998,14574,0,30.79
36.3172,14574,0,30.74
36.3346,14574,0,30.60
36.3529,14574,0,30.69
36.3717,14574,0,30.58
36.3900,14574,0,30.56
36.4129,14574,0,30.41
36.4311,16842,100,53.74
36.4490,17270,100,71.63
36.4670,17270,100,69.10
36.4847,17270,100,70.26
36.5022,17270,100,73.64
36.5195,17270,100,67.35
36.5369,17270,100,70.75
36.5548,17270,100,70.18
36.5722,17270,100,68.05
36.5898,17270,100,72.49
36.6072,17270,100,69.57
36.6248,17270,100,71.28
36.6424,17270,100,72.05
36.6598,17700,100,71.22
36.6772,17700,100,70.72
36.6948,17700,100,71.01
36.7123,18146,100,72.97
36.7297,18146,100,70.28
36.7471,18146,100,69.31
36.7647,18146,100,70.25
36.7821,18146,100,70.68
36.7999,18146,100,69.86
36.8173,18146,100,71.46
36.8347,16962,100,74.10
36.8525,16962,100,70.88
36.8699,17392,100,70.62
36.8873,17392,100,68.05
36.9049,17392,100,72.59
36.9225,17392,100,75.86
36.9399,17392,100,70.19
36.9573,17392,100,70.74
36.9748,17392,100,71.60
36.9923,17392,100,71.60
37.0097,17392,100,71.33
37.0272,17392,100,70.77
37.0446,17392,100,71.79
37.0620,17392,100,69.99
37.0796,17392,100,70.65
37.0971,17392,100,70.17
37.1145,17830,100,69.88
37.1319,17830,100,70.81
37.1495,17830,100,70.14
37.1670,17830,100,70.53
37.1844,17830,100,69.61
37.2018,17830,100,69.79
37.2192,17830,100,73.13
37.2370,17830,100,71.69
37.2544,17100,100,72.49
37.2719,17100,100,70.57
37.2893,17100,100,71.24
37.3067,17100,100,70.10
37.3242,17548,100,70.76
37.3417,17548,100,71.30
37.3592,17548,100,70.34
37.3767,17548,100,71.38
37.3942,17548,100,70.21
37.4118,17548,100,69.98
37.4292,17548,100,71.64
37.4466,17548,100,70.76
37.4640,17548,100,71.35
37.4816,17548,100,72.34
37.4990,17548,100,71.10
37.5164,17548,100,70.52
37.5338,17548,100,70.93
37.5513,17548,100,74.02
37.5687,17548,100,74.01
37.5861,17548,100,71.90
37.6036,17548,100,70.00
37.6210,17548,100,70.30
37.6386,17548,100,71.46
37.6560,16634,100,69.24
37.6735,16634,100,72.58
37.6912,17070,100,71.28
37.7088,17070,100,71.04
37.7263,17070,100,71.62
37.7437,17070,100,68.61
37.7612,17070,100,71.51
37.7793,17070,100,74.11
37.7968,17070,100,70.92
37.8142,17070,100,69.91
37.8316,17070,100,70.60
37.8492,17070,100,71.09
37.8667,17070,100,69.93
37.8841,17070,100,69.66
37.9017,17070,100,73.33
37.9192,17070,100,70.17
37.9366,17070,100,69.43
37.9541,17070,100,69.04
37.9716,17070,100,71.03
37.9890,17070,100,71.23
38.0064,17070,100,71.22
38.0238,17520,100,70.09
38.0413,17520,100,68.99
38.0586,17520,100,69.15
38.0761,17120,100,72.22
38.0935,17120,100,70.62
38.1111,17120,100,72.54
38.1285,17120,100,70.84
38.1463,17120,100,70.10
38.1637,17120,100,70.50
38.1815,17120,100,69.13
38.1990,17120,100,72.47
38.2163,17120,100,70.16
38.2337,17120,100,73.86
38.2516,17120,100,70.64
38.2691,17120,100,71.59
38.2869,17558,100,71.26
38.3043,17558,100,70.69
38.3217,17558,100,70.10
38.3393,17558,100,71.46
38.3568,17558,100,71.58
38.3742,17558,100,69.75
38.3916,17558,100,71.71
38.4096,17558,100,70.77
38.4271,17558,100,70.44
38.4444,17558,100,70.17
38.4619,17558,100,69.75
38.4794,16668,99,70.40
38.4969,17036,100,70.43
38.5149,17036,100,68.40
38.5323,17036,100,71.69
38.5499,17036,100,68.93
38.5675,17036,100,69.65
38.5853,17036,100,70.58
38.6027,17036,100,68.18
38.6200,17488,100,70.56
38.6374,17488,100,71.32
38.6549,17488,100,69.73
38.6724,17488,100,69.54
38.6898,17488,100,68.65
38.7074,17488,100,71.96
38.7248,17488,100,72.61
38.7423,17488,100,69.96
38.7597,17488,100,72.14
38.7771,17488,100,72.97
38.7945,17488,100,72.18
38.8121,17488,100,69.34
38.8295,17488,100,71.19
38.8469,17488,100,68.89
38.8643,17488,100,69.91
38.8818,17488,100,70.08
38.8993,17230,100,70.03
38.9169,17230,100,70.14
38.9344,17682,100,68.93
38.9520,17682,100,70.97
38.9694,17682,100,71.94
38.9869,17682,100,68.99
39.0044,17682,100,72.41
39.0218,17682,100,70.06
39.0393,17682,100,70.75
39.0567,17682,100,71.60
39.0742,17682,100,71.39
39.0916,17682,100,71.60
39.1091,17682,100,69.88
39.1268,17682,100,69.64
39.1443,17682,100,70.74
39.1618,17682,100,70.75
39.1792,17682,100,68.41
39.1966,17682,100,70.39
39.2141,17682,100,72.29
39.2315,17682,100,72.69
39.2493,17682,100,70.86
39.2668,17682,100,69.82
39.2841,17682,100,70.61
39.3016,17682,100,69.12
39.3189,17074,100,72.60
39.3365,17074,100,68.79
39.3540,17074,100,70.97
39.3715,17074,100,72.87
39.3889,17074,100,68.89
39.4065,17074,100,72.18
39.4241,17074,100,68.27
39.4415,17074,100,70.10
39.4591,17074,100,73.69
39.4767,17074,100,72.25
39.4941,17074,100,68.31
39.5115,17074,100,68.65
39.5289,17074,100,71.37
39.5463,17074,100,69.32
39.5639,17074,100,72.12
39.5813,17074,100,74.50
39.5988,17074,100,69.00
39.6161,17520,100,71.36
39.6340,17520,100,70.59
39.6516,17520,100,70.00
39.6691,17520,100,69.87
39.6868,17520,100,71.32
39.7044,17520,100,71.93
39.7223,17520,100,72.59
39.7397,17068,100,71.52
39.7571,17068,100,69.67
39.7745,17068,100,70.31
39.7921,17068,100,72.55
39.8096,17068,99,71.42
39.8270,17068,100,70.28
39.8444,17068,100,69.95
39.8618,17068,100,71.86
39.8794,17068,100,71.70
39.8969,17068,100,68.21
39.9143,17068,100,70.48
39.9317,17068,100,72.30
39.9492,17068,100,70.18
39.9667,17524,100,68.61
39.9842,17524,100,71.98
40.0017,17524,100,69.63
40.0191,17524,100,69.83
40.0365,17524,100,71.59
40.0540,17524,100,71.89
40.0714,17524,100,70.28
40.0892,17524,100,71.76
40.1067,17524,100,69.19
40.1242,17524,100,70.08
40.1416,17524,100,69.86
40.1589,17308,100,68.88
40.1764,17308,100,71.64
40.1939,17308,100,70.44
40.2114,17308,100,73.43
40.2288,17308,100,67.85
40.2462,17308,100,68.84
40.2637,17308,100,73.29
40.2811,17308,100,70.76
40.2985,17308,100,69.94
40.3159,17308,100,72.80
40.3337,17308,100,69.69
40.3511,17308,100,68.79
40.3687,17308,100,73.89
40.3862,17308,100,74.06
40.4036,17308,100,70.38
40.4210,17308,100,71.26
40.4385,17308,100,72.51
40.4563,17308,100,71.44
40.4737,17308,100,71.40
40.4914,17308,100,70.63
40.5088,17308,100,70.96
40.5262,17308,100,68.54
40.5438,17308,100,71.66
40.5615,17200,100,72.62
40.5790,17200,100,71.84
40.5964,17200,100,72.63
40.6141,17200,100,71.93
40.6316,17200,100,70.79
40.6492,17200,100,72.63
40.6666,17200,100,70.93
40.6842,17200,100,70.19
40.7016,17200,100,69.82
40.7192,17200,100,70.66
40.7367,17200,100,69.94
40.7541,17200,100,68.32
40.7715,17200,100,69.85
40.7889,17200,100,70.76
40.8064,17200,100,71.86
40.8239,17200,100,71.13
40.8414,17200,100,71.36
40.8588,17200,100,69.61
40.8763,17200,100,70.12
40.8941,17200,100,73.57
40.9116,17200,100,71.43
40.9290,17200,100,72.75
40.9468,17200,100,71.48
40.9644,17200,100,70.71
40.9818,17256,100,72.04
40.9997,17256,100,72.53
41.0171,17256,100,70.97
41.0345,17256,100,70.79
41.0521,17256,100,71.83
41.0696,17256,100,73.69
41.0871,17256,100,70.65
41.1045,17256,100,70.54
41.1219,17712,100,71.45
41.1394,18170,100,72.54
41.1569,18170,100,70.55
41.1743,18170,100,69.63
41.1919,18170,100,72.87
41.2094,18170,100,71.30
41.2269,18170,100,69.72
41.2442,18170,100,69.09
41.2621,18170,100,72.50
41.2796,18170,100,71.40
41.2970,18170,100,72.53
41.3145,18170,100,73.27
41.3319,18170,100,71.04
41.3492,18170,100,69.09
41.3668,18170,100,72.41
41.3842,17304,98,70.24
41.4018,17304,100,71.48
41.4192,17304,100,72.65
41.4369,17762,100,70.87
41.4548,17762,100,69.10
41.4724,17762,100,73.36
41.4902,17762,100,69.77
41.5076,17762,100,69.84
41.5250,17762,100,71.58
41.5425,17762,100,71.31
41.5599,17762,100,69.16
41.5773,17762,100,68.46
41.5950,17762,100,71.73
41.6125,17762,100,71.78
41.6298,17762,100,70.99
41.6474,17762,100,71.55
41.6649,17762,100,72.53
41.6823,17762,100,71.64
41.6997,17762,100,70.23
41.7173,17762,100,69.21
41.7348,17762,100,72.17
41.7524,17762,100,72.49
41.7698,17762,100,69.18
41.7871,17762,100,69.11
41.8047,17210,100,68.38
41.8223,17210,100,73.16
41.8398,17210,100,70.94
41.8572,17210,100,70.16
41.8746,17210,100,73.60
41.8921,17670,100,70.92
41.9100,17670,100,71.86
41.9277,17670,100,71.80
41.9451,17670,100,69.82
41.9627,17670,100,69.67
41.9802,17670,100,72.05
41.9977,17670,100,73.64
42.0151,17670,100,68.66
42.0332,17670,100,74.35
42.0507,17670,100,72.45
42.0681,17670,100,68.49
42.0855,17670,100,69.10
42.1031,17670,100,71.91
42.1206,17670,100,72.60
42.1381,17670,100,70.29
42.1555,17670,100,72.30
42.1733,17670,100,72.31
42.1906,17670,100,69.98
42.2083,17670,100,71.16
42.2257,17350,100,71.16
42.2432,17350,100,71.75
42.2607,17350,100,72.96
42.2783,17350,100,70.26
42.2956,17350,100,70.58
42.3132,17350,100,71.63
42.3308,17350,100,69.88
42.3487,17350,100,70.82
42.3661,17350,100,70.25
42.3842,17350,100,72.10
42.4016,17350,100,72.35
42.4192,17350,100,72.90
42.4370,17350,100,71.61
42.4545,17350,100,70.09
42.4719,17350,100,70.90
42.4899,17350,100,72.34
42.5074,17350,100,70.96
42.5253,17350,100,70.41
42.5430,17350,100,72.27
42.5606,17350,100,72.59
42.5787,17350,100,70.06
42.5969,17350,100,69.67
42.6143,17350,100,67.58
42.6317,17350,100,68.57
42.6492,17368,100,72.06
42.6668,17368,100,71.07
42.6845,17368,100,73.27
42.7023,17368,100,72.54
42.7197,17368,100,71.14
42.7374,17832,100,72.19
42.7548,17832,100,70.57
42.7723,17832,100,68.26
42.7899,17832,100,73.37
42.8074,17832,100,69.04
42.8254,17832,100,69.99
42.8436,17832,100,71.36
42.8611,17832,100,70.19
42.8786,17832,100,72.01
42.8959,17832,100,71.25
42.9135,17832,100,71.36
42.9310,17832,100,68.41
42.9484,17832,100,69.25
42.9658,17832,100,70.49
42.9839,17832,100,69.93
43.0017,17832,100,71.33
43.0191,17832,100,71.64
43.0365,17832,100,68.99
43.0539,17290,100,67.07
43.0722,17290,100,69.78
43.0900,17290,100,70.51
43.1074,17290,100,69.89
43.1252,17290,100,68.28
43.1426,17290,100,73.39
43.1604,17290,100,71.41
43.1783,17290,100,70.77
43.1960,17290,100,69.64
43.2138,17290,100,72.88
43.2320,17290,100,72.17
43.2494,17290,100,71.86
43.2669,17290,100,70.38
43.2843,17290,100,71.46
43.3021,17290,100,70.39
43.3195,17290,100,71.27
43.3369,17290,100,72.80
43.3542,17290,100,73.13
43.3720,17290,100,69.91
43.3896,17756,100,69.90
43.4071,17756,100,71.69
43.4251,17756,100,70.47
43.4430,17756,100,71.66
43.4604,17756,100,70.45
43.4783,17312,100,72.48
43.4958,17312,100,70.54
43.5135,17312,100,70.12
43.5313,17312,100,73.60
43.5487,17312,100,69.71
43.5661,17312,100,72.11
43.5841,17312,100,72.30
43.6015,17312,100,72.39
43.6189,17312,100,72.35
43.6363,17312,100,69.01
43.6543,17312,100,75.54
43.6717,17312,100,73.97
43.6892,17312,100,69.34
43.7069,17312,100,70.84
43.7244,17312,100,70.23
43.7419,17312,100,70.37
43.7600,17312,100,71.81
43.7775,17312,100,70.48
43.7949,17312,100,71.49
43.8128,17312,100,71.17
43.8305,17312,100,69.79
43.8483,17312,100,69.92
43.8659,17312,100,71.10
43.8836,17314,100,70.60
43.9018,17454,100,70.36
43.9194,17454,100,70.66
43.9373,17454,100,70.22
43.9548,17454,100,70.65
43.9726,17454,100,69.93
43.9900,17454,100,72.40
44.0081,17454,100,73.68
44.0256,17454,100,71.87
44.0434,17454,100,70.91
44.0610,17454,100,71.68
44.0785,17454,100,71.58
44.0959,17454,100,70.55
44.1135,17454,100,71.72
44.1313,17454,100,70.37
44.1490,17454,100,69.96
44.1670,17454,100,73.19
44.1850,17454,100,70.11
44.2024,17454,100,69.89
44.2202,17454,100,68.70
44.2380,17454,100,71.19
44.2556,17454,100,71.12
44.2737,17454,100,69.51
44.2918,17454,100,69.72
44.3095,17436,100,71.42
44.3271,17436,100,70.72
44.3448,17436,100,70.52
44.3624,17436,100,70.44
44.3797,17436,100,72.08
44.3972,17436,100,72.03
44.4146,17436,100,69.51
44.4323,17436,100,72.22
44.4497,17436,100,70.09
44.4676,17436,100,71.02
44.4854,17436,100,70.67
44.5029,17436,100,71.67
44.5206,17436,100,71.99
44.5380,17436,100,73.08
44.5557,17436,100,68.77
44.5731,17436,100,69.56
44.5905,17436,100,71.16
44.6080,17436,100,70.94
44.6256,17436,100,73.89
44.6432,17436,100,71.32
44.6605,17436,100,71.19
44.6779,17436,100,71.17
44.6955,17436,100,72.84
44.7130,17436,100,71.50
44.7307,17422,100,72.44
44.7482,17422,100,70.30
44.7658,17422,100,70.28
44.7833,17422,100,72.34
44.8009,17896,100,72.68
44.8183,17896,100,71.96
44.8358,17896,100,69.19
44.8533,17896,100,72.00
44.8708,17896,100,70.31
44.8884,18408,100,71.90
44.9059,18408,100,70.89
44.9235,18408,100,70.68
44.9410,18408,100,70.29
44.9586,18408,100,69.48
44.9760,18408,100,70.80
44.9934,18408,100,71.81
45.0110,18408,100,71.23
45.0285,18408,100,68.85
45.0464,18408,100,73.63
45.0638,18408,100,70.49
45.0815,18408,100,71.72
45.0990,18408,100,72.17
45.1165,18408,100,70.99
45.1341,18932,100,71.38
45.1515,18932,100,70.93
45.1693,17054,100,73.22
45.1867,17054,100,71.16
45.2041,17054,100,70.63
45.2216,17054,100,73.06
45.2391,17054,100,69.63
45.2566,17054,100,71.45
45.2740,17054,100,69.08
45.2913,17054,100,68.49
45.3087,17054,100,70.70
45.3261,17548,100,70.75
45.3436,17548,100,69.24
45.3610,17548,100,71.61
45.3785,17548,100,69.10
45.3959,17548,100,71.26
45.4133,18046,100,71.69
45.4307,18046,100,70.39
45.4481,18046,100,69.78
45.4655,18046,100,70.55
45.4832,18046,100,69.13
45.5006,18046,100,71.73
45.5180,18046,100,71.94
45.5354,18046,100,69.99
45.5528,18046,100,71.03
45.5702,18046,100,72.00
45.5876,18046,100,69.47
45.6051,17094,100,73.58
45.6225,17094,100,71.11
45.6399,17094,100,70.40
45.6573,17094,100,70.35
45.6747,17094,100,69.96
45.6921,17094,100,71.33
45.7095,17094,100,69.59
45.7271,17094,100,68.73
45.7447,17094,100,69.66
45.7622,17094,100,72.37
45.7798,17094,100,69.78
45.7972,17094,100,72.00
45.8147,17094,100,74.76
45.8322,17094,100,71.36
45.8497,17094,100,71.65
45.8672,17094,100,70.68
45.8852,17094,100,69.88
45.9027,17094,100,70.42
45.9201,17094,100,69.55
45.9376,17094,100,70.19
45.9550,17094,100,71.60
45.9724,17094,100,70.19
45.9901,17094,100,71.64
46.0075,17094,100,72.11
46.0249,17094,100,71.93
46.0423,17180,100,67.90
46.0597,17180,100,70.38
46.0771,17180,100,70.54
46.0945,17180,100,70.43
46.1119,17180,100,70.82
46.1293,17180,100,71.76
46.1467,17180,100,70.96
46.1641,17180,100,72.39
46.1815,17180,100,69.43
46.1991,17672,100,69.45
46.2166,17672,100,69.65
46.2341,17672,100,70.78
46.2519,17672,100,70.69
46.2694,17672,100,71.57
46.2871,17672,100,69.57
46.3046,17672,100,71.12
46.3220,17672,100,70.21
46.3394,17672,100,69.29
46.3568,17672,100,69.33
46.3742,17672,100,70.18
46.3916,17672,100,69.25
46.4090,17672,100,70.19
46.4264,17672,100,70.86
46.4438,17672,100,71.75
46.4612,17282,100,67.95
46.4789,17282,100,72.56
46.4963,17282,100,72.04
46.5137,17282,100,70.58
46.5313,17770,100,72.13
46.5489,17770,100,69.31
46.5664,17770,100,70.92
46.5839,17770,100,70.61
46.6014,17770,100,70.63
46.6189,17770,100,70.67
46.6363,17770,100,72.52
46.6537,17770,100,69.15
46.6711,17770,100,69.69
46.6891,17770,100,72.50
46.7067,17770,100,71.41
46.7242,17770,100,72.70
46.7418,17770,100,70.59
46.7592,17770,100,69.31
46.7766,17770,100,71.19
46.7940,17770,100,70.63
46.8114,17770,100,71.46
46.8289,17770,100,71.15
46.8463,17770,100,72.11
46.8638,17770,100,71.20
46.8814,17770,100,72.48
46.8989,17160,100,71.53
46.9164,17160,100,70.87
46.9340,17160,100,72.09
46.9514,17160,100,69.31
46.9688,17160,100,69.44
46.9862,17160,100,70.41
47.0036,17614,100,71.79
47.0212,17614,100,70.87
47.0388,18102,100,70.69
47.0562,18102,100,70.84
47.0740,18102,100,71.70
47.0914,18102,100,70.89
47.1090,18102,100,71.71
47.1266,18102,100,71.80
47.1442,18102,100,72.54
47.1617,18102,100,70.78
47.1791,18102,100,71.39
47.1965,18102,100,72.04
47.2139,18102,100,68.56
47.2315,18102,100,72.19
47.2490,18102,100,72.69
47.2665,18102,100,71.24
47.2840,18102,100,70.95
47.3014,18102,100,69.22
47.3189,17348,100,68.00
47.3363,17348,100,70.18
47.3537,17348,100,69.57
47.3711,17348,100,71.35
47.3887,17348,100,72.05
47.4061,17348,100,70.18
47.4236,17348,100,72.51
47.4411,17348,100,69.81
47.4586,17348,100,72.31
47.4764,17348,100,70.48
47.4938,17348,100,68.08
47.5112,17348,100,70.38
47.5287,17814,100,70.57
47.5461,17814,100,71.24
47.5635,17814,100,71.97
47.5809,17814,100,70.31
47.5983,17814,100,69.98
47.6160,17814,100,72.04
47.6335,17814,100,70.19
47.6511,17814,100,70.19
47.6686,17814,100,73.99
47.6860,17814,100,71.74
47.7035,17814,100,69.48
47.7209,17814,100,70.32
47.7383,17238,100,68.50
47.7558,17238,100,71.29
47.7732,17238,100,72.24
47.7906,17238,100,71.89
47.8082,17238,100,72.15
47.8256,17238,100,72.32
47.8431,17696,100,70.53
47.8605,17696,100,71.03
47.8779,17696,100,70.86
47.8953,18160,100,71.68
47.9127,18160,100,71.02
47.9301,18160,100,68.94
47.9477,18160,100,73.54
47.9658,18160,100,72.60
47.9832,18648,100,70.05
48.0007,18648,100,72.42
48.0181,18648,100,70.24
48.0358,18648,100,72.57
48.0533,18648,100,73.71
48.0708,18648,100,70.50
48.0882,18648,100,74.48
48.1060,18648,100,72.05
48.1234,18648,100,69.06
48.1410,18648,100,69.86
48.1585,18064,99,73.51
48.1760,17304,100,68.93
48.1935,17304,100,71.27
48.2110,17304,100,69.05
48.2285,17304,100,70.52
48.2459,17304,100,69.88
48.2633,17304,100,71.32
48.2809,17304,100,71.25
48.2985,17304,100,70.72
48.3163,17770,100,72.81
48.3345,17770,100,69.56
48.3520,17770,100,70.86
48.3695,17770,100,69.30
48.3869,17770,100,71.14
48.4043,17770,100,72.03
48.4217,17770,100,70.21
48.4391,17770,100,71.05
48.4566,17770,100,72.57
48.4742,17770,100,71.00
48.4917,17770,100,70.49
48.5092,17770,100,72.82
48.5266,18258,100,70.28
48.5441,18258,100,72.37
48.5615,18258,100,71.41
48.5790,18258,100,69.58
48.5967,17156,100,72.81
48.6141,17156,100,71.71
48.6315,17156,100,69.95
48.6489,17156,100,73.04
48.6664,17156,100,71.36
48.6846,17156,100,70.60
48.7027,17156,100,72.53
48.7201,17156,100,71.23
48.7377,17618,100,71.20
48.7552,17618,100,73.58
48.7726,17618,100,70.53
48.7904,17618,100,72.32
48.8079,17618,100,71.22
48.8254,17618,100,71.81
48.8429,17618,100,70.85
48.8603,18082,100,70.58
48.8777,18082,100,70.37
48.8951,18082,100,70.94
48.9126,18564,100,70.01
48.9303,18564,100,69.40
48.9477,18564,100,73.69
48.9652,18564,100,73.03
48.9827,18564,100,68.98
49.0001,18564,100,73.32
49.0175,17154,100,70.34
49.0350,17154,100,69.40
49.0524,17634,100,68.54
49.0698,17634,100,70.30
49.0872,17634,100,70.56
49.1046,17634,100,71.70
49.1221,17634,100,71.90
49.1397,17634,100,73.18
49.1571,17634,100,68.56
49.1745,17634,100,71.19
49.1919,17634,100,71.20
49.2097,17634,100,70.39
49.2271,17634,100,70.36
49.2445,17634,100,71.10
49.2619,17634,100,71.53
49.2795,17634,100,68.85
49.2973,17634,100,71.48
49.3148,17634,100,73.30
49.3323,17634,100,70.56
49.3497,18124,100,71.45
49.3672,18124,100,70.54
49.3846,18124,100,68.73
49.4020,18124,100,69.51
49.4194,18124,100,72.53
49.4368,18124,100,70.96
49.4542,17350,100,70.44
49.4716,17350,100,70.05
49.4890,17350,100,68.50
49.5064,17350,100,68.25
49.5240,17350,100,69.68
49.5413,17350,100,72.71
49.5588,17350,100,68.50
49.5763,17350,100,70.83
49.5937,17350,100,71.65
49.6111,17350,100,70.62
49.6285,17350,100,71.28
49.6459,17350,100,69.85
49.6633,17814,100,69.99
49.6807,17814,100,70.74
49.6981,17814,100,70.91
49.7156,17814,100,72.50
49.7332,17814,100,70.68
49.7509,17814,100,70.86
49.7684,17814,100,71.25
49.7858,17814,100,68.37
49.8031,17814,100,68.82
49.8205,17814,100,72.51
49.8381,18302,100,72.67
49.8560,18302,100,73.36
49.8735,17300,100,69.85
49.8909,17300,100,72.14
49.9084,17300,100,71.88
49.9258,17300,100,71.07
49.9433,17300,100,71.57
49.9608,17300,100,68.88
49.9781,17300,100,71.91
49.9955,17300,100,69.32
50.0131,17300,100,70.23
50.0307,17300,100,73.63
50.0488,17300,100,72.88
50.0662,17300,100,69.12
50.0836,17300,100,70.22
50.1012,17766,100,69.92
50.1186,17766,100,73.18
50.1361,17766,100,74.75
50.1535,17766,100,70.44
50.1712,17766,100,70.96
50.1886,17766,100,71.27
50.2062,17766,100,70.96
50.2237,18248,100,72.82
50.2412,18248,100,71.26
50.2588,18248,100,70.45
50.2765,18248,100,69.68
50.2940,17466,100,71.10
50.3116,17466,100,69.72
50.3291,17466,100,71.30
50.3466,17466,100,70.19
50.3640,17466,100,69.68
50.3814,17466,100,71.19
50.3988,17946,100,70.86
50.4162,17946,100,68.19
50.4339,17946,100,72.82
50.4515,17946,100,71.38
50.4690,17946,100,72.34
50.4865,17946,100,71.96
50.5039,17946,100,71.65
50.5213,18434,100,70.97
50.5387,18434,100,70.46
50.5562,18434,100,69.81
50.5736,18434,100,69.32
50.5911,18434,100,71.46
50.6085,18434,100,69.63
50.6259,18434,100,70.40
50.6434,18434,100,71.50
50.6609,18434,100,71.99
50.6790,18434,100,69.39
50.6972,18434,100,70.48
50.7147,17352,100,67.57
50.7322,17352,100,72.20
50.7496,17352,100,69.29
50.7671,17352,100,70.31
50.7847,17352,100,70.96
50.8022,17352,100,73.32
50.8197,17352,100,70.02
50.8371,17352,100,70.04
50.8546,17352,100,71.94
50.8719,17352,100,69.64
50.8894,17352,100,72.11
50.9068,17352,100,70.43
50.9243,17834,100,69.10
50.9417,17834,100,69.74
50.9592,17834,100,68.17
50.9771,17834,100,73.28
50.9945,17834,100,71.68
51.0120,17834,100,71.18
51.0295,18322,100,72.68
51.0470,18322,100,70.54
51.0646,18322,100,72.93
51.0820,18322,100,70.22
51.0995,18322,100,70.77
51.1169,18322,100,70.67
51.1343,18322,100,70.50
51.1517,17352,100,72.75
51.1691,17352,100,69.68
51.1869,17352,100,71.65
51.2045,17352,100,69.94
51.2220,17352,100,71.46
51.2394,17352,100,71.84
51.2573,17352,100,69.06
51.2747,17352,100,71.26
51.2921,17352,100,71.68
51.3095,17352,100,70.67
51.3270,17352,100,71.63
51.3445,17352,100,71.74
51.3624,17352,100,69.45
51.3798,17352,100,70.64
51.3975,17352,100,68.75
51.4149,17352,100,70.96
51.4323,17352,100,70.38
51.4499,17352,100,70.51
51.4674,17822,100,71.77
51.4852,17822,100,73.32
51.5027,17822,100,71.94
51.5201,17822,100,70.74
51.5375,17822,100,70.40
51.5549,17822,100,71.94
51.5723,17384,100,70.25
51.5898,17384,100,72.13
51.6072,17384,100,69.82
51.6247,17384,100,69.19
51.6421,17384,100,69.11
51.6596,17384,100,70.04
51.6771,17384,100,72.29
51.6946,17384,100,69.14
51.7121,17384,100,69.99
51.7295,17384,100,71.92
51.7469,17384,100,70.86
51.7648,17384,100,71.73
51.7824,17384,100,70.26
51.7999,17384,100,70.09
51.8177,17384,100,72.83
51.8351,17384,100,68.74
51.8526,17384,100,69.55
51.8700,17856,100,71.56
51.8874,17856,100,69.39
51.9051,17856,100,71.41
51.9227,18336,100,70.99
51.9404,18336,100,73.01
51.9579,18336,100,72.05
51.9755,18336,100,71.70
51.9933,17348,100,69.44
52.0107,17348,100,71.50
52.0281,17348,100,69.36
52.0455,17348,100,68.83
52.0629,17348,100,72.49
52.0805,17348,100,72.48
52.0980,17836,100,71.96
52.1155,17836,100,70.91
52.1329,17836,100,70.40
52.1504,17836,100,72.15
52.1680,17836,100,70.35
52.1855,17836,100,71.18
52.2031,17836,100,71.80
52.2206,17836,100,70.90
52.2381,17836,100,71.45
52.2555,17836,100,71.08
52.2730,17836,100,71.26
52.2904,17836,100,70.33
52.3078,17836,100,69.58
52.3253,17836,100,71.52
52.3429,17836,100,68.63
52.3611,17836,100,71.22
52.3792,17836,100,70.32
52.3971,17836,100,70.10
52.4145,17836,99,69.92
52.4327,17396,100,69.96
52.4501,17396,100,70.64
52.4679,17396,100,70.82
52.4853,17396,100,70.35
52.5027,17396,100,69.38
52.5201,17396,100,70.23
52.5376,17396,100,70.82
52.5555,17396,100,72.56
52.5732,17396,100,69.73
52.5909,17396,100,69.31
52.6086,17396,100,71.82
52.6265,17396,100,71.78
52.6439,17396,100,70.69
52.6617,17396,100,70.46
52.6791,17396,100,71.31
52.6967,17396,100,70.12
52.7145,17396,100,69.92
52.7326,17396,100,72.71
52.7500,17396,100,69.29
52.7675,17396,100,73.60
52.7853,17396,100,70.53
52.8028,17396,100,70.48
52.8203,17396,100,70.48
52.8381,17532,100,68.92
52.8555,17532,100,70.18
52.8729,17532,100,71.67
52.8906,18020,100,69.39
52.9083,18020,100,68.71
52.9259,18020,100,73.60
52.9434,18020,100,70.26
52.9613,18020,100,70.53
52.9787,18020,100,70.09
52.9962,18020,100,70.41
53.0136,18020,100,70.29
53.0310,18020,100,71.22
53.0484,18020,100,71.66
53.0664,18020,100,70.84
53.0838,18020,100,69.69
53.1019,18020,100,72.42
53.1193,18020,100,70.03
53.1367,18020,100,72.35
53.1541,18020,100,70.20
53.1722,18020,100,70.13
53.1898,18020,100,71.94
53.2076,18020,100,68.57
53.2250,18020,100,68.91
53.2427,18020,100,71.22
53.2602,18022,100,72.25
53.2781,17290,100,72.05
53.2962,17772,100,70.89
53.3137,17772,100,70.01
53.3318,17772,100,69.81
53.3492,17772,100,70.70
53.3666,17772,100,69.10
53.3845,17772,100,72.04
53.4020,17772,100,70.24
53.4195,17772,100,71.84
53.4372,17772,100,69.33
53.4546,17772,100,69.70
53.4725,17772,99,70.94
53.4907,17772,100,70.34
53.5084,17772,100,69.73
53.5258,17772,100,70.78
53.5433,17772,100,72.21
53.5616,17772,100,70.91
53.5790,17772,100,70.18
53.5968,17772,100,69.29
53.6146,17772,100,68.27
53.6322,18260,100,72.78
53.6500,18260,100,71.93
53.6674,18260,100,70.47
53.6852,16692,98,68.48
53.7028,17316,100,71.74
53.7205,17798,100,69.84
53.7385,17798,100,69.48
53.7563,17798,100,71.27
53.7739,17798,100,74.27
53.7916,17798,100,72.28
53.8094,17798,100,70.57
53.8275,17798,100,70.38
53.8449,17798,100,72.46
53.8631,17798,100,70.45
53.8807,17798,100,72.79
53.8986,17798,100,72.30
53.9161,17798,100,68.52
53.9338,17798,100,71.16
53.9517,17798,100,70.76
53.9693,17798,100,72.92
53.9872,17798,100,71.22
54.0051,17798,100,73.58
54.0225,17798,100,69.79
54.0403,17798,100,70.30
54.0577,17798,100,71.99
54.0754,17798,100,70.38
54.0933,17798,100,71.52
54.1108,15274,99,71.39
54.1286,17558,100,71.67
54.1460,17558,100,72.47
54.1638,17558,100,71.00
54.1812,17558,100,71.97
54.1986,17558,100,73.09
54.2165,17558,100,70.03
54.2346,17558,100,70.46
54.2520,18040,100,69.54
54.2701,18040,100,68.94
54.2876,18040,100,72.22
54.3058,18040,100,70.00
54.3231,18040,100,68.29
54.3412,18040,100,75.21
54.3589,18040,100,70.99
54.3767,18530,100,71.13
54.3940,18530,100,70.61
54.4116,18530,100,72.44
54.4295,18530,100,70.99
54.4470,18530,100,74.79
54.4643,18530,100,70.79
54.4821,18530,100,69.66
54.5003,18530,100,71.69
54.5181,18530,100,71.46
54.5362,17606,100,71.76
54.5543,17606,100,70.10
54.5721,17606,100,73.00
54.5900,17606,100,72.51
54.6076,17606,100,69.62
54.6250,17606,100,69.15
54.6425,17606,100,69.15
54.6599,17606,100,70.86
54.6774,17606,100,70.58
54.6950,17606,100,71.51
54.7126,17606,100,71.26
54.7301,17606,100,71.23
54.7477,17606,100,71.22
54.7651,17606,100,72.23
54.7826,17606,100,68.80
54.8002,17606,100,68.79
54.8176,17606,100,70.04
54.8352,17606,100,71.47
54.8526,17606,100,70.86
54.8702,17606,100,72.25
54.8878,17606,100,69.29
54.9054,17606,100,72.73
54.9230,17606,100,72.74
54.9405,17606,100,70.58
54.9579,17482,100,72.59
54.9756,17482,100,72.06
54.9931,17482,100,70.48
55.0107,17482,100,71.04
55.0285,17482,100,73.32
55.0461,17482,100,70.44
55.0636,17482,100,71.22
55.0812,17482,100,71.76
55.0987,17482,100,68.49
55.1161,17482,100,70.23
55.1335,17482,100,69.39
55.1508,17970,100,72.09
55.1685,17970,100,69.99
55.1860,17970,100,72.27
55.2036,17970,100,71.89
55.2211,17970,100,69.86
55.2387,17970,100,72.04
55.2561,17970,100,71.42
55.2736,17970,100,71.75
55.2915,17970,100,72.65
55.3089,17970,100,71.49
55.3263,17970,100,69.65
55.3437,17970,100,68.90
55.3610,17970,100,70.29
55.3785,17972,100,70.92
55.3959,17524,100,68.17
55.4133,17524,100,69.54
55.4307,17524,100,70.11
55.4481,17524,100,70.54
55.4655,17524,100,71.31
55.4831,17524,100,71.75
55.5006,17524,100,70.06
55.5184,17524,100,73.48
55.5359,17524,100,72.27
55.5533,17524,100,73.30
55.5707,17524,100,68.79
55.5881,17524,100,69.31
55.6055,17524,100,70.57
55.6231,17524,100,69.94
55.6406,18008,100,70.41
55.6585,18008,100,69.39
55.6759,18008,100,68.46
55.6933,18498,100,72.42
55.7109,18498,100,70.36
55.7284,18498,100,70.68
55.7460,18498,100,70.60
55.7634,18498,100,70.74
55.7807,18498,100,69.08
55.7981,18498,100,69.39
55.8155,17510,100,67.80
55.8329,17510,100,71.75
55.8503,17510,100,68.57
55.8679,17510,100,69.40
55.8854,17510,100,69.73
55.9029,17510,100,69.56
55.9203,17510,100,72.50
55.9377,17510,100,69.31
55.9553,17510,100,71.75
55.9727,17510,100,70.84
55.9902,17510,100,74.10
56.0076,17510,100,70.47
56.0250,17510,100,72.09
56.0424,17510,100,71.82
56.0600,17510,100,71.44
56.0776,17510,100,71.22
56.0950,17510,100,70.08
56.1124,17510,100,69.37
56.1299,17510,100,70.50
56.1474,17510,100,69.97
56.1649,17510,100,73.87
56.1824,18000,100,70.57
56.2003,18000,100,70.03
56.2176,18000,100,69.75
56.2351,17612,100,74.51
56.2524,17612,100,70.11
56.2699,17612,100,69.51
56.2876,17612,100,70.49
56.3052,17612,100,72.19
56.3228,17612,100,69.42
56.3402,17612,100,72.29
56.3581,17612,100,69.99
56.3755,17612,100,71.52
56.3929,17612,100,73.49
56.4103,17612,100,71.15
56.4277,17612,100,70.01
56.4453,17612,100,71.64
56.4628,17612,100,70.27
56.4802,17612,100,71.37
56.4977,17612,100,69.76
56.5151,17612,100,68.88
56.5325,17612,100,70.24
56.5499,17612,100,70.87
56.5675,17612,100,71.69
56.5854,17612,100,69.68
56.6030,17612,100,71.38
56.6204,17612,100,70.72
56.6380,17612,100,70.21
56.6554,17590,100,69.15
56.6728,17590,100,69.81
56.6902,17590,100,71.26
56.7076,17590,100,72.22
56.7252,17590,100,72.01
56.7427,17590,100,72.45
56.7602,17590,100,71.38
56.7776,17590,100,71.68
56.7950,17590,100,69.31
56.8126,17590,100,69.95
56.8302,17590,100,73.38
56.8477,17590,100,70.05
56.8656,17590,100,70.78
56.8830,17590,100,73.13
56.9004,17590,100,72.35
56.9181,17590,100,71.34
56.9355,17590,100,70.79
56.9530,18080,100,71.76
56.9703,18080,100,71.02
56.9881,18080,100,71.00
57.0055,18080,100,70.25
57.0230,18080,100,72.23
57.0406,18080,100,73.06
57.0585,18080,100,70.68
57.0759,17504,99,72.48
57.0933,17504,100,71.71
57.1107,17504,100,71.69
57.1282,17504,100,71.08
57.1458,17504,100,71.05
57.1633,17504,100,69.75
57.1808,17504,100,70.60
57.1982,17504,100,69.85
57.2157,17504,100,71.97
57.2331,17504,100,69.50
57.2505,17504,100,69.31
57.2680,17504,100,71.31
57.2856,17504,100,70.18
57.3030,17504,100,69.42
57.3206,17504,100,70.71
57.3380,17504,100,68.97
57.3554,17504,100,69.40
57.3728,17504,100,69.41
57.3904,17504,100,70.71
57.4080,17504,100,71.32
57.4255,17504,100,71.51
57.4429,17504,100,69.31
57.4607,17504,100,71.73
57.4782,17504,100,71.69
57.4961,15620,99,68.33
57.5136,14908,55,67.48
57.5310,14908,0,31.66
57.5484,14908,0,31.16
57.5659,14908,0,31.13
57.5833,14908,0,31.13
57.6007,14908,0,31.04
57.6181,14908,0,31.05
57.6359,14908,0,30.76
57.6533,14908,0,30.79
57.6707,14908,0,30.79
57.6884,14908,0,30.74
57.7059,14908,0,30.69
57.7233,14908,0,30.51
57.7425,14908,0,30.60
57.7607,14908,0,30.57
57.7789,14908,0,30.46
57.7974,14908,0,30.32
57.8148,14908,0,30.42
57.8335,16176,100,53.19
57.8509,16666,100,70.40
57.8683,16666,100,71.35
57.8862,16666,100,72.70
57.9038,16666,100,72.43
57.9213,16666,100,69.77
57.9387,16666,100,69.05
57.9562,16666,100,69.89
57.9735,16666,100,68.96
57.9910,16666,100,73.14
58.0086,16666,100,70.09
58.0261,16666,100,71.47
58.0436,16666,100,69.18
58.0610,16666,100,71.38
58.0784,16666,100,70.59
58.0958,16666,100,71.30
58.1133,16666,100,69.96
58.1309,16666,100,71.56
58.1485,16666,100,71.87
58.1659,16666,100,70.55
58.1837,16666,100,71.47
58.2011,16666,100,69.77
58.2185,16666,100,70.73
58.2362,16666,100,69.65
58.2536,16666,100,71.89
58.2710,16666,100,70.58
58.2884,16666,100,69.54
58.3060,16666,100,74.86
58.3234,16666,100,71.51
58.3409,16666,100,72.45
58.3583,16666,100,69.33
58.3757,16666,100,69.66
58.3932,16666,100,71.85
58.4107,16666,100,71.28
58.4283,16666,100,71.69
58.4457,16666,100,72.67
58.4631,16666,100,68.45
58.4805,16666,100,70.43
58.4981,16666,99,73.10
58.5156,16666,100,69.52
58.5330,16666,100,72.64
58.5505,16666,100,73.47
58.5680,16666,100,68.88
58.5854,16666,100,71.22
58.6031,16666,100,71.35
58.6205,16666,100,70.73
58.6381,16666,100,69.02
58.6557,16666,100,72.56
58.6733,16666,100,73.05
58.6907,16666,100,70.49
58.7082,16666,100,73.17
58.7256,16666,100,71.48
58.7431,17158,100,71.11
58.7605,17158,100,72.09
58.7779,17158,100,68.93
58.7954,17158,100,70.55
58.8130,17158,100,71.29
58.8307,17158,100,72.42
58.8482,17158,100,70.73
58.8657,17158,100,71.04
58.8832,17158,99,72.54
58.9007,17158,100,71.61
58.9181,17158,100,70.60
58.9355,17158,100,70.75
58.9530,17158,100,70.29
58.9705,17158,100,72.54
58.9881,17158,100,72.14
59.0056,17158,100,70.42
59.0230,17158,100,72.68
59.0405,17158,100,72.57
59.0579,17158,100,68.70
59.0756,17158,100,71.13
59.0930,17158,100,71.48
59.1104,17158,100,71.55
59.1280,17158,100,70.78
59.1456,17158,100,72.58
59.1631,17158,100,71.62
59.1805,17158,100,71.55
59.1980,17158,100,73.57
59.2155,17158,100,74.24
59.2329,17158,100,70.06
59.2504,17158,100,70.72
59.2682,17158,100,71.10
59.2856,17158,100,70.42
59.3030,17158,100,70.69
59.3204,17158,100,71.20
59.3378,17158,100,70.36
59.3552,17158,100,68.72
59.3726,17158,100,71.57
59.3902,17158,100,71.33
59.4077,17158,100,71.37
59.4252,17158,100,73.16
59.4427,17158,100,71.33
59.4602,17158,100,72.27
59.4775,17158,100,72.45
59.4951,17158,100,72.19
59.5126,17158,100,69.43
59.5303,17158,100,71.01
59.5477,17158,100,71.22
59.5652,17158,100,71.37
59.5827,17158,100,72.00
59.6001,17158,100,72.59
59.6175,17158,100,70.15
59.6349,17158,100,71.06
59.6523,17158,100,72.92
59.6698,17158,100,70.02
59.6873,17158,100,71.15
59.7048,17158,100,71.98
59.7223,17158,100,70.53
59.7397,17158,100,70.31
59.7571,17158,100,69.65
59.7748,17158,100,71.25
59.7922,17158,100,69.10
59.8097,17158,100,72.39
59.8271,17158,100,69.20
59.8448,17158,100,71.89
59.8622,17158,100,70.20
59.8797,17158,100,72.16
59.8973,17158,100,72.64
59.9148,17158,100,71.58
59.9323,17158,100,70.33
59.9498,17158,100,69.86
59.9672,17158,100,71.08
59.9846,17158,100,68.61
60.0021,17158,100,70.89
60.0196,17158,100,70.29
60.0371,17158,100,71.61
60.0546,17158,100,72.05
60.0722,17158,100,71.57
60.0897,17158,100,68.12
60.1071,17158,100,70.79
60.1245,17158,100,70.61
60.1419,17158,100,72.39
60.1593,17158,100,72.35
60.1769,17158,100,71.65
60.1945,17158,100,71.47
60.2120,17158,100,69.25
60.2294,17158,100,70.20
60.2468,17158,100,71.28
60.2644,17158,100,68.39
60.2819,17158,100,72.44
60.2994,17158,100,70.84
60.3169,17158,100,68.40
60.3343,17158,100,71.50
60.3517,17158,100,70.07
60.3691,17158,100,69.46
60.3867,17158,100,71.86
60.4043,17158,100,70.35
60.4218,17158,100,72.66
60.4394,17158,100,72.35
60.4568,17158,100,69.61
60.4746,17158,100,71.09
60.4920,17158,100,72.39
60.5095,17158,100,71.13
60.5269,17158,100,71.48
60.5443,17158,100,70.08
60.5618,17158,100,71.86
60.5793,17158,100,69.02
60.5967,17158,100,70.89
60.6141,17158,100,70.69
60.6315,17158,100,69.32
60.6491,17158,100,70.29
60.6667,17158,100,73.04
60.6842,17158,100,71.13
60.7017,17158,100,70.70
60.7192,17158,100,71.62
60.7366,17158,100,72.34
60.7540,17158,100,68.40
60.7715,17158,100,71.10
60.7889,17158,100,72.40
60.8063,17158,100,70.31
60.8239,17158,100,69.85
60.8413,17158,100,70.50
60.8588,17158,100,70.75
60.8762,17158,100,71.03
60.8936,17158,100,71.42
60.9110,17158,100,69.62
60.9286,17158,100,72.31
60.9463,17158,100,72.78
60.9638,17158,100,69.57
60.9813,17158,100,69.22
60.9987,17158,100,71.52
61.0161,17158,100,70.22
61.0336,17158,100,72.58
61.0511,17158,100,74.50
61.0685,17158,100,70.89
61.0860,17158,100,69.99
61.1033,17158,100,71.86
61.1208,17158,100,70.36
61.1384,17158,100,72.01
61.1559,17158,100,72.49
61.1734,17158,100,67.83
61.1908,17158,100,69.89
61.2082,17158,100,71.95
61.2257,17158,100,71.61
61.2432,17158,100,70.39
61.2607,17158,100,70.83
61.2782,17158,100,72.36
61.2956,17158,100,70.03
61.3131,17158,100,68.93
61.3306,17158,100,70.69
61.3480,17158,100,70.68
61.3654,17158,100,71.02
61.3830,17158,100,71.24
61.4006,17158,100,70.85
61.4184,17158,99,72.83
61.4360,17158,100,71.53
61.4535,17158,100,69.74
61.4709,17158,100,71.63
61.4883,17158,100,71.76
61.5059,17158,100,71.66
61.5234,17158,100,70.15
61.5410,17158,100,69.72
61.5585,17158,100,71.31
61.5759,17158,100,70.01
61.5933,17158,100,71.36
61.6107,17158,100,68.54
61.6282,17158,99,71.50
61.6459,17158,100,72.33
61.6633,17158,100,69.46
61.6809,17158,100,72.82
61.6983,17158,100,69.41
61.7158,17158,100,70.84
61.7332,17158,100,69.83
61.7506,17158,100,69.43
61.7680,17158,100,70.30
61.7856,17158,100,70.08
61.8030,17158,100,69.96
61.8209,17158,100,70.32
61.8383,17158,100,69.99
61.8558,17158,100,71.86
61.8736,17158,100,72.75
61.8910,17158,100,73.26
61.9085,17158,100,70.53
61.9260,17158,99,72.51
61.9435,17158,100,70.74
61.9609,17158,100,72.36
61.9787,17158,100,71.38
61.9965,17158,100,69.96
62.0141,17158,100,71.94
62.0316,17158,100,70.80
62.0490,17158,100,71.73
62.0664,17158,100,69.49
62.0838,17158,100,71.72
62.1014,17158,100,71.73
62.1189,17158,100,71.10
62.1365,17158,100,69.28
62.1539,17158,100,70.69
62.1713,17158,100,71.25
62.1894,17158,100,73.21
62.2070,17158,100,71.60
62.2244,17158,100,70.36
62.2422,17158,100,73.18
62.2596,17158,100,71.21
62.2771,17158,100,69.97
62.2945,17158,100,71.24
62.3119,17158,100,72.43
62.3293,17158,100,69.34
62.3469,17158,99,71.30
62.3647,17158,100,71.58
62.3822,17158,100,72.28
62.3999,17158,100,69.35
62.4173,17158,100,69.96
62.4354,17158,100,71.18
62.4529,17158,100,68.92
62.4706,17158,100,71.77
62.4888,17158,100,70.43
62.5063,17158,100,69.32
62.5244,17158,100,70.82
62.5421,17158,100,70.90
62.5600,17158,100,73.35
62.5775,17158,100,70.21
62.5950,17158,100,71.46
62.6127,17158,100,70.45
62.6304,17158,100,71.20
62.6488,17158,100,70.53
62.6671,17158,100,70.32
62.6846,17158,100,71.30
62.7020,17158,100,71.37
62.7199,17158,100,70.81
62.7375,17158,100,69.89
62.7553,17158,100,70.87
62.7730,17158,100,69.44
62.7904,17158,100,71.18
62.8083,17158,100,70.01
62.8261,17158,100,71.26
62.8440,17158,100,72.17
62.8615,17158,100,71.26
62.8793,17158,100,71.67
62.8971,17158,100,69.60
62.9146,17158,100,73.03
62.9324,17158,100,71.42
62.9505,17158,100,70.98
62.9680,17158,100,72.23
62.9854,17158,100,70.05
63.0033,17158,100,70.95
63.0208,17158,100,70.96
63.0388,17158,100,71.37
63.0566,17158,100,70.71
63.0745,17158,100,71.07
63.0919,17158,100,71.45
63.1100,17158,100,69.39
63.1277,17158,100,70.18
63.1453,17158,100,71.28
63.1633,17158,100,72.15
63.1814,17158,100,70.29
63.1996,17158,100,71.41
63.2174,17158,100,70.87
63.2355,17158,100,69.06
63.2532,17158,100,67.53
63.2708,17158,100,71.73
63.2884,17158,100,71.49
63.3065,17158,100,71.99
63.3239,17158,100,69.57
63.3418,17158,100,70.29
63.3593,17158,100,72.60
63.3774,17158,100,70.27
63.3949,17158,100,70.41
63.4127,17158,100,70.36
63.4308,17158,100,70.75
63.4486,17158,100,70.33
63.4663,17158,100,70.85
63.4837,17158,100,69.95
63.5015,17158,100,69.76
63.5197,17158,100,70.28
63.5373,17158,100,71.00
63.5551,17158,100,70.54
63.5728,17158,100,70.95
63.5903,17158,100,70.83
63.6080,17158,100,70.69
63.6262,17158,100,72.36
63.6437,17158,100,69.64
63.6615,17158,100,69.84
63.6793,17158,100,70.86
63.6975,17158,100,72.77
63.7149,17158,100,71.54
63.7324,17158,100,71.71
63.7504,17158,100,70.38
63.7680,17158,100,72.23
63.7854,17158,100,71.95
63.8029,17158,100,70.71
63.8203,17158,100,70.04
63.8377,17158,100,70.26
63.8553,17158,100,71.34
63.8735,17158,100,71.44
63.8912,17158,100,70.90
63.9089,17158,100,70.74
63.9266,17158,100,71.76
63.9442,17158,100,71.26
63.9619,17158,100,70.59
63.9794,17158,100,69.70
63.9970,17158,100,70.46
64.0144,17158,100,73.04
64.0325,17158,100,70.43
64.0499,17158,100,71.11
64.0673,17158,100,70.97
64.0847,17158,100,72.13
64.1026,17158,100,72.52
64.1201,17158,100,74.09
64.1379,17158,100,71.07
64.1561,17158,100,73.19
64.1735,17158,100,71.04
64.1910,17158,100,71.58
64.2091,17158,100,69.18
64.2273,17158,100,72.93
64.2447,17158,100,73.24
64.2621,17158,100,70.59
64.2799,17158,100,72.14
64.2981,17158,100,72.69
64.3156,17158,100,72.25
64.3331,17158,100,69.85
64.3506,17158,100,70.22
64.3687,17158,100,68.56
64.3866,17158,100,71.85
64.4042,17158,100,71.72
64.4216,17158,100,71.29
64.4393,17158,100,70.12
64.4570,17158,100,70.06
64.4749,17158,100,71.72
64.4927,17158,100,70.42
64.5101,17158,100,71.76
64.5275,17158,100,69.30
64.5449,17158,100,69.93
64.5624,17158,100,69.80
64.5800,17158,100,70.08
64.5975,17158,100,74.22
64.6154,17158,99,71.09
64.6328,17158,100,68.42
64.6509,17158,100,69.84
64.6690,17158,100,72.68
64.6864,17158,100,71.64
64.7043,17158,100,69.81
64.7217,17158,100,69.78
64.7394,17158,100,71.01
64.7568,17158,100,71.93
64.7743,17158,100,71.98
64.7917,17158,100,71.26
64.8096,17158,100,71.45
64.8271,17158,100,69.83
64.8446,17158,100,70.29
64.8620,17158,100,71.63
64.8794,17158,100,71.00
64.8969,17158,100,68.43
64.9143,17158,100,71.53
64.9317,17652,100,69.72
64.9493,17652,100,70.80
64.9670,17652,100,72.36
64.9846,17652,100,71.96
65.0024,17652,100,69.29
65.0198,17652,100,70.95
65.0374,17652,100,73.18
65.0550,17652,100,68.50
65.0725,17652,100,70.08
65.0899,17652,100,69.76
65.1073,17652,100,70.34
65.1249,17652,100,71.35
65.1424,17652,100,73.62
65.1599,17652,100,71.03
65.1780,17652,100,69.19
65.1954,17652,100,68.67
65.2129,17652,100,70.45
65.2305,17652,100,72.20
65.2480,17652,100,72.20
65.2655,17652,100,71.27
65.2829,17652,100,71.47
65.3004,17652,100,70.64
65.3179,17652,100,71.15
65.3353,17652,100,71.08
65.3527,17652,100,70.79
65.3703,17652,99,74.10
65.3878,17652,100,73.35
65.4052,17652,100,70.28
65.4226,17652,100,71.24
65.4404,17652,100,71.13
65.4580,17652,100,69.81
65.4755,17652,100,70.03
65.4930,17652,100,70.62
65.5104,17652,100,69.89
65.5278,17652,100,69.32
65.5454,17652,100,70.60
65.5630,17652,100,70.19
65.5804,17652,100,70.33
65.5978,17652,100,72.05
65.6152,17652,100,71.60
65.6326,17652,100,68.42
65.6500,17652,100,69.78
65.6675,17652,100,71.96
65.6851,17652,100,68.79
65.7026,17652,100,70.29
65.7199,17652,100,70.58
65.7373,17652,100,71.55
65.7550,17652,100,70.27
65.7725,17652,100,70.58
65.7900,17652,100,69.60
65.8075,17652,100,70.03
65.8252,17652,100,74.61
65.8426,17652,100,73.74
65.8604,17652,100,69.24
65.8778,17652,100,71.41
65.8953,17652,100,69.18
65.9127,17652,100,70.57
65.9303,17652,100,71.15
65.9477,17652,100,70.10
65.9650,17652,100,71.36
65.9826,17652,100,71.87
66.0001,17652,100,72.79
66.0176,17652,100,71.53
66.0350,17652,100,70.13
66.0524,17652,100,69.19
66.0698,17652,100,70.24
66.0874,17652,100,70.19
66.1049,17652,99,71.97
66.1223,17652,100,72.41
66.1397,17652,100,70.23
66.1572,17652,100,70.88
66.1747,17652,100,70.22
66.1922,17652,100,71.28
66.2097,17652,100,70.80
66.2271,17652,100,69.95
66.2445,17652,100,70.96
66.2620,17652,100,70.24
66.2793,17652,100,71.09
66.2969,17652,100,71.33
66.3144,17652,100,70.99
66.3319,17652,100,71.22
66.3493,17652,100,70.77
66.3667,17652,100,70.30
66.3842,17652,100,70.46
66.4018,17652,100,71.72
66.4193,17652,100,75.71
66.4367,17652,100,69.98
66.4542,17652,100,70.65
66.4719,17652,100,70.25
66.4893,17652,100,70.21
66.5067,17652,100,71.09
66.5243,17652,100,69.97
66.5417,17652,100,70.90
66.5592,17652,100,71.47
66.5765,17652,100,70.30
66.5940,17652,100,69.97
66.6115,17652,100,69.22
66.6290,17652,100,72.02
66.6465,17652,100,71.60
66.6639,17652,100,71.23
66.6813,17652,100,70.42
66.6987,17652,100,71.97
66.7161,17652,100,69.24
66.7337,17652,100,71.30
66.7515,17652,100,70.29
66.7690,17652,100,69.50
66.7864,17652,100,70.47
66.8040,17652,100,70.50
66.8215,17652,100,71.34
66.8390,17652,100,71.24
66.8564,17652,100,70.79
66.8739,17652,100,70.99
66.8914,17652,100,70.07
66.9089,17652,100,70.60
66.9264,17652,100,68.64
66.9438,17652,100,69.09
66.9612,17652,100,70.78
66.9786,17652,100,71.58
66.9962,17652,100,70.67
67.0137,17652,100,71.38
67.0311,17652,100,71.49
67.0487,17652,100,71.00
67.0662,17652,100,72.41
67.0836,17652,100,71.04
67.1011,17652,100,70.73
67.1187,17652,100,71.62
67.1362,17652,100,70.28
67.1540,17652,100,71.78
67.1714,17652,100,70.42
67.1890,17652,100,70.67
67.2066,17652,100,72.38
67.2245,17652,100,73.66
67.2419,17652,100,71.39
67.2594,17652,100,70.88
67.2767,17652,100,70.94
67.2942,17652,100,70.57
67.3118,17652,100,71.21
67.3293,17652,100,71.74
67.3467,17652,100,72.25
67.3645,17652,100,69.44
67.3823,17652,100,70.17
67.3998,17652,100,72.42
67.4173,17652,100,71.93
67.4348,17652,100,71.67
67.4523,17652,100,69.88
67.4697,17652,100,69.20
67.4872,17652,100,70.90
67.5050,17652,99,72.30
67.5226,17652,100,72.31
67.5400,17652,100,71.08
67.5578,17652,100,70.19
67.5753,17652,100,71.30
67.5928,17652,100,70.74
67.6102,17652,100,69.89
67.6276,17652,100,69.06
67.6450,17652,100,71.22
67.6626,17652,100,72.23
67.6805,17652,100,71.86
67.6979,17652,100,71.70
67.7153,17652,100,72.06
67.7328,17652,100,70.82
67.7503,17652,100,70.66
67.7678,17652,100,70.10
67.7853,17652,100,69.00
67.8028,17652,100,70.71
67.8202,17652,100,68.42
67.8376,17652,100,70.18
67.8551,17652,100,72.80
67.8726,17652,100,71.61
67.8900,17652,100,68.12
67.9075,17652,100,71.27
67.9250,17652,100,71.64
67.9426,17652,100,69.92
67.9604,17652,100,69.21
67.9779,17652,100,71.38
67.9953,17652,100,71.25
68.0127,17652,100,72.21
68.0303,17652,100,70.39
68.0477,17652,100,69.47
68.0655,17652,100,70.25
68.0833,17652,100,73.21
68.1011,17652,100,70.75
68.1185,17652,100,67.66
68.1361,18148,100,72.07
68.1537,18148,100,70.03
68.1712,18148,100,69.34
68.1886,18148,100,71.19
68.2060,18148,100,68.65
68.2234,18148,100,70.86
68.2410,18148,100,71.96
68.2586,18148,100,72.58
68.2760,18148,100,70.51
68.2935,18148,100,72.52
68.3110,18148,100,70.76
68.3283,18148,100,69.73
68.3459,18148,100,71.96
68.3635,18148,100,70.61
68.3811,18148,100,70.46
68.3985,18148,100,71.73
68.4160,18148,100,71.24
68.4334,18148,100,68.75
68.4508,18148,100,70.16
68.4682,18148,100,69.85
68.4858,18148,100,71.15
68.5032,18148,100,70.77
68.5208,18148,100,71.20
68.5382,18148,100,70.27
68.5558,18148,100,71.69
68.5733,18148,100,71.62
68.5908,18148,99,70.64
68.6082,18148,100,72.54
68.6256,18148,100,69.73
68.6431,18148,100,70.37
68.6607,18148,100,70.22
68.6781,18148,100,70.58
68.6962,18148,100,72.55
68.7138,18148,100,71.08
68.7313,18148,100,72.83
68.7492,18148,100,70.13
68.7667,18148,100,71.59
68.7842,18148,100,71.40
68.8016,18148,100,70.27
68.8193,18148,100,73.03
68.8367,18148,100,72.81
68.8541,18148,100,70.80
68.8715,18148,100,69.57
68.8891,18148,100,69.76
68.9065,18148,100,70.71
68.9240,18148,100,73.79
68.9415,18148,100,70.96
68.9589,18148,100,68.57
68.9764,18148,100,70.44
68.9940,18148,100,70.25
69.0116,18148,100,71.58
69.0290,18148,100,70.95
69.0464,18148,100,71.23
69.0638,18148,100,72.98
69.0812,18148,100,71.52
69.0987,18148,100,70.97
69.1163,18148,100,73.21
69.1341,18148,100,69.26
69.1515,18148,100,69.10
69.1692,18148,100,68.90
69.1867,18148,100,70.47
69.2043,18148,100,71.82
69.2222,18148,100,68.77
69.2396,18148,100,68.67
69.2573,18148,100,70.39
69.2752,18148,100,71.86
69.2928,18148,100,71.58
69.3104,18148,100,73.31
69.3279,18148,100,73.96
69.3453,18148,100,69.82
69.3627,18148,100,70.47
69.3802,18148,100,68.33
69.3978,18148,100,71.39
69.4153,18148,100,71.46
69.4333,18148,100,73.04
69.4508,18148,100,71.58
69.4682,18148,100,70.33
69.4857,18148,100,71.38
69.5032,18148,100,71.61
69.5206,18148,100,70.93
69.5382,18148,100,71.12
69.5560,18148,100,70.25
69.5735,18148,100,69.90
69.5910,18148,99,70.73
69.6085,18148,100,71.36
69.6260,18148,100,70.68
69.6435,18148,100,72.70
69.6609,18148,100,70.86
69.6784,18148,100,71.15
69.6963,18148,100,70.98
69.7137,18148,100,71.95
69.7311,18148,100,70.17
69.7487,18148,100,70.27
69.7662,18148,100,71.11
69.7836,18148,100,71.38
69.8016,18148,100,73.58
69.8191,18148,100,70.74
69.8369,18148,100,70.90
69.8543,18148,100,70.55
69.8717,18148,100,70.71
69.8893,18148,100,70.17
69.9069,18148,100,70.72
69.9244,18148,99,74.06
69.9419,18148,100,70.96
69.9593,18148,100,71.93
69.9769,18148,100,70.06
69.9947,18148,100,71.81
70.0121,18148,100,72.69
70.0295,18148,100,70.36
70.0471,18148,99,70.69
70.0646,18148,100,70.73
70.0821,18148,100,69.74
70.0996,18148,100,70.43
70.1169,18148,100,71.76
70.1343,18148,100,71.01
70.1519,18148,100,71.83
70.1697,18148,100,71.47
70.1872,18148,100,70.45
70.2046,18148,100,73.26
70.2221,18148,100,72.10
70.2396,18148,100,71.17
70.2572,18148,99,70.72
70.2747,18148,100,70.69
70.2922,18148,100,69.98
70.3097,18148,100,71.15
70.3271,18148,100,69.85
70.3445,18148,100,70.06
70.3621,18148,100,70.30
70.3795,18148,100,71.33
70.3971,18148,100,72.38
70.4146,18148,100,71.17
70.4323,18148,100,72.27
70.4500,18148,100,69.96
70.4675,18148,100,71.11
70.4849,18148,100,70.46
70.5023,18148,100,69.72
70.5198,18148,100,69.76
70.5373,18148,100,73.78
70.5549,18148,100,73.51
70.5723,18148,100,71.27
70.5897,18148,100,71.24
70.6072,18148,100,70.62
70.6248,18148,100,70.19
70.6423,18148,100,73.60
70.6597,18148,100,71.63
70.6771,18148,100,70.03
70.6948,18148,100,71.77
70.7122,18148,100,73.30
70.7296,18148,100,70.86
70.7470,18148,100,71.73
70.7646,18148,100,71.78
70.7820,18148,100,70.13
70.7995,18148,99,73.05
70.8170,18148,100,71.61
70.8344,18148,100,68.10
70.8518,18148,100,73.24
70.8694,18148,100,72.11
70.8870,18148,100,74.29
70.9045,18148,100,71.63
70.9221,18148,100,69.56
70.9395,18148,100,72.14
70.9569,18148,100,72.40
70.9744,18148,100,69.97
70.9918,18148,100,69.64
71.0097,18148,100,70.95
71.0273,18148,100,69.65
71.0447,18148,100,71.54
71.0621,18148,100,70.57
71.0797,18148,100,70.13
71.0971,18148,100,72.25
71.1146,18148,100,71.17
71.1320,18148,100,70.14
71.1495,18148,100,68.64
71.1670,18148,100,70.63
71.1844,18148,100,73.66
71.2019,18148,100,70.72
71.2193,18148,100,70.42
71.2367,18148,100,72.43
71.2543,18148,100,70.49
71.2717,18148,100,71.25
71.2891,18148,100,70.50
71.3065,18148,100,70.84
71.3240,18148,100,71.36
71.3416,18148,100,71.95
71.3591,18148,100,70.34
71.3766,18148,100,72.25
71.3940,18148,100,71.50
71.4116,18148,100,69.74
71.4294,18148,100,72.04
71.4468,18148,100,68.72
71.4643,18148,100,71.09
71.4818,18148,100,73.62
71.4993,18148,100,72.24
71.5168,18148,100,70.05
71.5342,18148,100,72.38
71.5516,18148,100,70.37
71.5690,18148,100,70.24
71.5866,18148,100,70.12
71.6041,18148,100,71.29
71.6215,18148,100,72.06
71.6393,18148,100,68.55
71.6570,18148,100,71.20
71.6745,18148,100,70.34
71.6919,18148,100,71.89
71.7094,18148,100,71.90
71.7268,18148,100,70.61
71.7445,18148,100,71.02
71.7621,18148,100,69.26
71.7797,18148,100,68.51
71.7975,18148,100,71.15
71.8149,18148,100,70.97
71.8324,18148,100,72.10
71.8499,18148,100,73.09
71.8673,18148,100,70.51
71.8847,18148,100,71.84
71.9022,18148,100,71.51
71.9198,18148,100,71.01
71.9373,18148,100,71.69
71.9553,18148,100,70.26
71.9727,18148,100,71.29
71.9901,18148,100,70.41
72.0076,18646,100,70.24
72.0249,18646,100,71.07
72.0425,18646,100,69.53
72.0600,18646,100,73.33
72.0775,18646,100,73.52
72.0950,18646,100,69.43
72.1124,18646,100,70.16
72.1300,18646,100,70.78
72.1475,18646,100,67.36
72.1649,18646,100,70.36
72.1829,18646,100,71.47
72.2004,18646,100,71.52
72.2178,18646,100,71.60
72.2352,18646,100,70.61
72.2527,18646,100,70.20
72.2702,18646,100,71.15
72.2878,18646,100,71.75
72.3052,18646,100,73.77
72.3227,18646,100,73.53
72.3402,18646,100,70.97
72.3575,18646,100,71.14
72.3756,18646,100,74.14
72.3931,18646,100,70.21
72.4105,18646,100,71.64
72.4283,18646,100,69.40
72.4459,18646,100,69.70
72.4637,18646,100,73.48
72.4812,18646,100,68.81
72.4992,18646,100,71.61
72.5167,18646,100,72.12
72.5342,18646,100,70.90
72.5519,18646,100,68.56
72.5696,18646,100,69.38
72.5871,18646,100,70.72
72.6053,18646,100,68.94
72.6230,18646,100,71.59
72.6408,18646,100,71.83
72.6586,18646,100,71.44
72.6763,18646,100,70.00
72.6944,18646,100,71.67
72.7125,18646,100,69.98
72.7305,18646,100,69.73
72.7482,18646,100,72.07
72.7658,18646,100,69.59
72.7836,18646,100,69.30
72.8012,18646,100,73.08
72.8190,18646,100,72.22
72.8365,18646,100,69.17
72.8539,18646,100,71.28
72.8715,18646,100,72.28
72.8889,18646,100,70.85
72.9064,18646,100,67.33
72.9238,18646,100,69.42
72.9412,18646,100,70.39
72.9590,18646,100,71.90
72.9766,18646,100,68.98
72.9943,18646,100,69.85
73.0123,18646,100,69.88
73.0297,18646,100,74.01
73.0478,18646,100,70.20
73.0657,18646,100,70.99
73.0835,18646,100,69.76
73.1013,18646,100,73.22
73.1188,18646,100,70.65
73.1365,18646,100,68.26
73.1540,18646,100,68.99
73.1718,18646,100,70.45
73.1893,18646,100,71.60
73.2069,18646,100,70.11
73.2243,18646,100,68.25
73.2420,18646,100,70.17
73.2598,18646,100,73.44
73.2776,18646,100,72.39
73.2950,18646,100,71.08
73.3127,18646,100,70.93
73.3306,18646,100,68.82
73.3481,18646,100,71.82
73.3655,18646,100,71.51
73.3832,18646,100,69.89
73.4008,18646,100,73.15
73.4185,18646,100,72.38
73.4359,18646,100,69.65
73.4533,18646,100,69.12
73.4713,18646,100,72.60
73.4888,18646,100,71.12
73.5066,18646,100,69.52
73.5242,18646,100,72.23
73.5418,18646,100,69.87
73.5593,18646,100,69.55
73.5772,18646,100,72.34
73.5950,18646,100,74.84
73.6125,18646,100,72.50
73.6299,18646,100,70.63
73.6477,18646,100,69.64
73.6652,18646,100,67.70
73.6831,18646,100,71.84
73.7006,18646,100,72.79
73.7181,18646,100,70.07
73.7355,18646,100,71.22
73.7534,18646,100,71.79
73.7710,18646,100,72.60
73.7884,18646,100,74.18
73.8059,18646,100,68.00
73.8237,18646,100,70.85
73.8414,18646,100,68.80
73.8590,18646,100,70.47
73.8764,18646,100,72.05
73.8946,18646,100,71.31
73.9121,18646,100,72.14
73.9295,18646,100,69.57
73.9474,18646,100,71.20
73.9655,18646,100,69.78
73.9830,18646,100,68.99
74.0009,18646,100,74.08
74.0187,18646,100,70.10
74.0361,18646,100,71.55
74.0536,18646,100,71.41
74.0711,18646,100,70.56
74.0888,18646,100,73.04
74.1066,18646,100,71.44
74.1242,18646,100,69.45
74.1417,18646,100,70.85
74.1594,18646,100,70.87
74.1776,18646,100,70.06
74.1955,18646,100,69.54
74.2129,18646,100,70.07
74.2306,18646,100,68.19
74.2486,18646,100,70.05
74.2663,18646,100,72.85
74.2845,18646,100,68.82
74.3019,18646,100,69.98
74.3194,18646,100,70.32
74.3370,18646,100,71.40
74.3547,18646,100,69.42
74.3723,18646,100,69.74
74.3899,18646,100,70.53
74.4077,18646,100,71.63
74.4252,18646,100,71.69
74.4426,18646,100,72.27
74.4603,18646,100,70.21
74.4784,18646,100,72.18
74.4958,18646,100,71.24
74.5137,18646,100,70.80
74.5315,18646,100,72.08
74.5497,18646,100,69.15
74.5678,18646,100,68.28
74.5854,18646,100,72.89
74.6032,18646,100,71.07
74.6207,18646,100,67.34
74.6389,18646,100,73.15
74.6567,18646,100,69.86
74.6741,18646,100,70.47
74.6917,18646,100,70.21
74.7091,18646,100,70.47
74.7265,18646,100,70.63
74.7439,18646,100,70.77
74.7615,18646,100,69.29
74.7791,18646,100,73.70
74.7966,18646,100,72.53
74.8141,18646,100,71.80
74.8318,18646,100,70.62
74.8494,18646,100,73.25
74.8673,18646,100,68.85
74.8847,18646,100,70.34
74.9021,18646,100,69.97
74.9197,18646,100,71.46
74.9372,18646,100,69.42
74.9547,18646,100,69.75
74.9725,18646,100,70.17
74.9900,18646,100,72.19
75.0079,18646,100,70.44
75.0253,18646,100,72.63
75.0427,18646,100,69.20
75.0603,18646,100,69.13
75.0777,18646,100,73.33
75.0952,18646,100,70.42
75.1125,18646,100,71.45
75.1299,18646,100,68.89
75.1475,18646,100,71.10
75.1651,18646,100,70.29
75.1829,18646,100,72.57
75.2003,18646,100,70.83
75.2178,18646,100,69.92
75.2353,18646,100,70.87
75.2528,18646,100,70.41
75.2702,18646,100,70.80
75.2876,18646,100,69.39
75.3050,18646,100,68.61
75.3226,18646,100,72.15
75.3400,18646,100,72.57
75.3575,18646,100,71.11
75.3750,18646,99,73.23
75.3924,18646,100,69.29
75.4099,18646,100,70.11
75.4275,18646,100,70.12
75.4449,18646,100,70.74
75.4627,18646,100,70.12
75.4801,18646,100,72.55
75.4977,18646,100,71.77
75.5152,18646,100,69.75
75.5328,18646,100,70.36
75.5501,18646,100,71.44
75.5677,18646,100,72.30
75.5852,18646,100,70.49
75.6026,18646,100,69.22
75.6200,18646,100,70.72
75.6376,18646,100,70.86
75.6550,18646,100,71.56
75.6725,18646,100,70.43
75.6899,18646,100,70.00
75.7077,18646,100,68.74
75.7253,18646,100,71.74
75.7427,18646,100,71.94
75.7601,18646,100,69.01
75.7780,18646,100,69.84
75.7954,18646,100,71.93
75.8129,18646,100,72.72
75.8303,18646,100,70.66
75.8477,18646,100,68.72
75.8652,18646,100,73.82
75.8828,18646,100,71.03
75.9003,18646,100,70.97
75.9178,18646,100,69.05
75.9352,18646,100,72.99
75.9527,18646,100,72.83
75.9705,18646,100,68.42
75.9879,18646,100,71.07
76.0053,18646,100,71.90
76.0229,18646,100,71.19
76.0404,18646,100,71.45
76.0578,18646,100,71.16
76.0752,18646,100,70.45
76.0928,18646,100,72.28
76.1102,18646,100,72.17
76.1277,18646,100,70.21
76.1451,18646,100,72.35
76.1627,18646,100,69.96
76.1801,18646,100,71.93
76.1977,18646,100,70.21
76.2151,18646,100,72.08
76.2325,18646,100,71.17
76.2500,18646,100,71.34
76.2674,18646,100,73.65
76.2849,18646,99,73.21
76.3023,18646,100,68.78
76.3197,18646,100,69.63
76.3371,18646,100,71.73
76.3547,18646,100,72.20
76.3728,18646,100,73.04
76.3903,18646,100,70.48
76.4077,18646,100,71.47
76.4251,18646,100,70.77
76.4426,18646,100,71.03
76.4601,18646,100,71.20
76.4776,18646,100,70.97
76.4950,18646,100,70.89
76.5126,18646,100,72.40
76.5302,18646,100,70.39
76.5477,18646,100,70.42
76.5651,18646,100,72.55
76.5825,18646,100,71.93
76.6000,18646,100,71.21
76.6175,18646,100,69.97
76.6349,18646,100,69.61
76.6524,18646,99,69.69
76.6699,18646,100,70.61
76.6874,18646,100,72.04
76.7049,18646,100,72.93
76.7223,18646,100,69.31
76.7397,18646,100,69.15
76.7571,18646,100,71.83
76.7747,18646,100,71.14
76.7922,18646,100,72.12
76.8096,18646,100,69.91
76.8270,18646,100,71.32
76.8446,18646,100,72.11
76.8621,18646,100,72.25
76.8795,18646,100,70.48
76.8969,18646,100,69.64
76.9145,18646,100,70.44
76.9320,18646,100,69.39
76.9494,18646,100,69.71
76.9668,18646,100,70.00
76.9842,18646,100,68.57
77.0017,18646,100,74.21
77.0193,18646,100,72.55
77.0367,18646,100,70.42
77.0541,18646,100,68.37
77.0715,18646,100,69.27
77.0891,18646,100,70.21
77.1065,18646,100,70.41
77.1239,18646,100,69.59
77.1413,18646,100,71.07
77.1590,18646,100,71.83
77.1765,18646,100,71.96
77.1940,18646,100,70.99
77.2114,18646,100,70.99
77.2290,18646,100,70.10
77.2465,18646,100,71.21
77.2640,18646,100,71.42
77.2814,18646,100,70.08
77.2993,18646,100,70.67
77.3170,18646,100,71.69
77.3347,18646,100,70.14
77.3521,18646,100,69.77
77.3697,18646,100,72.26
77.3872,18646,100,73.05
77.4046,18646,100,70.43
77.4222,18646,100,74.02
77.4399,18646,100,73.89
77.4577,18646,100,74.06
77.4751,18646,100,71.59
77.4925,18646,100,70.00
77.5101,18646,100,69.29
77.5280,18646,100,68.36
77.5460,19146,100,71.50
77.5634,19146,100,72.36
77.5810,19146,100,70.70
77.5985,19146,100,73.01
77.6160,19146,100,70.89
77.6334,19146,100,68.83
77.6510,19146,100,68.53
77.6686,19146,100,71.31
77.6860,19146,100,72.24
77.7035,19146,100,71.59
77.7209,19146,100,69.12
77.7385,19146,100,69.71
77.7559,19146,100,71.57
77.7734,19146,100,70.01
77.7908,19146,100,70.24
77.8084,19146,100,71.52
77.8259,19146,100,71.82
77.8434,19146,100,71.31
77.8610,19146,100,71.22
77.8784,19146,100,72.20
77.8960,19146,100,70.71
77.9135,19146,100,70.24
77.9309,19146,100,69.20
77.9485,19146,100,69.96
77.9661,19146,100,69.96
77.9835,19146,100,70.01
78.0010,19146,100,71.72
78.0187,19146,100,70.49
78.0362,19146,100,72.54
78.0537,19146,100,70.64
78.0711,19146,100,69.40
78.0885,19146,100,69.26
78.1060,19146,100,71.06
78.1236,19146,100,70.62
78.1411,19146,100,69.52
78.1585,19146,100,69.29
78.1762,19146,100,71.80
78.1937,19146,100,72.36
78.2112,19146,100,68.91
78.2286,19146,100,71.80
78.2460,19146,100,73.40
78.2636,19146,100,71.71
78.2810,19146,100,72.36
78.2985,19146,100,70.46
78.3164,19146,100,71.37
78.3339,19146,100,71.57
78.3517,19146,100,69.31
78.3691,19146,100,70.56
78.3866,19146,100,71.14
78.4039,19146,100,71.63
78.4215,19146,100,71.82
78.4390,19146,99,69.50
78.4564,19146,100,67.95
78.4738,19146,100,71.02
78.4912,19146,100,70.56
78.5086,19146,100,68.36
78.5262,19146,100,71.23
78.5437,19146,100,71.00
78.5611,19146,100,69.28
78.5786,19146,100,70.72
78.5961,19146,100,70.50
78.6135,19146,100,72.91
78.6312,19146,100,72.32
78.6488,19146,100,70.81
78.6662,19146,100,71.30
78.6838,19146,100,72.28
78.7012,19146,100,70.48
78.7191,19146,100,72.26
78.7366,16704,100,75.41
78.7541,14908,0,45.35
78.7718,14908,0,31.98
78.7892,14908,0,31.18
78.8067,14908,0,31.14
78.8241,14908,0,31.13
78.8416,14908,0,31.08
78.8590,14908,0,30.94
78.8764,14908,0,30.83
78.8938,14908,0,30.84
78.9112,14908,0,30.84
78.9286,14908,0,30.74
78.9464,14908,0,30.60
78.9649,14908,0,30.46
78.9840,14908,0,30.51
79.0022,14908,0,30.59
79.0213,14908,0,30.41
79.0395,14908,0,30.40
79.0582,14908,0,30.40
79.0756,16272,100,72.01
79.0937,16762,100,68.64
79.1118,16762,100,69.51
79.1294,16762,100,72.63
79.1472,16762,100,73.58
79.1646,16762,100,69.61
79.1825,17256,99,73.48
79.1999,17256,100,74.13
79.2176,17256,100,68.69
79.2352,17256,100,72.03
79.2528,17256,100,72.99
79.2703,17256,100,71.13
79.2877,17256,100,69.48
79.3051,17256,100,72.66
79.3234,17256,100,70.97
79.3409,17256,100,71.48
79.3583,17256,100,67.29
79.3758,17256,100,70.72
79.3934,17256,100,72.00
79.4109,17256,100,70.70
79.4284,17256,100,71.88
79.4463,17256,100,69.80
79.4639,17256,100,72.02
79.4817,17256,100,69.98
79.4991,17256,100,69.37
79.5166,17256,100,71.38
79.5340,17256,100,71.70
79.5514,17256,100,69.01
79.5689,17256,100,72.76
79.5864,17256,100,71.87
79.6038,17256,100,72.54
79.6212,17256,100,70.56
79.6388,17256,100,69.86
79.6563,17256,100,69.69
79.6737,17256,100,73.06
79.6911,17256,100,69.63
79.7086,17256,100,69.24
79.7262,17756,100,71.50
79.7436,17756,100,71.63
79.7610,17756,100,70.33
79.7784,17756,100,68.65
79.7960,17756,100,72.55
79.8136,17756,100,72.27
79.8310,17756,100,68.51
79.8484,17756,100,70.80
79.8663,17756,100,70.72
79.8838,17756,100,71.62
79.9012,17756,100,70.67
79.9187,17756,100,73.05
79.9364,17756,100,71.78
79.9539,17756,100,71.22
79.9714,17756,100,70.26
79.9888,17756,100,72.13
80.0064,17756,100,71.41
80.0239,17756,100,68.68
80.0413,17756,100,71.18
80.0586,17756,100,70.09
80.0761,17756,100,72.85
80.0935,17756,100,70.32
80.1110,17756,100,72.48
80.1288,17756,100,70.12
80.1462,17756,100,70.57
80.1637,17756,100,72.96
80.1813,17756,100,71.52
80.1988,17756,100,70.43
80.2162,17756,100,69.16
80.2336,17756,100,69.98
80.2512,17756,100,71.85
80.2687,17756,100,70.27
80.2863,17756,100,70.32
80.3037,17756,100,70.24
80.3213,17756,100,71.40
80.3388,17756,100,72.16
80.3563,17756,100,72.51
80.3737,17756,100,69.54
80.3911,17756,100,69.99
80.4086,17756,100,73.90
80.4261,17756,99,72.50
80.4436,17756,100,73.30
80.4610,17756,100,72.37
80.4785,17756,100,69.02
80.4960,17756,100,73.77
80.5139,17756,100,70.02
80.5313,17756,100,71.34
80.5487,17756,100,72.94
80.5661,17756,100,71.09
80.5836,17756,100,71.80
80.6012,17756,100,72.07
80.6186,17756,100,71.86
80.6361,17756,100,70.71
80.6536,17756,100,68.77
80.6711,17756,100,71.37
80.6886,17756,100,70.78
80.7060,17756,100,69.26
80.7234,18258,100,70.44
80.7409,18258,100,70.41
80.7585,18258,99,71.67
80.7760,18258,100,70.38
80.7935,18258,100,70.11
80.8109,18258,100,72.33
80.8288,18258,99,71.74
80.8463,18258,100,71.31
80.8639,18258,100,70.79
80.8813,18258,100,73.75
80.8995,18258,100,68.68
80.9170,18258,100,70.51
80.9348,18258,100,71.33
80.9523,18258,100,71.67
80.9706,18258,100,72.38
80.9882,18258,100,73.17
81.0056,18258,100,70.85
81.0232,18258,100,70.72
81.0406,18258,100,74.58
81.0581,18258,100,71.29
81.0755,18258,100,70.68
81.0931,18258,100,70.57
81.1106,18258,100,69.59
81.1281,18258,100,69.93
81.1455,18258,100,70.85
81.1631,18258,100,70.28
81.1809,18258,100,72.19
81.1985,18258,100,69.57
81.2160,18258,100,68.68
81.2337,18258,100,72.47
81.2512,18258,100,68.46
81.2693,18258,100,70.01
81.2868,18258,100,71.17
81.3044,18258,100,70.88
81.3218,18258,100,73.46
81.3393,18258,100,71.04
81.3568,18258,100,71.90
81.3744,18258,100,72.05
81.3919,18258,100,70.15
81.4093,18258,100,72.94
81.4267,18258,100,69.86
81.4443,18258,100,71.17
81.4617,18258,99,70.73
81.4793,18258,100,70.52
81.4967,18258,100,69.69
81.5141,18258,100,68.88
81.5317,18258,100,73.35
81.5492,18258,100,73.40
81.5667,18258,100,70.63
81.5841,18258,100,68.47
81.6016,18258,100,71.62
81.6191,18258,100,71.01
81.6367,18258,100,70.40
81.6542,18258,100,71.12
81.6717,18258,100,72.44
81.6892,18258,100,71.14
81.7067,18258,100,70.60
81.7242,18258,100,72.52
81.7416,18258,100,69.29
81.7592,18258,100,71.70
81.7767,18258,100,69.85
81.7942,18258,100,72.63
81.8117,18258,100,71.56
81.8293,18258,100,74.14
81.8467,18258,100,70.15
81.8642,18258,100,71.95
81.8817,18258,100,73.94
81.8993,18258,100,72.72
81.9172,18258,100,70.98
81.9346,18258,100,71.84
81.9520,18258,100,71.93
81.9697,18258,100,71.87
81.9871,18258,100,68.50
82.0046,18258,100,67.80
82.0222,18258,100,69.37
82.0397,18258,100,71.22
82.0576,18258,100,70.84
82.0750,18258,100,70.57
82.0924,18258,100,71.61
82.1100,18258,100,72.56
82.1276,18258,100,71.14
82.1451,18258,100,71.68
82.1625,18258,100,71.41
82.1801,18258,100,72.33
82.1977,18258,100,72.48
82.2151,18258,100,70.03
82.2325,18258,100,72.07
82.2500,18258,100,72.79
82.2677,18258,100,69.92
82.2852,18258,100,70.85
82.3026,18258,100,71.01
82.3201,18258,100,70.12
82.3378,18258,100,73.42
82.3560,18258,100,70.29
82.3741,18258,100,69.04
82.3919,18258,100,72.66
82.4100,18258,100,70.77
82.4276,18258,100,73.52
82.4458,18258,100,70.08
82.4640,18258,100,71.79
82.4814,18258,100,70.24
82.4992,18258,100,71.40
82.5166,18258,100,70.61
82.5343,18258,100,71.66
82.5518,18258,100,73.13
82.5693,18258,100,69.79
82.5875,18258,100,70.51
82.6050,18258,100,72.21
82.6227,18258,100,70.46
82.6403,18258,100,72.79
82.6578,18258,100,69.89
82.6759,18258,100,68.61
82.6937,18258,100,71.77
82.7112,18258,100,70.32
82.7287,18258,100,73.83
82.7462,18258,100,69.37
82.7645,18258,100,71.58
82.7826,18258,100,68.35
82.8003,18258,100,71.45
82.8180,18258,100,71.04
82.8355,18258,100,70.12
82.8529,18258,100,71.15
82.8703,18258,100,69.81
82.8881,18258,100,74.99
82.9063,18258,100,70.08
82.9240,18258,100,71.53
82.9419,18258,100,71.29
82.9593,18258,100,70.42
82.9771,18258,100,69.70
82.9945,18258,100,71.09
83.0124,18258,100,72.49
83.0300,18258,99,71.14
83.0475,18258,100,71.35
83.0655,18258,100,68.88
83.0836,18258,100,71.48
83.1011,18258,100,72.50
83.1191,18258,100,72.58
83.1373,18258,100,72.78
83.1551,18258,100,70.01
83.1725,18258,100,71.01
83.1901,18258,100,70.91
83.2079,18258,100,70.34
83.2253,18258,100,70.29
83.2431,18258,100,69.07
83.2606,18258,100,71.59
83.2786,18258,99,73.82
83.2966,18258,100,70.81
83.3143,18258,100,73.46
83.3320,18258,100,71.99
83.3495,18258,100,69.43
83.3669,18258,100,68.82
83.3843,18258,100,70.11
83.4025,18258,100,69.51
83.4202,18258,100,68.90
83.4376,18258,100,69.76
83.4555,18258,100,70.22
83.4731,18258,100,70.76
83.4908,18258,100,70.89
83.5084,18258,100,70.55
83.5261,18258,99,71.74
83.5439,18258,100,72.35
83.5613,18258,100,69.59
83.5792,18258,100,70.94
83.5970,18258,100,69.76
83.6148,18258,100,69.20
83.6327,18258,100,72.86
83.6506,18258,100,70.02
83.6689,18258,100,70.06
83.6867,18258,100,71.04
83.7044,18258,100,70.86
83.7226,18258,100,75.13
83.7408,18258,100,71.69
83.7585,18258,100,71.28
83.7761,18258,100,71.84
83.7936,18258,100,70.74
83.8114,18258,100,69.69
83.8292,18258,100,71.59
83.8470,18258,100,69.14
83.8651,18258,100,68.45
83.8829,18258,100,71.82
83.9008,18258,100,69.25
83.9187,18258,100,72.41
83.9364,18258,99,72.19
83.9540,18258,100,70.73
83.9714,18258,100,69.57
83.9890,18258,100,70.82
84.0066,18258,99,70.07
84.0241,18258,100,71.44
84.0422,18258,100,70.05
84.0598,18258,100,70.57
84.0779,18258,100,70.45
84.0956,18258,100,70.52
84.1135,18762,100,70.68
84.1313,18762,100,71.35
84.1491,18762,100,72.07
84.1670,18762,100,70.18
84.1844,18762,100,70.50
84.2018,18762,100,72.86
84.2192,18762,100,70.16
84.2371,18762,100,71.49
84.2546,18762,100,71.16
84.2721,18762,100,68.95
84.2898,18762,100,70.29
84.3072,18762,100,71.21
84.3248,18762,100,70.92
84.3426,18762,100,68.71
84.3603,18762,100,71.29
84.3779,18762,100,71.81
84.3954,18762,100,70.35
84.4129,18762,100,72.76
84.4304,18762,100,70.47
84.4482,18762,100,70.57
84.4660,18762,100,71.82
84.4841,18762,100,69.04
84.5017,18762,100,71.60
84.5198,18762,100,70.82
84.5372,18762,100,68.96
84.5546,18762,100,69.53
84.5722,18762,100,71.72
84.5900,18762,100,71.25
84.6074,18762,100,72.17
84.6250,18762,100,72.42
84.6426,18762,100,70.96
84.6600,18762,100,70.51
84.6777,18762,99,71.52
84.6953,18762,100,70.46
84.7128,18762,100,68.83
84.7302,18762,100,70.59
84.7478,18762,100,69.26
84.7653,18762,100,73.49
84.7829,18762,100,71.19
84.8003,18762,100,71.59
84.8177,18762,100,70.33
84.8352,18762,100,70.22
84.8528,18762,100,73.29
84.8703,18762,100,70.58
84.8877,18762,100,69.98
84.9052,18762,100,69.47
84.9226,18762,100,70.99
84.9401,18762,100,71.45
84.9575,18762,100,70.04
84.9752,18762,100,71.84
84.9928,18762,100,70.40
85.0103,18762,99,71.60
85.0277,18762,100,69.81
85.0451,18762,100,70.15
85.0626,18762,100,72.07
85.0801,18762,100,70.19
85.0976,18762,100,70.03
85.1150,18762,100,72.26
85.1329,18762,99,70.94
85.1504,18762,100,72.24
85.1677,18762,100,69.24
85.1853,18762,100,71.48
85.2027,18762,100,70.33
85.2208,18762,100,70.81
85.2382,18762,100,70.35
85.2558,18762,99,72.50
85.2733,18762,100,73.88
85.2908,18762,100,69.27
85.3082,18762,100,70.34
85.3256,18762,100,72.93
85.3430,18762,100,70.62
85.3605,18762,100,70.57
85.3780,18762,100,70.16
85.3954,18762,100,71.53
85.4130,18762,100,71.23
85.4304,18762,100,71.37
85.4479,18762,100,71.41
85.4653,18762,100,70.40
85.4828,18762,100,71.24
85.5004,18762,100,71.62
85.5179,18762,100,69.59
85.5353,18762,100,72.32
85.5527,18762,100,70.07
85.5703,18762,100,71.18
85.5878,18762,99,75.11
85.6052,18762,100,70.95
85.6230,18762,100,72.11
85.6405,18762,100,70.92
85.6579,18762,100,69.10
85.6753,18762,100,71.98
85.6928,18762,100,69.84
85.7104,18762,100,71.87
85.7282,18762,100,70.67
85.7461,18762,100,69.84
85.7635,18762,100,72.82
85.7810,18762,100,71.91
85.7986,18762,100,71.57
85.8160,18762,100,70.89
85.8336,18762,100,71.03
85.8510,18762,100,70.55
85.8684,18762,100,69.11
85.8859,18762,100,70.54
85.9034,18762,100,71.39
85.9208,18762,100,71.14
85.9382,18762,100,69.29
85.9558,18762,99,71.05
85.9732,18762,100,69.93
85.9913,18762,100,68.64
86.0087,18762,100,70.59
86.0263,18762,100,71.52
86.0438,18762,100,71.35
86.0612,18762,100,69.26
86.0788,18762,99,70.34
86.0966,18762,100,71.34
86.1141,18762,100,68.02
86.1316,18762,100,71.47
86.1491,18762,100,71.40
86.1666,18762,100,71.47
86.1840,18762,100,71.35
86.2015,18762,100,69.46
86.2190,18762,100,69.99
86.2365,18762,100,70.22
86.2540,18762,100,70.67
86.2715,18762,100,69.83
86.2890,18762,100,72.70
86.3072,18762,100,72.38
86.3247,18762,100,70.74
86.3421,18762,100,69.96
86.3600,18762,100,71.91
86.3774,18762,100,72.56
86.3949,18762,100,72.20
86.4123,18762,100,69.82
86.4298,18762,100,70.48
86.4472,18762,100,71.12
86.4647,18762,100,70.86
86.4822,18762,100,72.15
86.4996,18762,100,71.04
86.5170,18762,100,69.03
86.5345,18762,100,69.77
86.5521,18762,100,71.24
86.5696,18762,100,72.12
86.5871,18762,100,68.46
86.6045,18762,100,70.11
86.6220,18762,100,73.86
86.6394,18762,100,70.62
86.6569,18762,100,70.75
86.6743,18762,100,71.06
86.6917,18762,100,69.20
86.7093,18762,100,69.32
86.7268,18762,100,72.33
86.7442,18762,100,71.35
86.7620,18762,100,72.38
86.7797,18762,100,71.22
86.7972,18762,100,71.67
86.8147,18762,100,70.87
86.8324,18762,100,69.07
86.8499,18762,100,70.57
86.8675,18762,100,71.25
86.8849,18762,100,70.92
86.9024,18762,100,70.65
86.9201,18762,100,71.36
86.9376,18762,100,69.82
86.9550,18762,100,70.59
86.9724,18762,100,69.06
86.9899,18762,100,72.03
87.0074,18762,100,69.62
87.0249,18762,100,70.27
87.0425,18762,100,72.28
87.0599,18762,100,70.81
87.0773,18762,100,68.74
87.0948,18762,100,69.17
87.1123,18762,99,70.60
87.1304,18762,100,73.22
87.1478,18762,100,69.27
87.1654,18762,100,70.75
87.1829,18762,100,70.48
87.2004,18762,100,71.83
87.2178,18762,100,70.08
87.2353,18762,100,71.98
87.2528,18762,100,70.44
87.2702,18762,100,71.41
87.2877,18762,100,70.32
87.3053,18762,100,71.24
87.3228,18762,100,70.02
87.3402,18762,100,70.13
87.3576,18762,100,69.28
87.3751,18762,100,72.49
87.3926,18762,100,71.09
87.4101,18762,100,70.72
87.4279,18762,100,73.71
87.4453,18762,100,70.86
87.4627,18762,100,69.81
87.4802,18762,100,71.03
87.4977,18762,100,72.61
87.5151,18762,100,71.29
87.5327,18762,100,71.54
87.5501,18762,100,69.88
87.5675,18762,100,71.32
87.5851,18762,100,71.21
87.6027,18762,100,69.62
87.6202,18762,100,71.50
87.6377,18762,100,70.48
87.6558,18762,100,68.46
87.6734,18762,100,71.62
87.6909,18762,100,72.88
87.7083,18762,100,71.20
87.7259,18762,99,70.56
87.7434,18762,100,71.40
87.7611,18762,100,70.42
87.7786,18762,100,70.44
87.7960,18762,100,72.25
87.8135,18762,100,69.45
87.8310,18762,100,69.78
87.8484,18762,100,71.20
87.8660,18762,100,70.91
87.8836,18762,100,71.19
87.9010,18762,100,71.39
87.9184,18762,100,69.81
87.9359,18762,100,69.93
87.9535,18762,100,72.59
87.9709,18762,100,70.45
87.9884,18762,100,70.80
88.0058,18762,100,71.41
88.0233,18762,100,72.98
88.0409,18762,100,71.93
88.0583,18762,100,72.05
88.0757,18762,100,69.88
88.0931,18762,100,71.03
88.1106,18762,100,70.86
88.1280,18762,100,69.30
88.1454,18762,100,67.93
88.1631,18762,100,74.40
88.1806,18762,99,74.12
88.1980,18762,100,71.37
88.2154,18762,100,71.63
88.2330,18762,100,71.50
88.2505,18762,100,70.50
88.2679,18762,100,70.79
88.2854,18762,100,71.58
88.3029,18762,100,70.11
88.3204,18762,100,71.25
88.3381,18762,100,70.49
88.3558,18762,100,71.39
88.3732,18762,100,69.53
88.3907,18762,100,69.85
88.4086,19268,100,71.80
88.4262,19268,100,71.57
88.4437,19268,100,72.79
88.4611,19268,100,69.66
88.4786,19268,100,71.28
88.4961,19268,100,74.51
88.5142,19268,100,73.53
88.5316,19268,100,68.77
88.5490,19268,100,70.99
88.5666,19268,100,70.31
88.5841,19268,100,70.50
88.6015,19268,100,69.51
88.6191,19268,100,70.90
88.6366,19268,100,70.79
88.6540,19268,100,69.48
88.6715,19268,100,69.56
88.6890,19268,100,70.07
88.7065,19268,100,70.31
88.7240,19268,100,70.21
88.7414,19268,100,69.71
88.7589,19268,100,71.33
88.7765,19268,100,70.68
88.7939,19268,100,71.07
88.8113,19268,100,70.03
88.8287,19268,100,69.80
88.8463,19268,100,72.87
88.8638,19268,100,74.00
88.8812,19268,100,68.71
88.8986,19268,100,70.19
88.9162,19268,100,73.22
88.9337,19268,100,70.09
88.9511,19268,100,71.57
88.9685,19268,100,70.53
88.9861,19268,100,71.33
89.0036,19268,100,70.85
89.0210,19268,100,72.22
89.0385,19268,100,72.76
89.0560,19268,100,70.77
89.0735,19268,100,70.76
89.0908,19268,100,69.55
89.1084,19268,100,71.34
89.1259,19268,100,70.37
89.1433,19268,100,67.83
89.1606,19268,100,70.39
89.1786,19268,100,71.44
89.1961,19268,100,70.00
89.2135,19268,100,71.52
89.2309,19268,100,70.02
89.2485,19268,100,71.88
89.2660,19268,100,70.82
89.2836,19268,100,69.47
89.3010,19268,100,70.30
89.3185,19268,100,71.45
89.3360,19268,100,71.02
89.3535,19268,100,70.85
89.3709,19268,100,71.21
89.3885,19268,100,73.79
89.4059,19268,100,70.83
89.4233,19268,100,69.69
89.4416,19268,100,69.88
89.4591,19268,100,70.94
89.4766,19268,100,68.99
89.4940,19268,99,68.17
89.5116,19268,100,69.27
89.5290,19268,100,69.11
89.5465,19268,100,72.34
89.5639,19268,100,70.40
89.5812,19268,100,69.54
89.5988,19268,100,70.17
89.6162,19268,100,74.24
89.6341,19268,100,69.14
89.6514,19268,100,70.60
89.6690,19268,100,71.48
89.6865,19268,100,70.20
89.7039,19268,100,70.35
89.7213,19268,100,70.38
89.7389,19268,100,69.74
89.7564,19268,100,70.96
89.7739,19268,100,70.64
89.7913,19268,100,69.17
89.8089,19268,100,71.15
89.8264,19268,100,71.42
89.8438,19268,100,69.57
89.8613,19268,100,70.47
89.8787,19268,100,71.47
89.8961,19268,100,69.89
89.9135,19268,100,69.82
89.9311,19268,100,73.15
89.9486,19268,99,72.59
89.9660,19268,100,70.17
89.9834,19268,100,70.41
90.0010,19268,100,69.85
90.0186,19268,100,72.44
90.0360,19268,100,70.12
90.0534,19268,100,73.24
90.0710,19268,100,72.36
90.0885,19268,100,73.39
90.1061,19268,100,71.10
90.1235,19268,100,70.21
90.1409,19268,100,70.79
90.1584,19268,100,71.45
90.1759,19268,100,71.93
90.1933,19268,100,73.71
90.2108,19268,100,71.85
90.2283,19268,100,69.21
90.2458,19268,100,72.42
90.2631,19268,100,70.72
90.2805,19268,100,72.64
90.2981,19268,100,71.37
90.3160,19268,100,69.65
90.3334,19268,100,68.41
90.3510,19268,100,72.64
90.3684,19268,100,71.82
90.3858,19268,100,70.18
90.4037,19268,100,70.61
90.4215,19268,100,73.50
90.4389,19268,100,72.52
90.4563,19268,100,70.52
90.4738,19268,100,72.34
90.4914,19268,100,71.02
90.5088,19268,100,70.76
90.5262,19268,100,71.65
90.5437,19268,100,72.57
90.5612,19268,100,69.68
90.5785,19268,100,69.94
90.5959,19268,100,69.99
90.6136,19268,100,71.11
90.6311,19268,100,70.22
90.6489,19268,100,70.36
90.6663,19268,100,73.07
90.6837,19268,100,70.97
90.7011,19268,100,69.41
90.7187,19268,100,70.83
90.7363,19268,100,71.63
90.7538,19268,100,69.61
90.7712,19268,100,72.34
90.7888,19268,100,74.02
90.8064,19268,100,72.48
90.8239,19268,100,69.63
90.8413,19268,100,70.79
90.8587,19268,100,71.48
90.8762,19268,100,72.24
90.8937,19268,100,70.00
90.9111,19268,100,69.75
90.9285,19268,100,69.52
90.9461,19268,100,70.28
90.9636,19268,100,70.21
90.9810,19268,100,70.05
90.9985,19268,100,71.52
91.0159,19268,100,70.18
91.0333,19268,100,71.04
91.0509,19268,100,72.09
91.0684,19268,100,70.16
91.0859,19268,100,71.75
91.1033,19268,100,68.61
91.1207,19268,100,70.91
91.1384,19268,100,70.66
91.1562,19268,100,71.21
91.1736,19268,100,71.60
91.1910,19268,100,68.35
91.2086,19268,100,69.98
91.2261,19268,100,72.02
91.2435,19268,100,69.87
91.2609,19268,100,71.14
91.2784,19268,100,75.04
91.2959,19268,100,71.59
91.3133,19268,100,70.81
91.3307,19268,100,71.40
91.3481,19268,100,72.61
91.3655,19268,100,69.28
91.3830,19268,100,71.02
91.4006,19268,100,69.75
91.4182,19268,100,71.79
91.4357,19268,100,72.39
91.4531,19268,100,71.58
91.4706,19268,100,70.17
91.4882,19268,100,71.27
91.5057,19268,100,71.21
91.5232,19268,100,73.95
91.5406,19268,100,70.38
91.5580,19268,100,72.86
91.5756,19268,100,71.30
91.5931,19268,99,72.31
91.6105,19268,100,71.05
91.6281,19268,100,70.68
91.6455,19268,100,69.99
91.6629,19268,100,71.50
91.6804,19268,100,71.57
91.6979,19268,100,71.34
91.7154,19268,100,70.78
91.7328,19268,100,70.54
91.7502,19268,100,70.96
91.7677,19268,100,72.34
91.7854,19268,100,70.63
91.8030,19268,100,71.55
91.8205,19268,100,74.18
91.8380,19268,99,74.13
91.8554,19268,100,70.01
91.8728,19268,100,69.24
91.8904,19268,100,70.46
91.9085,19268,100,69.94
91.9259,19268,100,71.12
91.9433,19268,100,71.41
91.9608,19776,100,71.68
91.9783,19776,100,72.65
91.9958,19776,100,71.55
92.0133,19776,100,70.98
92.0308,19776,100,69.94
92.0484,19776,100,71.85
92.0658,19776,100,72.79
92.0833,19776,100,70.02
92.1008,19776,100,69.43
92.1184,19776,100,72.07
92.1358,19776,100,71.75
92.1533,19776,100,70.50
92.1707,19776,100,69.94
92.1883,19776,100,71.58
92.2058,19776,100,71.15
92.2232,19776,100,69.37
92.2411,19776,100,71.69
92.2590,19776,100,70.21
92.2764,19776,100,69.46
92.2939,19776,100,70.00
92.3113,19776,100,71.23
92.3288,19776,100,69.07
92.3465,19776,100,71.70
92.3644,19776,100,72.17
92.3821,19776,100,70.34
92.4002,19776,100,68.67
92.4176,19776,100,68.76
92.4355,19776,100,70.40
92.4530,19776,100,69.92
92.4709,19776,100,70.32
92.4891,19776,100,71.22
92.5069,19776,100,70.99
92.5243,19776,100,70.29
92.5418,19776,100,70.65
92.5592,19776,100,68.50
92.5770,19776,100,71.42
92.5945,19776,100,72.96
92.6119,19776,100,70.15
92.6297,19776,100,71.38
92.6473,19776,100,70.59
92.6647,19776,100,68.32
92.6829,19776,100,72.86
92.7006,19776,100,70.12
92.7183,19776,100,70.36
92.7359,19776,100,71.22
92.7533,19776,100,71.14
92.7707,19776,100,71.38
92.7890,19776,100,69.05
92.8065,19776,100,72.40
92.8239,19776,100,69.34
92.8417,19776,100,71.05
92.8591,19776,100,73.82
92.8765,19776,100,68.98
92.8940,19776,100,71.03
92.9119,19776,100,70.72
92.9293,19776,100,69.88
92.9467,19776,100,70.06
92.9646,19776,100,73.53
92.9823,19776,100,72.09
93.0001,19776,100,70.14
93.0179,19776,100,71.45
93.0361,19776,100,72.80
93.0535,19776,100,70.65
93.0709,19776,100,72.89
93.0891,19776,100,70.83
93.1068,19776,100,70.53
93.1244,19776,100,71.02
93.1422,19776,100,69.40
93.1599,19776,100,69.67
93.1775,19776,100,71.96
93.1951,19776,100,72.65
93.2129,19776,100,71.09
93.2308,19776,100,72.16
93.2486,19776,100,71.81
93.2663,19776,100,71.88
93.2842,19776,100,73.74
93.3024,19776,100,73.62
93.3199,19776,100,68.93
93.3374,19776,100,71.51
93.3553,19776,100,71.19
93.3730,19776,100,70.53
93.3909,19776,100,71.61
93.4087,19776,100,72.01
93.4264,19776,100,70.77
93.4446,19776,100,70.73
93.4621,19776,100,71.11
93.4798,19776,100,69.99
93.4981,19776,100,72.12
93.5155,19776,100,69.94
93.5330,19776,100,69.28
93.5507,19776,100,69.53
93.5683,19776,100,71.53
93.5863,19776,100,69.67
93.6037,19776,100,72.70
93.6215,19776,100,71.85
93.6398,19776,100,72.31
93.6572,19776,100,70.53
93.6754,19776,100,70.99
93.6932,19776,100,71.41
93.7106,19776,100,69.75
93.7281,19776,100,71.91
93.7460,19776,100,70.33
93.7641,19776,99,73.04
93.7819,19776,100,71.54
93.7996,19776,100,69.73
93.8172,19776,100,73.17
93.8349,19776,100,71.74
93.8524,19776,100,70.42
93.8704,19776,100,72.68
93.8879,19776,100,72.12
93.9057,19776,100,71.21
93.9233,19776,100,72.36
93.9412,19776,100,70.10
93.9592,19776,100,69.44
93.9774,19776,100,70.11
93.9949,19776,100,69.99
94.0124,19776,100,72.13
94.0300,19776,100,72.10
94.0478,19776,100,70.65
94.0652,19776,100,70.06
94.0831,20286,100,70.31
94.1009,20286,100,70.27
94.1186,20286,100,70.22
94.1365,20286,100,72.72
94.1542,20286,100,71.86
94.1716,20286,100,69.07
94.1894,20286,100,70.59
94.2070,20286,100,70.93
94.2248,20286,100,72.36
94.2422,20286,100,70.89
94.2601,20286,100,69.89
94.2779,20286,100,72.83
94.2953,20286,100,70.38
94.3130,20286,100,70.57
94.3310,20286,100,71.17
94.3485,20286,100,70.09
94.3665,20286,100,70.28
94.3844,20286,100,70.93
94.4022,20286,100,71.37
94.4199,20286,100,70.46
94.4382,20286,100,71.01
94.4560,20286,100,68.68
94.4737,20286,100,73.67
94.4919,20286,100,71.68
94.5093,20286,100,71.24
94.5271,20286,100,72.01
94.5449,20286,100,71.62
94.5628,20286,100,71.77
94.5802,20286,100,70.18
94.5979,20286,100,71.67
94.6155,20286,100,70.01
94.6337,20286,100,74.49
94.6512,20286,100,69.02
94.6688,20286,100,71.16
94.6862,20286,100,70.75
94.7036,20286,100,71.06
94.7212,20286,100,69.93
94.7388,20286,100,70.45
94.7562,20286,100,70.39
94.7738,20286,100,70.81
94.7912,20286,100,72.42
94.8087,20286,100,71.44
94.8263,20286,100,68.75
94.8438,20286,100,70.45
94.8614,20286,100,69.84
94.8788,20286,100,71.98
94.8962,20286,100,70.63
94.9138,20286,99,70.33
94.9313,20286,100,70.65
94.9487,20286,100,71.51
94.9662,20286,100,72.68
94.9836,20286,100,72.14
95.0012,20286,100,70.40
95.0186,20286,100,70.12
95.0362,20286,100,71.16
95.0536,20286,100,69.64
95.0717,20286,100,69.51
95.0892,20286,100,73.58
95.1067,20286,100,70.61
95.1243,20286,100,69.02
95.1420,20286,100,70.99
95.1594,20286,100,72.33
95.1770,20286,100,71.12
95.1945,20286,100,71.91
95.2120,20286,100,71.53
95.2294,20286,100,71.85
95.2469,20286,100,70.50
95.2645,20286,100,70.39
95.2827,20286,99,72.42
95.3002,20286,100,70.54
95.3176,20286,100,68.27
95.3350,20286,100,68.53
95.3525,20286,100,73.11
95.3700,20286,100,70.57
95.3875,20286,100,69.17
95.4049,20286,100,69.69
95.4224,20286,100,71.46
95.4402,20286,100,71.22
95.4576,20286,100,70.75
95.4752,20286,100,69.56
95.4928,20286,100,71.16
95.5102,20286,100,73.03
95.5276,20286,100,71.76
95.5452,20286,100,71.85
95.5627,20286,100,70.40
95.5804,20286,100,70.66
95.5980,20286,100,70.05
95.6156,20286,100,73.95
95.6332,20286,100,73.26
95.6505,20286,100,68.80
95.6680,20286,100,70.93
95.6856,20286,100,68.88
95.7030,20286,100,71.68
95.7205,20286,100,70.17
95.7379,20286,100,69.32
95.7555,20286,100,72.09
95.7729,20286,100,72.90
95.7903,20286,100,69.18
95.8081,20286,100,69.59
95.8258,20286,100,74.12
95.8436,20286,100,70.98
95.8610,20286,100,70.06
95.8785,20286,100,73.64
95.8959,20286,100,70.82
95.9134,20286,100,70.03
95.9308,20286,100,72.61
95.9484,20286,100,74.22
95.9658,20286,100,70.62
95.9832,20286,100,71.16
96.0008,20286,100,70.66
96.0183,20286,100,71.33
96.0358,20286,100,71.44
96.0532,20286,100,68.27
96.0707,20286,100,70.32
96.0881,20286,100,71.14
96.1056,20286,100,70.55
96.1231,20286,100,70.61
96.1407,20286,100,71.74
96.1581,20286,100,69.24
96.1755,20286,100,69.48
96.1930,20286,100,72.21
96.2105,20286,100,69.86
96.2279,20286,100,70.31
96.2458,20286,100,72.19
96.2633,20286,100,71.66
96.2807,20286,100,71.30
96.2981,20286,100,69.31
96.3156,20286,100,71.70
96.3332,20286,100,73.26
96.3507,20286,100,71.74
96.3681,20286,100,71.31
96.3856,20286,100,71.45
96.4032,20286,100,70.72
96.4206,20286,100,69.46
96.4381,20286,100,71.06
96.4556,20286,100,71.73
96.4731,20286,100,71.87
96.4908,20286,100,71.78
96.5084,20286,100,69.46
96.5258,20286,100,72.35
96.5433,20286,100,69.61
96.5610,20286,100,71.36
96.5786,20286,100,71.45
96.5961,20286,99,73.54
96.6138,20286,100,72.08
96.6312,20286,100,71.01
96.6487,20286,100,72.49
96.6663,20286,100,73.09
96.6837,20286,100,68.84
96.7011,20286,100,69.30
96.7187,20286,99,73.63
96.7362,20286,100,71.24
96.7537,20286,100,70.30
96.7712,20286,100,72.40
96.7887,20286,100,70.04
96.8061,20286,100,69.79
96.8236,20286,100,72.25
96.8414,20286,100,71.65
96.8588,20286,100,69.89
96.8763,20286,100,71.08
96.8938,20286,100,72.67
96.9113,20286,100,70.17
96.9290,20286,100,70.09
96.9467,20286,100,71.97
96.9642,20286,99,70.43
96.9822,20286,100,69.02
96.9998,20286,100,70.60
97.0174,20286,100,71.80
97.0347,20286,100,72.93
97.0524,20286,100,69.11
97.0701,20286,100,71.85
97.0876,20286,100,70.43
97.1050,20286,100,71.33
97.1224,20286,100,70.81
97.1398,20286,100,72.36
97.1574,20286,100,71.20
97.1749,20286,100,71.14
97.1923,20286,100,72.01
97.2098,20286,100,70.45
97.2273,20286,100,70.71
97.2447,20286,100,69.76
97.2621,20286,100,71.80
97.2797,20286,100,70.29
97.2972,20286,100,72.39
97.3146,20286,100,69.24
97.3322,20286,99,71.68
97.3497,20286,100,70.39
97.3674,20286,100,70.26
97.3850,20286,100,71.01
97.4025,20286,100,74.90
97.4200,20286,100,70.66
97.4374,20286,100,71.35
97.4550,20286,100,73.05
97.4725,20286,100,71.35
97.4900,20286,100,70.65
97.5074,20286,100,69.69
97.5250,20286,100,71.79
97.5425,20286,100,70.53
97.5602,20286,100,71.65
97.5778,20286,100,70.39
97.5951,20286,100,73.34
97.6127,20286,100,71.76
97.6301,20286,100,71.34
97.6477,20286,100,70.08
97.6652,20286,100,72.27
97.6826,20286,100,71.58
97.7005,20286,100,70.67
97.7181,20286,100,71.02
97.7355,20286,100,71.80
97.7529,20286,100,70.63
97.7705,20286,100,70.92
97.7880,20286,100,71.42
97.8055,20286,100,68.71
97.8230,20286,99,71.74
97.8405,20286,100,70.94
97.8581,20286,100,69.70
97.8755,20286,100,70.21
97.8931,20286,100,72.35
97.9106,20286,100,71.22
97.9280,20286,100,70.99
97.9455,20286,100,70.57
97.9630,20286,100,70.07
97.9805,20286,100,71.72
97.9980,20286,100,70.35
98.0154,20286,100,72.57
98.0330,20286,100,71.25
98.0505,20286,100,70.25
98.0680,20286,100,72.08
98.0855,20286,100,71.82
98.1030,20286,100,71.60
98.1212,20286,100,72.18
98.1390,20286,100,71.21
98.1564,20286,100,69.20
98.1740,20286,100,71.98
98.1916,20286,100,71.05
98.2090,20286,100,71.84
98.2267,20286,100,72.61
98.2441,20286,100,70.90
98.2615,20286,100,70.35
98.2789,20286,100,68.54
98.2965,20286,100,71.93
98.3141,20286,100,72.97
98.3315,20286,100,70.82
98.3489,20286,100,70.84
98.3664,20286,100,71.82
98.3839,20286,100,70.19
98.4013,20286,100,71.18
98.4187,20286,100,69.04
98.4361,20286,100,70.85
98.4537,20286,100,72.98
98.4712,20286,100,71.58
98.4887,20286,100,71.69
98.5063,20286,100,71.07
98.5237,20286,100,72.75
98.5412,20286,100,70.94
98.5585,20286,100,68.72
98.5765,20286,100,73.41
98.5940,20286,100,72.33
98.6115,20286,100,72.57
98.6289,20286,100,70.55
98.6464,20286,100,71.51
98.6639,20286,100,70.00
98.6813,20286,100,69.85
98.6991,20286,100,73.43
98.7166,20286,100,71.56
98.7341,20286,100,70.21
98.7514,20286,100,69.44
98.7691,20286,100,69.25
98.7865,20286,100,73.98
98.8044,20286,100,70.54
98.8217,20286,100,71.68
98.8391,20286,100,70.58
98.8566,20286,100,71.14
98.8740,20286,100,71.28
98.8917,20286,100,71.45
98.9093,20286,100,71.59
98.9274,20798,100,71.72
98.9447,20798,100,69.59
98.9622,20798,100,69.56
98.9797,20798,100,74.63
98.9975,20798,100,72.12
99.0149,20798,100,70.83
99.0324,20798,100,70.38
99.0499,20798,100,72.00
99.0673,20798,100,71.12
99.0849,20798,100,69.83
99.1025,20798,100,71.19
99.1200,20798,100,70.69
99.1374,20798,100,69.35
99.1549,20798,100,71.06
99.1724,20798,100,74.96
99.1899,20798,100,68.79
99.2073,20798,100,72.77
99.2248,20798,100,73.10
99.2423,20798,100,71.74
99.2597,20798,100,69.97
99.2772,20798,100,70.10
99.2947,20798,100,70.06
99.3121,20798,100,69.86
99.3296,20798,100,69.68
99.3472,20798,100,70.83
99.3652,20798,100,67.15
99.3829,20798,100,72.63
99.4003,20798,100,70.58
99.4179,20798,100,71.39
99.4353,20798,100,71.32
99.4526,20798,100,71.98
99.4702,20798,100,71.94
99.4876,20798,100,68.97
99.5050,20798,100,70.60
99.5224,20798,100,72.70
99.5400,20798,100,71.68
99.5574,20798,100,70.32
99.5749,20798,100,70.60
99.5924,20798,100,70.56
99.6098,20798,100,69.62
99.6276,15974,100,72.75
99.6451,14908,27,65.36
99.6625,14908,0,31.57
99.6800,14908,0,31.54
99.6974,14908,0,31.28
99.7149,14908,0,31.18
99.7323,14908,0,30.99
99.7498,14908,0,30.89
99.7673,14908,0,30.93
99.7847,14908,0,30.91
99.8021,14908,0,30.86
99.8194,14908,0,30.80
99.8369,14908,0,30.65
99.8544,14908,0,30.57
99.8729,14908,0,30.58
99.8913,14908,0,30.57
99.9099,14908,0,30.61
99.9284,14908,0,30.50
99.9470,14908,0,30.48
99.9653,16176,100,46.26
99.9827,16672,100,71.36
100.0002,16672,100,70.72
100.0179,16672,100,69.87
100.0357,16672,100,70.43
100.0531,16672,100,70.29
100.0712,16672,100,73.59
100.0887,16672,100,71.94
100.1061,16672,100,70.44
100.1236,16672,100,74.06
100.1411,17162,100,71.80
100.1585,17162,100,68.18
100.1759,17162,100,71.71
100.1934,17162,100,70.72
100.2109,17162,100,70.54
100.2283,17162,100,69.26
100.2458,17162,100,75.24
100.2634,17162,100,76.08
100.2808,17162,100,70.01
100.2984,17162,100,70.05
100.3159,17162,100,71.21
100.3335,17162,100,70.90
100.3509,17162,100,71.36
100.3683,17162,100,67.56
100.3859,17162,100,71.56
100.4035,17162,100,71.07
100.4209,17162,100,71.83
100.4384,17162,100,71.86
100.4559,17674,100,72.48
100.4734,17674,100,71.23
100.4908,17674,100,68.81
100.5084,17674,100,72.27
100.5259,17674,100,69.88
100.5433,17674,100,68.55
100.5607,17674,100,67.64
100.5782,17674,100,69.96
100.5957,17674,100,70.56
100.6132,17674,100,71.79
100.6307,17674,100,72.99
100.6482,17674,100,70.90
100.6656,17674,100,69.42
100.6829,17674,100,71.97
100.7005,17674,100,72.83
100.7179,17674,100,72.22
100.7353,17674,100,70.94
100.7528,17674,100,71.40
100.7703,17674,100,71.84
100.7877,17674,100,70.07
100.8053,17674,100,71.47
100.8228,17674,100,73.61
100.8402,17674,100,71.28
100.8576,17674,100,69.82
100.8752,17674,100,72.56
100.8930,17674,100,71.27
100.9104,17674,100,70.22
100.9280,17674,100,71.40
100.9458,17674,100,70.96
100.9633,17674,100,70.81
100.9807,17674,100,70.54
100.9981,17674,100,69.94
101.0157,17674,100,71.93
101.0331,17674,100,70.14
101.0506,17674,100,70.86
101.0680,17674,100,68.44
101.0854,17674,100,70.36
101.1029,17674,99,71.66
101.1203,17674,100,70.26
101.1382,17674,100,71.79
101.1557,17674,100,73.03
101.1732,17674,100,71.37
101.1906,17674,100,69.95
101.2080,17674,100,70.02
101.2256,17674,100,70.47
101.2430,17674,100,71.06
101.2604,17674,100,71.36
101.2780,17674,100,71.93
101.2959,17674,100,70.11
101.3140,17674,100,71.60
101.3315,17674,100,71.09
101.3489,17674,100,70.33
101.3664,17674,100,70.02
101.3839,17674,100,72.84
101.4013,17674,100,71.66
101.4188,17674,100,69.91
101.4364,17674,100,71.75
101.4542,17674,100,71.07
101.4716,17674,100,70.83
101.4891,17674,100,71.15
101.5067,17674,100,70.43
101.5245,17674,100,71.97
101.5419,17674,100,72.19
101.5594,17674,100,72.12
101.5769,17674,100,71.99
101.5945,17674,100,70.90
101.6119,17674,100,70.20
101.6294,17674,100,70.17
101.6473,17674,100,71.63
101.6647,17674,100,73.53
101.6826,17674,100,72.15
101.7002,17674,100,70.36
101.7175,17674,100,73.36
101.7350,17674,100,71.86
101.7524,17674,100,74.47
101.7700,17674,100,68.41
101.7878,17674,100,70.16
101.8053,17674,100,72.70
101.8227,17674,100,69.87
101.8403,17674,100,72.21
101.8578,17674,100,72.82
101.8753,17674,100,69.94
101.8927,17674,100,70.18
101.9102,17674,100,73.43
101.9276,18188,99,73.06
101.9451,18188,100,71.73
101.9625,18188,100,70.91
101.9800,18188,100,70.77
101.9975,18188,100,71.67
102.0150,18188,100,72.32
102.0324,18188,100,71.64
102.0501,18188,100,71.83
102.0677,18188,100,70.32
102.0852,18188,100,70.32
102.1026,18188,100,70.07
102.1208,18188,100,72.94
102.1383,18188,100,68.28
102.1558,18188,100,71.30
102.1731,18188,100,70.93
102.1907,18188,100,73.85
102.2086,18188,100,71.63
102.2260,18188,100,71.60
102.2435,18188,100,71.22
102.2614,18188,100,70.86
102.2789,18188,100,70.03
102.2963,18188,100,72.07
102.3139,18188,100,70.33
102.3317,18188,100,70.70
102.3498,18188,100,70.17
102.3674,18188,100,71.64
102.3856,18188,100,68.82
102.4030,18188,100,71.18
102.4211,18188,100,71.97
102.4389,18188,100,71.66
102.4563,18188,100,72.71
102.4742,18188,100,71.88
102.4919,18188,100,69.61
102.5098,18188,100,71.55
102.5275,18188,100,70.47
102.5450,18188,100,71.90
102.5628,18188,100,71.32
102.5806,18188,100,70.13
102.5985,18188,100,71.55
102.6163,18188,100,72.28
102.6340,18188,100,70.91
102.6515,18188,100,70.12
102.6693,18188,100,73.31
102.6869,18188,100,71.69
102.7043,18188,100,73.28
102.7220,18188,100,71.05
102.7396,18188,100,69.47
102.7573,18188,100,71.63
102.7754,18188,100,72.18
102.7928,18188,100,70.17
102.8106,18188,100,70.10
102.8280,18188,100,71.33
102.8457,18188,100,73.31
102.8632,18188,100,71.51
102.8805,18188,100,71.00
102.8981,18188,100,71.60
102.9160,18188,100,74.51
102.9334,18188,100,69.91
102.9513,18188,100,70.65
102.9691,18188,100,71.48
102.9865,18188,100,71.23
103.0046,18188,100,71.29
103.0220,18188,100,74.84
103.0396,18188,100,72.35
103.0570,18188,100,70.35
103.0747,18188,100,68.78
103.0922,18188,100,70.68
103.1100,18188,100,69.74
103.1276,18188,100,71.38
103.1450,18188,100,69.95
103.1631,18188,100,67.76
103.1807,18188,100,71.49
103.1981,18188,100,72.48
103.2156,18188,100,69.32
103.2330,18188,100,71.89
103.2508,18188,100,70.94
103.2689,18188,100,69.11
103.2864,18188,100,72.82
103.3039,18188,100,72.76
103.3214,18188,100,69.56
103.3388,18188,100,69.21
103.3562,18188,100,71.44
103.3738,18188,100,70.34
103.3915,18188,100,71.61
103.4093,18188,100,72.17
103.4270,18188,100,70.54
103.4446,18188,100,71.23
103.4621,18188,100,72.02
103.4795,18188,100,69.30
103.4973,18188,100,71.67
103.5152,18188,100,70.18
103.5328,18188,100,71.29
103.5501,18188,100,70.74
103.5684,18188,100,71.64
103.5861,18188,100,72.12
103.6039,18188,100,71.75
103.6217,18188,100,69.62
103.6394,18188,99,71.68
103.6576,18188,100,72.69
103.6751,18188,100,71.23
103.6927,18188,100,69.68
103.7102,18188,100,69.73
103.7276,18188,100,70.22
103.7451,18188,100,72.21
103.7629,18188,100,71.19
103.7803,18188,100,68.03
103.7980,18188,100,69.33
103.8156,18188,100,68.98
103.8337,18188,100,70.78
103.8512,18188,100,71.47
103.8690,18188,100,70.92
103.8867,18188,100,70.06
103.9049,18188,100,69.47
103.9227,18188,100,70.92
103.9401,18188,100,72.93
103.9580,18188,100,73.40
103.9755,18188,100,71.33
103.9929,18188,100,72.24
104.0107,18188,100,70.97
104.0284,18188,100,69.08
104.0461,18188,100,69.77
104.0643,18188,100,72.14
104.0820,18188,100,71.90
104.0997,18188,100,72.78
104.1175,18188,100,71.43
104.1349,18188,100,71.47
104.1526,18188,100,69.86
104.1705,18188,100,71.88
104.1883,18188,100,70.99
104.2061,18188,100,71.59
104.2239,18188,100,71.15
104.2413,18188,100,69.39
104.2587,18188,100,69.90
104.2762,18188,100,71.47
104.2945,18188,100,69.34
104.3123,18188,100,72.36
104.3304,18188,100,71.42
104.3479,18188,100,69.24
104.3661,18188,100,72.10
104.3839,18188,100,70.64
104.4017,18188,100,72.39
104.4193,18188,100,71.58
104.4370,18188,100,72.14
104.4544,18188,100,72.45
104.4718,18188,100,69.65
104.4893,18188,100,72.93
104.5069,18188,100,70.79
104.5243,18188,100,69.92
104.5419,18188,100,71.11
104.5594,18188,100,69.41
104.5768,18188,100,69.05
104.5943,18188,100,71.78
104.6117,18188,100,73.56
104.6292,18188,100,70.78
104.6466,18188,100,69.57
104.6642,18188,100,73.43
104.6816,18188,100,72.79
104.6991,18188,100,69.87
104.7166,18188,100,70.43
104.7341,18188,100,70.20
104.7515,18188,100,70.26
104.7689,18188,100,72.47
104.7865,18188,100,70.09
104.8040,18188,100,70.54
104.8215,18188,100,71.97
104.8389,18188,100,71.98
104.8568,18188,100,72.20
104.8743,18188,100,71.18
104.8917,18188,100,70.12
104.9091,18188,100,71.52
104.9267,18188,100,69.53
104.9443,18188,100,69.44
104.9617,18188,100,69.88
104.9793,18188,100,71.82
104.9967,18188,100,70.38
105.0141,18188,100,70.97
105.0317,18188,100,73.46
105.0493,18188,100,70.26
105.0667,18188,100,69.72
105.0843,18188,100,71.70
105.1018,18188,100,72.57
105.1192,18188,100,70.28
105.1366,18188,100,70.42
105.1545,18188,100,72.09
105.1719,18188,100,71.01
105.1894,18188,100,68.90
105.2068,18188,100,71.94
105.2244,18188,100,71.41
105.2419,18188,100,69.92
105.2593,18188,100,69.28
105.2767,18188,100,68.34
105.2942,18188,100,74.06
105.3121,18188,100,71.61
105.3295,18188,100,71.12
105.3471,18188,100,69.70
105.3646,18188,100,70.57
105.3820,18188,100,70.03
105.3995,18188,100,71.13
105.4170,18188,100,73.02
105.4347,18188,100,70.99
105.4522,18188,100,70.40
105.4696,18188,100,72.50
105.4871,18188,100,69.20
105.5050,18188,100,71.94
105.5224,18188,100,70.61
105.5397,18188,100,69.47
105.5571,18188,100,71.90
105.5746,18188,99,73.63
105.5921,18188,100,72.44
105.6095,18188,100,69.55
105.6270,18188,100,71.04
105.6446,18188,100,69.11
105.6620,18188,100,71.93
105.6794,18188,100,70.69
105.6969,18188,100,68.27
105.7144,18188,100,72.78
105.7319,18188,100,70.81
105.7493,18188,100,70.10
105.7670,18188,100,71.23
105.7846,18188,100,73.22
105.8021,18188,100,69.47
105.8196,18188,100,71.16
105.8371,18188,100,70.03
105.8545,18188,100,72.09
105.8719,18188,100,71.48
105.8895,18188,100,71.78
105.9070,18188,100,70.53
105.9245,18188,100,72.01
105.9423,18188,100,69.79
105.9597,18188,100,70.03
105.9772,18188,100,70.44
105.9948,18188,100,71.26
106.0122,18188,100,71.57
106.0297,18188,100,70.50
106.0472,18188,99,70.73
106.0648,18188,100,72.34
106.0822,18704,100,69.21
106.0997,18704,100,69.90
106.1172,18704,100,70.84
106.1350,18704,100,69.60
106.1524,18704,100,70.40
106.1700,18704,100,70.21
106.1875,18704,100,73.97
106.2053,18704,100,70.05
106.2227,18704,100,68.27
106.2404,18704,100,70.80
106.2579,18704,100,71.15
106.2756,18704,100,70.15
106.2932,18704,100,69.50
106.3107,18704,100,70.52
106.3281,18704,100,70.15
106.3455,18704,100,70.86
106.3631,18704,100,69.61
106.3806,18704,100,73.48
106.3982,18704,100,71.26
106.4155,18704,100,69.14
106.4331,18704,100,70.89
106.4506,18704,100,72.89
106.4680,18704,100,71.66
106.4853,18704,100,70.61
106.5029,18704,100,70.58
106.5204,18704,100,70.50
106.5378,18704,100,70.33
106.5552,18704,100,70.74
106.5727,18704,100,70.08
106.5902,18704,100,69.01
106.6075,18704,100,69.87
106.6251,18704,100,71.93
106.6425,18704,100,68.38
106.6600,18704,99,68.96
106.6779,18704,100,69.82
106.6953,18704,100,70.09
106.7128,18704,100,70.39
106.7302,18704,100,71.03
106.7478,18704,100,72.31
106.7652,18704,100,69.52
106.7827,18704,100,71.36
106.8002,18704,100,69.82
106.8177,18704,100,70.08
106.8352,18704,100,72.07
106.8527,18704,100,75.08
106.8702,18704,100,68.53
106.8877,18704,100,70.91
106.9052,18704,99,71.79
106.9230,18704,100,71.15
106.9404,18704,100,71.24
106.9578,18704,100,69.07
106.9755,18704,100,71.05
106.9929,18704,100,70.86
107.0105,18704,100,71.34
107.0279,18704,100,72.77
107.0453,18704,100,71.01
107.0628,18704,100,71.11
107.0804,18704,100,71.12
107.0978,18704,100,70.94
107.1161,18704,100,71.76
107.1335,18704,100,70.85
107.1509,18704,100,71.50
107.1689,18704,100,72.00
107.1864,18704,100,71.69
107.2039,18704,100,69.59
107.2214,18704,100,71.78
107.2390,18704,100,69.06
107.2564,18704,100,70.95
107.2739,18704,100,71.68
107.2918,18704,100,70.53
107.3093,18704,100,70.05
107.3267,18704,100,70.81
107.3449,18704,100,72.00
107.3626,18704,100,73.04
107.3802,18704,100,70.31
107.3975,18704,100,69.85
107.4151,18704,100,70.68
107.4325,18704,100,72.24
107.4499,18704,100,69.25
107.4674,18704,100,71.17
107.4849,18704,100,70.83
107.5027,18704,100,69.23
107.5204,18704,100,71.35
107.5380,18704,100,71.91
107.5554,18704,100,71.32
107.5729,18704,100,69.14
107.5904,18704,100,70.40
107.6079,18704,100,69.77
107.6253,18704,100,71.19
107.6428,18704,100,69.10
107.6607,18704,100,73.73
107.6781,18704,100,70.66
107.6956,18704,100,70.56
107.7131,18704,100,71.23
107.7308,18704,100,68.79
107.7482,18704,100,69.95
107.7658,18704,99,72.99
107.7833,18704,100,70.35
107.8015,18704,100,70.81
107.8190,18704,100,70.29
107.8365,18704,100,70.68
107.8539,18704,100,69.15
107.8714,18704,100,71.45
107.8889,18704,100,70.30
107.9063,18704,100,70.00
107.9239,18704,100,71.93
107.9420,18704,100,72.39
107.9594,18704,100,70.33
107.9772,18704,100,72.29
107.9946,18704,100,71.26
108.0127,18704,100,72.39
108.0301,18704,100,69.61
108.0476,18704,100,69.28
108.0652,18704,100,70.57
108.0831,18704,100,72.44
108.1005,18704,100,69.96
108.1183,18704,100,74.44
108.1362,18704,100,69.29
108.1536,18704,100,71.02
108.1711,18704,100,71.56
108.1886,18704,100,68.22
108.2060,18704,100,73.31
108.2239,18704,100,71.76
108.2413,18704,100,69.30
108.2588,18704,100,71.10
108.2764,18704,100,73.05
108.2940,18704,100,75.17
108.3114,18704,100,71.38
108.3287,18704,100,69.53
108.3465,18704,100,69.87
108.3640,18704,100,69.69
108.3817,18704,100,71.12
108.3993,18704,100,72.50
108.4167,18704,100,70.25
108.4341,18704,100,68.73
108.4515,18704,100,69.37
108.4691,18704,100,69.28
108.4869,18704,100,69.95
108.5043,18704,100,70.80
108.5225,18704,100,70.41
108.5399,18704,100,69.09
108.5573,18704,100,72.14
108.5747,18704,100,69.64
108.5923,18704,100,70.88
108.6098,18704,100,73.11
108.6276,18704,100,69.83
108.6452,18704,100,69.62
108.6629,18704,100,69.91
108.6803,18704,100,69.47
108.6979,18704,100,71.79
108.7154,18704,100,72.39
108.7331,18704,100,70.81
108.7505,18704,100,70.09
108.7681,18704,100,72.52
108.7856,18704,100,71.74
108.8030,18704,100,71.73
108.8206,18704,100,71.74
108.8381,18704,100,69.38
108.8555,18704,100,69.97
108.8731,18704,100,71.12
108.8912,18704,100,70.86
108.9091,18704,100,70.62
108.9269,18704,100,69.50
108.9444,18704,100,72.16
108.9618,18704,100,70.27
108.9794,18704,100,71.33
108.9972,18704,100,71.21
109.0146,18704,100,70.92
109.0322,18704,100,72.59
109.0497,18704,100,67.62
109.0671,18704,100,69.58
109.0844,18704,100,72.26
109.1024,18704,100,71.29
109.1198,18704,100,69.86
109.1375,18704,100,69.57
109.1551,18704,100,70.15
109.1728,18704,100,70.48
109.1903,18704,100,71.15
109.2077,18704,100,71.90
109.2253,18704,100,71.49
109.2427,18704,100,70.32
109.2602,18704,100,69.99
109.2778,18704,100,70.62
109.2952,18704,100,71.34
109.3130,18704,100,70.13
109.3306,18704,100,69.83
109.3480,18704,100,71.70
109.3655,19222,100,72.75
109.3829,19222,100,72.45
109.4005,19222,100,70.21
109.4179,19222,100,70.31
109.4353,19222,100,69.87
109.4529,19222,100,71.79
109.4707,19222,100,72.26
109.4881,19222,100,71.15
109.5059,19222,100,71.90
109.5234,19222,100,71.94
109.5407,19222,100,70.96
109.5583,19222,100,73.62
109.5758,19222,100,72.29
109.5932,19222,100,68.32
109.6106,19222,100,71.10
109.6280,19222,100,70.85
109.6455,19222,100,71.52
109.6629,19222,100,70.25
109.6804,19222,100,72.80
109.6979,19222,100,71.74
109.7153,19222,100,70.86
109.7327,19222,100,69.49
109.7503,19222,100,71.59
109.7678,19222,100,69.55
109.7853,19222,100,70.17
109.8029,19222,100,70.69
109.8207,19222,100,73.43
109.8381,19222,100,71.62
109.8556,19222,100,70.92
109.8730,19222,100,73.72
109.8908,19222,100,70.37
109.9082,19222,100,71.26
109.9257,19222,100,71.70
109.9432,19222,100,72.13
109.9608,19222,100,70.76
109.9782,19222,100,69.99
109.9957,19222,100,72.11
110.0135,19222,99,74.05
110.0309,19222,100,71.62
110.0483,19222,100,69.58
110.0659,19222,100,74.08
110.0837,19222,100,74.11
110.1011,19222,100,70.22
110.1186,19222,100,72.60
110.1360,19222,100,71.29
110.1535,19222,100,70.68
110.1710,19222,100,71.36
110.1884,19222,100,73.00
110.2059,19222,100,71.12
110.2232,19222,100,68.69
110.2408,19222,100,70.38
110.2583,19222,100,71.46
110.2758,19222,100,71.53
110.2932,19222,100,69.64
110.3106,19222,100,68.67
110.3281,19222,100,69.65
110.3456,19222,100,71.14
110.3629,19222,100,70.76
110.3803,19222,99,72.39
110.3985,19222,100,72.62
110.4159,19222,100,70.33
110.4333,19222,100,70.29
110.4508,19222,100,72.93
110.4683,19222,100,71.69
110.4860,19222,100,68.11
110.5036,19222,100,69.72
110.5210,19222,100,73.46
110.5385,19222,100,71.70
110.5558,19222,100,69.73
110.5738,19222,100,71.93
110.5912,19222,100,71.61
110.6086,19222,100,70.64
110.6260,19222,100,70.55
110.6435,19222,100,72.86
110.6610,19222,100,69.35
110.6784,19222,100,69.13
110.6960,19222,100,71.52
110.7134,19222,100,70.35
110.7308,19222,100,70.56
110.7482,19222,100,70.86
110.7657,19222,100,70.00
110.7831,19222,100,70.52
110.8005,19222,100,70.03
110.8180,19222,100,69.86
110.8362,19222,100,71.49
110.8541,19222,100,72.05
110.8719,19222,100,68.71
110.8898,19222,100,71.43
110.9073,19222,100,73.21
110.9254,19222,100,68.45
110.9437,19222,100,70.34
110.9611,19222,100,72.58
110.9786,19222,100,71.12
110.9957,19222,100,72.56
111.0132,19222,100,72.31
111.0306,19222,100,71.34
111.0481,19222,100,71.46
111.0655,19222,100,70.75
111.0830,19222,100,70.54
111.1005,19222,100,73.08
111.1179,19222,100,70.70
111.1354,19222,99,72.66
111.1529,19222,100,73.10
111.1704,19222,100,69.27
111.1877,19222,100,69.62
111.2053,19222,100,70.08
111.2227,19222,100,73.02
111.2402,19222,100,69.79
111.2577,19222,100,70.71
111.2751,19222,100,72.06
111.2927,19222,100,70.88
111.3101,19222,100,69.48
111.3276,19222,100,71.78
111.3451,19222,100,69.85
111.3628,19222,100,69.52
111.3807,19222,100,71.82
111.3981,19222,100,71.52
111.4155,19222,100,70.72
111.4335,19222,100,70.38
111.4510,19222,100,71.98
111.4688,19222,100,70.74
111.4867,19222,100,71.83
111.5048,19222,100,73.38
111.5221,19222,100,71.54
111.5397,19222,100,72.44
111.5571,19222,100,71.57
111.5745,19222,100,72.09
111.5921,19222,100,74.02
111.6097,19222,100,72.43
111.6271,19222,100,69.75
111.6446,19222,100,70.69
111.6621,19222,100,72.01
111.6796,19222,100,71.67
111.6970,19222,100,69.60
111.7146,19222,100,70.28
111.7320,19222,100,71.48
111.7495,19222,100,70.65
111.7669,19222,100,69.97
111.7845,19222,100,71.96
111.8020,19222,100,70.92
111.8194,19222,100,69.82
111.8373,19222,100,71.95
111.8548,19222,100,70.96
111.8725,19222,100,69.72
111.8904,19222,100,73.06
111.9078,19222,100,71.64
111.9252,19222,100,68.38
111.9426,19222,100,71.69
111.9600,19222,100,69.43
111.9778,19222,100,72.15
111.9953,19222,100,69.67
112.0128,19222,100,72.38
112.0303,19222,100,70.01
112.0477,19222,100,70.39
112.0651,19222,100,71.67
112.0827,19222,100,69.43
112.1001,19222,100,70.32
112.1179,19222,100,69.59
112.1354,19222,100,71.91
112.1528,19222,100,69.53
112.1701,19222,100,69.36
112.1875,19222,100,71.28
112.2050,19222,100,70.44
112.2225,19222,100,70.86
112.2399,19222,100,70.67
112.2576,19222,100,72.52
112.2754,19222,100,67.96
112.2928,19222,100,69.27
112.3103,19222,100,73.74
112.3278,19742,100,70.66
112.3452,19742,100,71.88
112.3626,19742,100,71.01
112.3800,19742,100,70.83
112.3980,19742,100,70.88
112.4154,19742,100,71.21
112.4328,19742,100,69.79
112.4512,19742,100,70.98
112.4690,19742,100,69.29
112.4872,19742,100,71.07
112.5046,19742,100,70.30
112.5225,19742,100,70.33
112.5400,19742,100,72.43
112.5581,19742,100,71.21
112.5763,19742,100,72.54
112.5944,19742,100,70.48
112.6127,19742,100,69.89
112.6301,19742,100,71.05
112.6479,19742,100,69.02
112.6654,19742,99,72.89
112.6828,19742,100,70.84
112.7009,19742,100,69.68
112.7188,19742,100,72.48
112.7363,19742,100,68.76
112.7540,19742,100,72.57
112.7719,19742,100,71.95
112.7899,19742,100,68.48
112.8078,19742,100,70.67
112.8255,19742,100,72.22
112.8430,19742,100,70.42
112.8611,19742,100,70.04
112.8789,19742,100,74.78
112.8964,19742,100,72.26
112.9138,19742,100,69.03
112.9314,19742,100,72.98
112.9488,19742,100,76.01
112.9666,19742,100,73.19
112.9846,19742,100,69.61
113.0021,19742,100,70.91
113.0197,19742,100,70.63
113.0373,19742,100,72.36
113.0548,19742,100,71.71
113.0728,19742,100,69.31
113.0903,19742,100,71.68
113.1082,19742,100,69.31
113.1259,19742,100,68.60
113.1434,19742,100,75.86
113.1610,19742,100,69.83
113.1787,19742,100,69.18
113.1966,19742,99,72.96
113.2144,19742,100,69.16
113.2321,19742,100,71.23
113.2497,19742,100,69.53
113.2674,19742,100,70.15
113.2854,19742,100,71.13
113.3035,19742,100,70.81
113.3213,19742,100,70.71
113.3391,19742,100,72.60
113.3573,19742,100,71.10
113.3749,19742,100,71.84
113.3926,19742,100,69.77
113.4103,19742,100,68.29
113.4277,19742,100,69.00
113.4453,19742,100,71.14
113.4627,19742,100,72.75
113.4802,19742,100,70.96
113.4977,19742,100,70.67
113.5158,19742,100,72.94
113.5332,19742,100,68.88
113.5508,19742,100,72.25
113.5683,19742,100,72.45
113.5858,19742,100,72.27
113.6040,19742,100,71.04
113.6218,19742,100,72.43
113.6396,19742,100,70.56
113.6570,19742,100,70.22
113.6752,19742,100,70.97
113.6926,19742,100,71.01
113.7107,19742,100,71.20
113.7286,19742,100,71.85
113.7464,19742,100,68.70
113.7640,19742,100,70.58
113.7818,19742,100,69.58
113.7999,19742,100,72.22
113.8174,19742,100,70.40
113.8351,19742,100,70.31
113.8530,19742,100,72.71
113.8711,19742,100,70.65
113.8889,19742,100,70.08
113.9063,19742,100,72.10
113.9240,19742,100,71.08
113.9416,19742,100,70.39
113.9594,19742,100,69.67
113.9772,19742,100,70.06
113.9947,19742,100,71.23
114.0122,19742,100,69.94
114.0296,19742,100,69.52
114.0473,19742,100,71.09
114.0654,19742,100,70.87
114.0835,19742,100,72.65
114.1014,19742,100,72.43
114.1191,19742,100,72.98
114.1369,19742,100,70.44
114.1546,19742,100,69.93
114.1722,19742,100,72.55
114.1897,19742,100,70.36
114.2070,19742,100,70.56
114.2246,19742,100,70.74
114.2420,19742,100,71.59
114.2597,19742,100,69.59
114.2773,19742,100,71.36
114.2950,19742,100,71.87
114.3131,19742,100,71.64
114.3310,19742,100,72.11
114.3485,19742,100,70.85
114.3663,19742,100,71.43
114.3842,19742,100,69.44
114.4017,19742,100,69.71
114.4198,19742,100,71.76
114.4376,19742,100,70.97
114.4550,19742,100,68.91
114.4729,19742,100,72.12
114.4903,19742,100,71.82
114.5077,19742,100,71.89
114.5253,19742,100,69.86
114.5435,19742,100,71.08
114.5613,19742,100,72.00
114.5788,19742,100,72.79
114.5962,19742,100,68.24
114.6141,19742,100,68.68
114.6315,19742,100,74.02
114.6489,19742,100,74.25
114.6664,19742,100,72.14
114.6837,19742,100,68.64
114.7012,19742,100,70.57
114.7187,19742,100,70.25
114.7361,19742,100,71.39
114.7537,19742,100,71.69
114.7711,19742,100,69.72
114.7885,19742,100,70.86
114.8060,19742,100,71.08
114.8235,19742,100,70.16
114.8410,19742,100,70.33
114.8588,19742,100,70.86
114.8764,19742,100,69.91
114.8942,19742,100,69.92
114.9116,19742,100,72.45
114.9292,19742,100,71.89
114.9467,19742,100,73.11
114.9641,19742,100,72.28
114.9815,19742,100,73.48
114.9989,19742,100,71.65
115.0165,19742,100,70.99
115.0339,19742,100,71.09
115.0519,19742,100,70.04
115.0694,19742,100,70.29
115.0869,19742,100,70.69
115.1045,19742,100,70.96
115.1220,19742,100,71.81
115.1393,19742,100,72.24
115.1569,19742,100,69.87
115.1747,19742,100,70.20
115.1921,19742,100,69.63
115.2096,19742,100,71.64
115.2271,19742,100,72.12
115.2445,19742,100,69.55
115.2621,19742,100,70.94
115.2795,19742,100,72.32
115.2969,19742,100,71.14
115.3146,19742,99,71.61
115.3321,19742,100,72.01
115.3495,19742,100,71.13
115.3669,19742,100,70.86
115.3845,19742,100,73.03
115.4019,19742,100,71.36
115.4194,19742,100,69.95
115.4368,19742,100,70.48
115.4542,19742,100,72.30
115.4717,19742,100,70.13
115.4892,19742,100,69.63
115.5066,19742,100,71.53
115.5247,19742,100,70.18
115.5422,19742,100,72.36
115.5596,19742,100,68.11
115.5772,19742,100,69.96
115.5951,19742,100,72.49
115.6125,19742,100,71.65
115.6300,19742,100,70.29
115.6474,19742,100,70.89
115.6649,19742,100,71.69
115.6823,19742,100,69.51
115.6996,19742,100,73.07
115.7172,19742,100,70.61
115.7347,19742,100,71.67
115.7521,19742,100,70.38
115.7697,19742,100,74.11
115.7871,19742,100,72.84
115.8046,19742,100,73.19
115.8221,19742,100,71.44
115.8396,19742,100,71.89
115.8571,19742,100,71.08
115.8745,19742,100,70.14
115.8920,19742,100,72.42
115.9095,19742,100,69.31
115.9269,19742,100,67.46
115.9445,19742,100,71.50
115.9619,19742,100,72.42
115.9793,19742,100,68.41
115.9967,19742,100,71.12
116.0141,19742,100,73.16
116.0317,19742,100,73.06
116.0493,19742,100,70.72
116.0670,19742,100,70.67
116.0845,19742,100,71.83
116.1021,19742,100,71.23
116.1195,19742,100,69.01
116.1368,19742,100,71.68
116.1547,19742,100,71.46
116.1722,19742,100,69.22
116.1901,19742,100,71.42
116.2076,19742,100,70.28
116.2250,19742,100,71.29
116.2424,19742,100,71.05
116.2599,19742,100,71.63
116.2773,19742,100,69.82
116.2947,19742,100,71.67
116.3122,19742,100,74.31
116.3298,19742,100,71.74
116.3472,19742,100,71.95
116.3647,19742,100,72.50
116.3822,19742,100,70.08
116.3996,19742,100,69.79
116.4172,19742,99,71.55
116.4347,19742,100,71.39
116.4521,19742,100,70.75
116.4697,19742,100,71.32
116.4871,19742,100,69.72
116.5047,19742,100,69.87
116.5221,19742,100,69.63
116.5395,19742,100,69.58
116.5570,19742,100,73.42
116.5745,19742,100,73.64
116.5920,19742,100,71.45
116.6093,19742,100,72.90
116.6269,20264,100,70.98
116.6444,20264,100,72.30
116.6618,20264,100,72.85
116.6797,20264,100,71.05
116.6972,20264,100,71.12
116.7146,20264,100,71.41
116.7321,20264,100,70.16
116.7497,20264,100,71.97
116.7672,20264,100,69.20
116.7846,20264,100,71.26
116.8022,20264,100,71.26
116.8199,20264,100,71.36
116.8374,20264,100,69.60
116.8550,20264,100,72.43
116.8724,20264,100,69.13
116.8898,20264,100,71.27
116.9074,20264,100,72.01
116.9249,20264,100,70.94
116.9423,20264,100,71.57
116.9597,20264,100,69.40
116.9772,20264,100,73.18
116.9945,20264,100,70.14
117.0120,20264,100,72.55
117.0296,20264,100,71.15
117.0470,20264,100,71.60
117.0651,20264,100,70.35
117.0825,20264,100,68.78
117.0999,20264,100,69.89
117.1175,20264,100,72.32
117.1351,20264,100,70.90
117.1525,20264,100,70.47
117.1700,20264,100,72.59
117.1875,20264,100,70.24
117.2050,20264,100,72.15
117.2224,20264,100,71.57
117.2398,20264,100,69.24
117.2572,20264,100,70.48
117.2748,20264,100,70.70
117.2923,20264,100,72.43
117.3097,20264,100,70.35
117.3273,20264,100,72.09
117.3448,20264,100,70.66
117.3622,20264,100,69.83
117.3796,20264,100,70.28
117.3971,20264,99,74.57
117.4149,20264,100,69.72
117.4323,20264,100,69.48
117.4499,20264,100,73.52
117.4677,20264,100,71.36
117.4851,20264,100,70.42
117.5031,20264,100,70.37
117.5206,20264,100,69.53
117.5381,20264,100,69.91
117.5554,20264,100,68.92
117.5729,20264,100,72.71
117.5904,20264,100,70.85
117.6079,20264,100,70.97
117.6254,20264,100,70.29
117.6428,20264,100,69.34
117.6604,20264,100,71.47
117.6778,20264,100,70.06
117.6952,20264,100,68.42
117.7127,20264,100,68.54
117.7301,20264,100,70.34
117.7475,20264,100,71.95
117.7649,20264,100,71.40
117.7825,20264,99,72.23
117.8000,20264,100,69.76
117.8173,20264,100,70.35
117.8355,20264,100,72.02
117.8529,20264,100,71.53
117.8708,20264,100,71.52
117.8883,20264,100,70.52
117.9057,20264,100,70.78
117.9232,20264,100,70.06
117.9407,20264,100,71.25
117.9581,20264,100,70.28
117.9757,20264,100,72.15
117.9933,20264,100,67.91
118.0107,20264,100,68.63
118.0280,20264,100,71.93
118.0456,20264,100,72.45
118.0631,20264,100,70.68
118.0805,20264,100,70.25
118.0980,20264,100,71.92
118.1154,20264,100,70.98
118.1329,20264,100,68.67
118.1504,20264,100,71.60
118.1679,20264,100,71.83
118.1853,20264,100,71.68
118.2028,20264,100,70.88
118.2203,20264,100,72.62
118.2377,20264,100,70.69
118.2553,20264,100,72.55
118.2728,20264,100,73.40
118.2902,20264,100,69.27
118.3079,20264,100,69.56
118.3253,20264,100,74.15
118.3428,20264,100,71.78
118.3602,20264,100,70.53
118.3778,20264,100,72.18
118.3953,20264,100,69.92
118.4127,20264,100,70.45
118.4301,20264,100,71.55
118.4476,20264,100,71.48
118.4650,20264,100,70.39
118.4824,20264,100,70.08
118.5000,20264,100,70.70
118.5175,20264,100,72.85
118.5350,20264,100,69.51
118.5524,20264,100,69.56
118.5700,20264,100,71.18
118.5875,20264,100,69.10
118.6057,20264,100,70.51
118.6232,20264,100,70.57
118.6407,20264,100,71.06
118.6581,20264,100,71.01
118.6756,20264,100,73.05
118.6932,20264,100,72.94
118.7107,20264,100,72.43
118.7281,20264,100,71.60
118.7456,20264,100,69.66
118.7630,20264,100,69.56
118.7808,20264,100,68.96
118.7984,20264,100,71.15
118.8160,20264,100,72.90
118.8333,20264,100,70.03
118.8509,20264,100,69.40
118.8684,20264,100,72.37
118.8859,20264,100,71.32
118.9033,20264,100,71.07
118.9208,20264,100,71.23
118.9384,20264,100,71.31
118.9558,20264,100,71.21
118.9737,20264,100,70.94
118.9912,20264,100,70.71
119.0086,20264,100,70.76
119.0260,20264,100,72.35
119.0436,20264,100,70.92
119.0611,20788,100,69.58
119.0785,20788,100,70.78
119.0960,20788,100,71.21
119.1136,20788,100,71.11
119.1311,20788,100,69.27
119.1485,20788,100,70.30
119.1660,20788,100,72.78
119.1835,20788,100,71.07
119.2009,20788,100,73.21
119.2183,20788,100,72.70
119.2362,20788,100,70.63
119.2536,20788,100,71.64
119.2711,20788,99,70.78
119.2886,20788,100,71.83
119.3059,20788,100,70.00
119.3233,20788,100,68.98
119.3409,20788,100,71.64
119.3584,20788,100,73.64
119.3758,20788,100,71.52
119.3933,20788,100,72.90
119.4109,20788,100,71.70
119.4285,20788,100,71.19
119.4458,20788,100,72.20
119.4634,20788,100,70.34
119.4809,20788,100,74.73
119.4983,20788,100,71.22
119.5157,20788,100,70.70
119.5333,20788,100,71.64
119.5508,20788,100,71.00
119.5682,20788,100,70.86
119.5858,20788,100,69.23
119.6036,20788,100,69.36
119.6210,20788,100,70.88
119.6385,20788,100,73.35
119.6560,20788,100,70.16
119.6736,20788,100,69.79
119.6914,20788,100,72.86
119.7088,20788,100,71.77
119.7263,20788,100,69.23
119.7442,20788,100,73.17
119.7616,20788,100,72.10
119.7791,20788,100,70.56
119.7965,20788,100,71.55
119.8140,20788,100,72.91
119.8314,20788,100,69.85
119.8489,20788,100,68.36
119.8663,20788,100,69.85
119.8838,20788,100,70.86
119.9014,20788,100,70.50
119.9188,20788,100,71.16
119.9364,20788,100,70.42
119.9539,20788,100,72.93
119.9713,20788,100,69.91
119.9890,20788,100,73.54
120.0064,20788,100,69.20
120.0238,20788,100,67.80
120.0414,20788,100,70.78
120.0589,20788,100,69.40
120.0764,20788,100,72.04
120.0938,20788,100,71.15
120.1112,20788,100,70.29
120.1287,20788,100,70.69
120.1462,20788,100,72.95
120.1636,20788,100,71.87
120.1811,20788,100,71.39
120.1985,20788,100,69.88
120.2159,20788,100,70.75
120.2338,20788,100,72.47
120.2512,20788,100,70.44
120.2688,20788,100,68.15
120.2863,20788,100,71.69
120.3041,20788,100,70.04
120.3215,20788,100,69.57
120.3391,20788,100,74.42
120.3565,20788,100,74.12
120.3739,16370,100,70.00
120.3914,14908,17,63.07
120.4088,14908,0,31.69
120.4263,14908,0,31.34
120.4437,14908,0,31.30
120.4612,14908,0,31.27
120.4786,14908,0,31.05
120.4961,14908,0,30.99
120.5136,14908,0,30.89
120.5310,14908,0,30.75
120.5490,14908,0,30.71
120.5665,14908,0,30.75
120.5839,14908,0,30.75
120.6021,14908,0,30.57
120.6206,14908,0,30.57
120.6394,14908,0,30.53
120.6580,14908,0,30.49
120.6764,14908,0,30.49
120.6944,14908,0,30.50
