Time_Minutes,Memory_Used_MiB,GPU_Utilization_Pct,Power_Watts
0.0000,23,0,16.50
0.0179,23,0,16.50
0.0354,23,0,16.50
0.0529,25,0,16.77
0.0700,452,2,23.64
0.0874,752,2,28.19
0.1049,1032,2,28.57
0.1225,1332,2,28.29
0.1399,1632,2,28.25
0.1574,1912,2,28.49
0.1749,2192,2,28.35
0.1924,2472,3,28.25
0.2099,2772,2,28.47
0.2273,3072,2,28.29
0.2448,3352,2,28.59
0.2623,3652,2,28.33
0.2797,3912,2,28.32
0.2972,4212,0,28.33
0.3153,4512,2,28.54
0.3335,4832,2,28.58
0.3515,5112,2,28.35
0.3693,5412,2,28.53
0.3867,5672,2,28.70
0.4044,5972,2,28.52
0.4218,6272,2,28.44
0.4393,6552,2,28.68
0.4573,6852,2,28.54
0.4752,7152,2,28.41
0.4927,7412,2,28.38
0.5101,7712,2,28.60
0.5276,7864,0,29.52
0.5450,7864,0,29.54
0.5624,8590,61,29.66
0.5799,8904,99,69.03
0.5973,8904,100,67.32
0.6147,8904,100,64.21
0.6321,8904,100,66.51
0.6494,8904,100,67.40
0.6668,8904,100,64.38
0.6842,8904,100,60.80
0.7016,8904,100,69.13
0.7191,8904,100,62.15
0.7365,8904,100,67.46
0.7539,8904,100,71.07
0.7713,8904,100,74.68
0.7886,8904,100,67.01
0.8060,8904,99,64.40
0.8234,8904,99,68.30
0.8408,8904,100,66.45
0.8586,8904,100,67.19
0.8763,8904,100,68.57
0.8937,8904,100,68.11
0.9112,8904,100,68.36
0.9286,8904,100,65.92
0.9459,8904,100,70.54
0.9634,8904,100,72.60
0.9807,8904,100,65.35
0.9981,8904,99,67.57
1.0163,8904,100,67.09
1.0341,8904,99,65.23
1.0515,8904,100,68.10
1.0695,8904,100,68.59
1.0869,8904,99,66.16
1.1047,8904,100,69.85
1.1225,8904,100,67.16
1.1399,8904,100,68.75
1.1579,8904,99,68.13
1.1753,8904,99,65.90
1.1927,8996,100,70.50
1.2105,8996,99,65.90
1.2279,8996,100,74.40
1.2453,8996,99,65.85
1.2631,8996,100,71.11
1.2808,8996,99,65.95
1.2983,8996,99,68.60
1.3156,8996,100,70.54
1.3330,9090,100,69.84
1.3511,9090,100,71.00
1.3692,9090,100,68.75
1.3870,9090,99,65.85
1.4047,9186,99,69.82
1.4225,9186,99,70.88
1.4405,9186,99,67.04
1.4580,9186,99,71.44
1.4757,9186,99,68.23
1.4931,8974,100,70.15
1.5105,9068,100,66.89
1.5279,9164,100,69.21
1.5457,9164,100,67.49
1.5631,9262,100,68.43
1.5805,9262,99,67.81
1.5984,9262,100,67.66
1.6161,9262,100,71.30
1.6335,8984,100,69.20
1.6510,9082,100,70.63
1.6687,9082,100,71.72
1.6861,9182,99,66.51
1.7035,9182,99,67.53
1.7213,9284,99,69.94
1.7390,9284,100,70.65
1.7567,9284,100,69.10
1.7745,8852,100,67.93
1.7919,8954,99,68.63
1.8093,9060,100,71.03
1.8267,9060,99,68.04
1.8448,9060,100,70.58
1.8625,9168,99,68.33
1.8806,9168,100,67.55
1.8984,9278,100,69.04
1.9161,9008,99,71.49
1.9341,9122,100,71.43
1.9519,9122,99,70.75
1.9693,9236,100,68.08
1.9870,9236,100,72.13
2.0044,9236,100,70.02
2.0222,9236,100,68.68
2.0397,9236,99,70.26
2.0578,9012,100,69.85
2.0752,9130,100,68.32
2.0926,9130,100,68.65
2.1099,9132,100,67.83
2.1280,9132,100,69.36
2.1455,9132,100,70.43
2.1629,9132,99,67.15
2.1809,9132,100,71.98
2.1987,9132,100,66.70
2.2165,9266,100,74.39
2.2339,9512,100,70.27
2.2513,9638,100,70.42
2.2688,9638,100,72.96
2.2865,9638,100,68.57
2.3045,9638,100,66.69
2.3219,9638,100,69.21
2.3399,9638,100,68.39
2.3574,9766,100,73.67
2.3751,9132,100,69.95
2.3932,9386,100,80.21
2.4113,9386,100,65.04
2.4287,9386,100,75.89
2.4464,9388,100,62.23
2.4638,9388,100,77.05
2.4815,9388,100,64.15
2.4997,9388,100,71.14
2.5170,8726,97,78.53
2.5348,9452,99,82.57
2.5528,9588,100,63.70
2.5709,9588,100,76.27
2.5883,9588,100,65.81
2.6063,9726,100,67.85
2.6242,9726,100,77.53
2.6416,9866,100,62.44
2.6590,9866,100,72.59
2.6767,9866,100,75.96
2.6942,9288,100,66.44
2.7119,9288,99,64.56
2.7294,9424,100,86.75
2.7472,9424,100,73.76
2.7652,9424,100,66.86
2.7826,9562,100,63.39
2.8001,9562,100,63.58
2.8179,9706,100,75.68
2.8357,9706,100,78.61
2.8535,9598,100,71.93
2.8713,9744,100,73.16
2.8888,9744,100,67.88
2.9062,9892,100,74.68
2.9240,9892,100,78.22
2.9417,9892,100,78.20
2.9592,9892,99,70.15
2.9766,9892,99,68.76
2.9941,9892,100,71.17
3.0115,9522,100,69.49
3.0293,9668,100,88.27
3.0470,9816,100,84.35
3.0645,9816,100,86.29
3.0819,9816,100,77.82
3.0994,9816,100,68.43
3.1171,9816,100,63.31
3.1346,9816,100,63.53
3.1523,9968,100,61.48
3.1698,9968,100,61.81
3.1879,9600,100,72.01
3.2053,9600,100,74.33
3.2229,9600,100,63.60
3.2409,9758,99,63.47
3.2591,9758,100,75.84
3.2771,9758,100,65.48
3.2947,9758,100,63.26
3.3124,9758,100,78.17
3.3306,9758,100,74.09
3.3480,9218,99,63.52
3.3657,9828,100,63.90
3.3833,9828,100,74.18
3.4008,9828,100,70.53
3.4185,9828,100,62.27
3.4359,9828,99,68.16
3.4533,9828,100,82.39
3.4708,9828,99,65.26
3.4886,9828,100,65.67
3.5059,9828,100,77.09
3.5234,9560,98,74.94
3.5407,10192,100,73.44
3.5588,10192,100,67.45
3.5762,10192,100,70.98
3.5944,10192,100,73.97
3.6118,10192,100,64.71
3.6300,10192,100,78.26
3.6474,10192,100,67.07
3.6652,10192,100,71.16
3.6833,10192,100,75.76
3.7008,9608,100,66.83
3.7187,9780,100,70.21
3.7368,9780,100,71.86
3.7542,9780,100,72.69
3.7716,9938,99,66.67
3.7891,9938,99,70.55
3.8065,9938,100,70.46
3.8239,9938,100,69.48
3.8414,9938,100,72.28
3.8588,9938,100,67.15
3.8765,9938,100,66.59
3.8946,9800,100,71.48
3.9122,9976,100,67.08
3.9303,9976,100,69.29
3.9478,9976,100,71.25
3.9652,10154,100,71.20
3.9833,10154,100,71.36
4.0008,10154,100,69.85
4.0185,10154,100,68.44
4.0366,10154,100,66.27
4.0541,10154,100,71.64
4.0714,9922,100,75.64
4.0889,10094,100,69.48
4.1067,10274,100,71.43
4.1242,10274,100,72.27
4.1419,10274,100,68.66
4.1600,10274,100,68.79
4.1778,10274,100,68.38
4.1952,10456,100,68.09
4.2126,10456,100,70.25
4.2300,10456,100,70.00
4.2474,9786,98,71.70
4.2649,10320,100,70.79
4.2823,10320,100,71.57
4.2997,10320,100,70.73
4.3171,10320,100,72.12
4.3346,10320,100,71.01
4.3519,10320,100,70.25
4.3694,10320,100,68.14
4.3868,10320,100,68.18
4.4042,10320,100,68.26
4.4218,10320,100,72.20
4.4392,10022,100,74.40
4.4567,10022,100,67.85
4.4740,10022,100,71.32
4.4914,10022,100,72.71
4.5089,10022,100,69.18
4.5263,10022,100,68.70
4.5437,10022,100,68.81
4.5611,10022,100,70.26
4.5786,10022,100,73.37
4.5963,10022,100,69.80
4.6138,10022,100,67.75
4.6313,10084,100,72.59
4.6489,10084,100,69.70
4.6663,10084,100,68.62
4.6837,10276,100,67.22
4.7011,10276,100,73.11
4.7187,10276,100,71.22
4.7361,10276,100,68.63
4.7538,10276,100,69.87
4.7712,10276,100,72.79
4.7888,10276,100,69.86
4.8062,10276,100,67.79
4.8236,10234,100,70.13
4.8411,10426,100,69.20
4.8585,10426,100,70.28
4.8759,10620,100,74.65
4.8933,10620,100,67.87
4.9107,10620,100,72.87
4.9281,10818,100,72.03
4.9455,10818,100,69.36
4.9630,10818,100,69.10
4.9808,10818,100,68.88
4.9983,10818,100,71.71
5.0158,10104,100,66.84
5.0332,10104,100,68.67
5.0506,10306,99,70.29
5.0681,10306,100,68.03
5.0855,10506,100,72.56
5.1029,10506,100,69.33
5.1203,10506,100,72.93
5.1377,10506,100,67.24
5.1551,10506,100,72.43
5.1726,10506,100,70.41
5.1902,10506,100,70.20
5.2077,10294,100,71.29
5.2251,10498,100,68.91
5.2425,10498,100,72.32
5.2599,10498,100,71.58
5.2773,10498,100,70.91
5.2947,10498,100,72.56
5.3123,10498,100,68.93
5.3298,10692,100,72.06
5.3473,10692,100,68.24
5.3649,10692,100,71.06
5.3823,10692,100,70.69
5.3998,10182,100,70.24
5.4172,10182,100,72.55
5.4346,10388,100,71.27
5.4521,10388,100,67.77
5.4697,10388,100,72.92
5.4872,10388,100,70.91
5.5046,10388,100,68.88
5.5220,10388,100,71.29
5.5395,10388,100,70.99
5.5569,10388,100,68.96
5.5744,10388,100,71.02
5.5918,10388,100,69.54
5.6092,10584,100,75.97
5.6266,10584,100,72.76
5.6440,10814,100,71.77
5.6618,11046,100,68.81
5.6792,11280,100,68.51
5.6967,11280,100,70.94
5.7141,11280,100,70.64
5.7315,11280,100,69.75
5.7489,11280,100,69.50
5.7664,11280,100,69.83
5.7838,11280,100,69.34
5.8012,11518,100,68.73
5.8186,9886,100,73.25
5.8360,9886,100,70.44
5.8534,9886,100,71.20
5.8712,9886,100,71.50
5.8886,10082,100,70.63
5.9060,10082,100,70.49
5.9234,10082,100,69.17
5.9407,10290,100,74.59
5.9582,10290,100,70.51
5.9756,10290,100,75.52
5.9930,10290,100,68.43
6.0104,9940,100,74.52
6.0279,10316,100,68.75
6.0453,10316,100,71.08
6.0632,10316,100,71.74
6.0807,10316,100,67.92
6.0984,10316,100,69.51
6.1158,10316,100,69.10
6.1332,10316,100,67.67
6.1506,10316,100,75.00
6.1680,10518,100,67.97
6.1854,10724,100,72.51
6.2028,10392,100,70.28
6.2203,10392,100,70.92
6.2377,10392,100,67.61
6.2555,10392,100,72.83
6.2729,10392,100,68.92
6.2904,10604,100,69.40
6.3080,10604,100,73.16
6.3255,10604,100,68.82
6.3430,10604,100,71.83
6.3604,10604,100,72.40
6.3778,10604,100,69.40
6.3952,10224,100,67.83
6.4126,10416,100,72.52
6.4300,10610,100,70.81
6.4475,10610,100,70.47
6.4650,10822,100,72.35
6.4824,10822,100,70.24
6.5000,10822,100,70.66
6.5174,10822,100,70.74
6.5348,10822,100,68.66
6.5523,10822,100,71.86
6.5697,10822,100,69.24
6.5872,10278,100,68.74
6.6046,10478,99,73.26
6.6220,10888,100,69.71
6.6395,10888,100,69.83
6.6569,10888,100,72.85
6.6743,11108,100,69.48
6.6917,11108,100,73.36
6.7091,11108,100,68.93
6.7265,11108,100,74.07
6.7443,11108,100,68.19
6.7617,11108,100,73.74
6.7791,11108,100,70.02
6.7965,10272,100,72.02
6.8141,10472,100,70.37
6.8315,10678,100,70.09
6.8489,10906,100,70.86
6.8663,10906,100,71.14
6.8839,10906,100,70.65
6.9014,10906,100,69.80
6.9188,10906,100,74.31
6.9362,10906,100,66.99
6.9536,10906,100,71.90
6.9710,10906,100,69.85
6.9885,10784,100,68.16
7.0059,11002,100,70.40
7.0233,11002,99,71.42
7.0408,11002,100,71.70
7.0582,11002,100,70.25
7.0756,11226,100,69.25
7.0932,11226,100,71.83
7.1107,11226,100,69.98
7.1280,11226,100,69.75
7.1454,11226,100,69.21
7.1629,11226,100,71.48
7.1804,10118,99,72.70
7.1978,10536,100,70.56
7.2153,10536,100,70.66
7.2329,10756,100,71.43
7.2503,10756,100,69.31
7.2678,10756,100,70.48
7.2852,10980,100,69.35
7.3027,10980,100,71.57
7.3202,10980,100,70.74
7.3376,10980,100,71.44
7.3551,10980,100,71.07
7.3726,10980,100,69.97
7.3905,10606,100,72.64
7.4082,10606,100,70.67
7.4257,10606,100,70.37
7.4432,10606,100,71.78
7.4606,10828,100,72.02
7.4781,10828,100,68.59
7.4956,10828,100,72.36
7.5130,10828,100,71.27
7.5304,10828,100,70.85
7.5479,10828,100,70.87
7.5654,11062,100,71.01
7.5828,11062,100,70.92
7.6004,10664,100,71.46
7.6181,10894,100,71.54
7.6355,10894,100,69.93
7.6529,10894,100,70.26
7.6704,10894,100,72.46
7.6878,10894,100,70.65
7.7054,10894,100,69.47
7.7228,10894,100,70.25
7.7404,11136,100,70.18
7.7578,11136,100,70.36
7.7753,11136,100,71.13
7.7927,10458,100,70.41
7.8102,10676,100,71.15
7.8276,10898,100,69.71
7.8452,11136,100,70.95
7.8626,11136,100,71.45
7.8801,11136,100,69.71
7.8974,11136,100,71.35
7.9149,11136,100,70.84
7.9324,11136,100,71.09
7.9501,11136,100,72.37
7.9676,11136,100,70.08
7.9850,11136,100,70.57
8.0025,10530,100,72.60
8.0199,10530,100,71.40
8.0374,10530,100,71.66
8.0548,10530,100,71.57
8.0724,10760,100,72.06
8.0898,10760,100,71.62
8.1075,10760,100,72.12
8.1252,10760,100,71.05
8.1428,11004,100,69.72
8.1602,11004,100,71.32
8.1778,11004,100,70.15
8.1952,11004,100,71.40
8.2126,10734,100,68.11
8.2300,10734,100,72.13
8.2476,10968,100,71.62
8.2651,10968,100,70.23
8.2826,10968,100,71.87
8.3000,10968,100,71.10
8.3176,10968,100,71.67
8.3350,11220,100,71.37
8.3524,11220,100,69.32
8.3699,11220,100,70.84
8.3873,11220,100,69.89
8.4048,11220,100,71.43
8.4222,10740,100,67.99
8.4400,10740,100,71.57
8.4575,10992,100,71.04
8.4750,10992,100,71.49
8.4924,10992,100,70.60
8.5099,10992,100,70.85
8.5277,10992,100,73.00
8.5451,10992,100,72.48
8.5626,10992,100,71.56
8.5801,10992,100,70.99
8.5975,10992,100,69.08
8.6151,10992,100,69.90
8.6325,10746,100,73.96
8.6500,10746,100,71.04
8.6674,10746,100,69.14
8.6850,10746,100,70.77
8.7025,10746,100,70.94
8.7200,10746,100,69.18
8.7375,10746,100,73.75
8.7549,10746,100,72.89
8.7723,10746,100,71.91
8.7898,10996,100,69.87
8.8073,10996,100,72.29
8.8247,10996,100,72.93
8.8421,10812,100,66.94
8.8595,10812,100,71.69
8.8769,10812,100,71.70
8.8944,10812,100,70.82
8.9119,11074,100,69.97
8.9293,11074,100,71.16
8.9469,11074,100,73.19
8.9644,11074,100,73.77
8.9822,11074,100,69.85
8.9997,11074,100,70.24
9.0172,11074,100,72.47
9.0346,11074,100,72.26
9.0520,10682,100,68.91
9.0697,10682,100,70.81
9.0873,10926,100,72.98
9.1047,11172,100,70.29
9.1222,11172,100,70.20
9.1396,11172,100,71.60
9.1572,11172,100,71.87
9.1749,11172,100,71.25
9.1924,11172,100,70.57
9.2099,11428,100,71.40
9.2272,11428,100,71.66
9.2447,11428,100,69.57
9.2622,10700,100,69.98
9.2798,10700,100,71.02
9.2975,10700,100,72.25
9.3149,10700,100,71.11
9.3325,10700,100,70.64
9.3499,10700,100,68.43
9.3673,10700,100,71.11
9.3847,10700,100,72.81
9.4021,10700,100,69.15
9.4195,10966,100,70.84
9.4371,10966,100,70.74
9.4547,10966,100,69.19
9.4722,10634,100,72.40
9.4896,10884,100,70.04
9.5074,10884,100,72.00
9.5248,10884,100,72.55
9.5422,10884,100,70.74
9.5597,10884,100,70.33
9.5772,10884,100,72.88
9.5947,11150,100,70.18
9.6121,11150,100,70.44
9.6295,11150,100,71.08
9.6470,11150,100,70.71
9.6645,11150,100,70.79
9.6819,10290,100,72.21
9.6994,9604,0,54.34
9.7168,9604,0,31.64
9.7342,9604,0,31.18
9.7517,9604,0,31.15
9.7694,9604,0,31.14
9.7868,9604,0,31.09
9.8042,9604,0,31.12
9.8225,9604,0,30.98
9.8407,9604,0,30.93
9.8596,10752,100,58.14
9.8770,11286,100,69.62
9.8944,11286,100,72.81
9.9117,11286,100,70.44
9.9295,11286,100,72.83
9.9469,11286,100,70.32
9.9643,11286,100,70.82
9.9817,11286,100,70.58
9.9992,11286,100,68.69
10.0167,11286,100,72.89
10.0342,11286,100,72.40
10.0516,11286,100,69.92
10.0690,10730,100,72.67
10.0863,10978,100,69.57
10.1037,10978,100,71.92
10.1211,10978,100,73.01
10.1386,10978,100,69.70
10.1560,10978,100,72.40
10.1734,10978,100,70.43
10.1910,10978,100,69.23
10.2085,10978,100,73.14
10.2260,11232,100,69.37
10.2435,11232,100,72.53
10.2609,11232,100,70.06
10.2784,11232,100,69.44
10.2958,10564,100,70.73
10.3135,10564,100,68.86
10.3309,10838,100,72.38
10.3483,10838,100,70.93
10.3660,10838,100,73.33
10.3834,10838,100,69.82
10.4008,10838,100,71.37
10.4182,10838,100,71.22
10.4356,10838,100,71.48
10.4531,10838,100,71.60
10.4705,10838,100,72.39
10.4879,10838,100,72.15
10.5054,11288,100,73.00
10.5232,11288,100,71.17
10.5406,11570,100,72.91
10.5580,11570,100,70.71
10.5753,11570,100,70.76
10.5929,11570,100,72.85
10.6103,11570,100,71.91
10.6277,11570,100,72.97
10.6451,11570,100,72.73
10.6625,11570,100,71.68
10.6802,11570,100,71.29
10.6976,11570,100,70.25
10.7150,11570,100,71.90
10.7325,10786,100,67.65
10.7501,10786,100,71.11
10.7676,10786,100,70.38
10.7850,10786,100,71.54
10.8026,10786,100,71.59
10.8201,10786,100,70.94
10.8376,10786,100,69.59
10.8551,11070,100,70.69
10.8727,11070,100,72.10
10.8903,11070,100,69.70
10.9081,11070,100,72.47
10.9257,11070,100,70.17
10.9432,10834,100,72.87
10.9608,10834,100,70.87
10.9783,10834,100,70.44
10.9958,10834,100,71.79
11.0132,10834,100,69.36
11.0309,10834,100,72.28
11.0484,11098,100,69.55
11.0661,11098,100,70.90
11.0835,11098,100,71.86
11.1010,11098,100,69.51
11.1191,11098,100,70.28
11.1366,11098,100,71.75
11.1544,11376,100,70.67
11.1719,10800,100,70.71
11.1895,10800,100,73.09
11.2076,10800,100,70.31
11.2251,10800,100,71.99
11.2426,10800,100,72.13
11.2604,10800,100,71.47
11.2781,11090,100,71.83
11.2958,11090,100,69.83
11.3137,11090,100,69.79
11.3312,11090,100,72.33
11.3490,11090,100,69.48
11.3668,11090,100,71.53
11.3845,10804,100,72.07
11.4023,10804,100,68.50
11.4203,10804,100,70.99
11.4381,10804,100,70.85
11.4555,10804,100,72.41
11.4732,10804,100,71.20
11.4906,10804,100,70.47
11.5083,10804,100,70.95
11.5258,11086,100,69.34
11.5433,11086,100,72.12
11.5610,11086,100,69.72
11.5788,11086,100,70.35
11.5966,11086,100,71.47
11.6144,11294,100,71.34
11.6325,11564,100,71.21
11.6499,11564,100,71.44
11.6677,11564,100,72.32
11.6852,11564,100,71.61
11.7030,11564,100,69.28
11.7209,11564,100,72.86
11.7383,11564,100,71.51
11.7561,11564,100,70.26
11.7735,11564,100,72.22
11.7909,11564,100,70.40
11.8085,11564,100,71.48
11.8266,10256,100,73.25
11.8441,10944,100,72.49
11.8616,10944,100,69.99
11.8791,10944,100,71.81
11.8969,11236,100,71.00
11.9144,11236,100,72.63
11.9325,11236,100,71.24
11.9500,11236,100,68.62
11.9676,11236,100,71.60
11.9855,11236,100,73.01
12.0037,11236,100,69.53
12.0217,11236,100,73.09
12.0400,11236,100,69.68
12.0578,10674,100,70.31
12.0753,10940,100,69.26
12.0929,11264,100,69.67
12.1104,11264,100,70.09
12.1280,11264,100,71.24
12.1456,11264,100,72.14
12.1631,11264,100,67.13
12.1805,11264,100,71.48
12.1979,11596,100,71.55
12.2153,11596,100,69.20
12.2327,11596,100,69.11
12.2504,11596,100,69.17
12.2678,11596,100,68.92
12.2859,11596,100,70.04
12.3034,11160,100,71.11
12.3212,11160,100,69.28
12.3389,11160,100,68.48
12.3569,11160,100,70.67
12.3749,11160,100,69.67
12.3923,11488,100,72.54
12.4098,11488,100,70.43
12.4279,11488,100,73.82
12.4456,11488,100,72.13
12.4632,11488,100,68.65
12.4807,11488,100,74.07
12.4984,11488,100,72.43
12.5158,11488,100,68.95
12.5332,10986,100,71.64
12.5506,10986,100,69.90
12.5679,10986,100,70.66
12.5855,10986,100,69.89
12.6035,10986,100,72.54
12.6214,10986,100,72.62
12.6391,10986,100,70.23
12.6568,10986,100,73.11
12.6744,11320,100,72.54
12.6918,11320,100,71.52
12.7092,11320,100,70.70
12.7271,11320,100,70.28
12.7445,11320,100,73.07
12.7620,11320,100,72.34
12.7799,11212,100,70.59
12.7973,11212,100,71.39
12.8151,11212,100,72.15
12.8329,11212,100,71.39
12.8507,11212,100,70.49
12.8683,11212,100,71.24
12.8860,11212,100,70.04
12.9041,11212,100,71.34
12.9221,11212,100,71.56
12.9400,11212,100,70.75
12.9577,11212,100,71.24
12.9753,11212,100,71.26
12.9928,11496,100,69.90
13.0102,10638,100,70.85
13.0280,10638,100,71.52
13.0461,10638,100,70.06
13.0635,10638,100,74.08
13.0814,10956,100,69.33
13.0991,10956,100,70.86
13.1173,11282,100,69.13
13.1349,11282,100,71.23
13.1526,11618,100,67.83
13.1703,11618,100,71.06
13.1878,11618,100,72.42
13.2055,11618,100,70.59
13.2236,11618,100,72.66
13.2411,11618,100,67.64
13.2586,10684,100,73.44
13.2764,11270,100,72.47
13.2938,11270,100,70.98
13.3116,11270,100,70.09
13.3292,11270,100,71.52
13.3469,11270,100,70.30
13.3643,11270,100,70.61
13.3821,11270,100,71.16
13.3996,11270,100,72.45
13.4174,11270,100,70.81
13.4349,11270,100,72.06
13.4523,11602,100,72.45
13.4697,11602,100,70.85
13.4874,11602,100,71.16
13.5052,11000,100,71.70
13.5229,11000,100,74.13
13.5404,11334,100,70.90
13.5588,11334,100,73.61
13.5765,11334,100,69.48
13.5939,11334,100,71.11
13.6118,11334,100,69.67
13.6293,11334,100,70.13
13.6475,11334,100,69.88
13.6649,11672,100,72.48
13.6824,11672,100,73.42
13.7002,11672,100,72.00
13.7180,11672,100,69.81
13.7360,10676,100,70.43
13.7542,11234,100,69.21
13.7718,11234,100,69.32
13.7892,11234,100,71.25
13.8069,11234,100,67.73
13.8250,11234,100,72.47
13.8425,11234,100,71.28
13.8603,11532,100,74.33
13.8781,11532,100,72.42
13.8958,11532,100,67.25
13.9132,11840,100,71.81
13.9307,11840,100,74.57
13.9483,11840,100,72.43
13.9657,11840,100,69.71
13.9832,11320,100,69.66
14.0007,11878,100,72.75
14.0184,11878,100,70.91
14.0362,11878,100,71.55
14.0539,12214,100,70.54
14.0719,12214,100,71.59
14.0896,12214,100,75.14
14.1075,12214,100,72.77
14.1249,12214,100,71.05
14.1428,12214,100,67.12
14.1606,12214,100,73.01
14.1781,12214,100,70.80
14.1959,12214,100,72.29
14.2139,10988,98,71.11
14.2317,11280,100,71.61
14.2492,11280,100,69.53
14.2667,11280,100,72.58
14.2841,11280,100,72.76
14.3015,11280,100,74.80
14.3189,11280,100,70.27
14.3363,11280,100,69.85
14.3538,11280,100,69.60
14.3712,11280,100,72.69
14.3887,11280,100,72.46
14.4061,11280,100,71.21
14.4236,11280,100,71.53
14.4410,11584,100,73.17
14.4584,10928,100,70.20
14.4763,10928,100,70.61
14.4938,11482,100,69.93
14.5111,11482,100,69.75
14.5287,11482,100,72.74
14.5465,11482,100,71.30
14.5640,11792,100,70.24
14.5814,12138,100,70.93
14.5988,12138,100,70.41
14.6162,12138,100,71.40
14.6337,12138,100,71.24
14.6512,12138,100,72.55
14.6685,12138,100,71.36
14.6860,12138,100,70.01
14.7038,11040,100,70.69
14.7211,11320,100,68.92
14.7387,11320,100,72.40
14.7561,11626,100,72.31
14.7735,11626,100,69.55
14.7910,11626,100,71.88
14.8085,11626,100,71.88
14.8260,11626,100,73.47
14.8434,11626,100,71.34
14.8608,11626,100,72.39
14.8783,11626,100,74.49
14.8961,11966,100,72.36
14.9135,11966,100,68.17
14.9309,11966,100,70.72
14.9484,11292,100,69.35
14.9660,11916,100,69.37
14.9835,11916,100,72.07
15.0009,12262,100,69.77
15.0184,12262,100,71.11
15.0358,12262,100,68.44
15.0534,12262,100,72.16
15.0708,12262,100,72.76
15.0885,12262,100,71.55
15.1061,12262,100,71.75
15.1236,12262,100,68.14
15.1410,12262,100,70.48
15.1585,12262,100,72.41
15.1759,11002,99,72.18
15.1934,11272,100,71.61
15.2108,11272,100,70.90
15.2284,11272,100,72.01
15.2459,11272,100,69.74
15.2633,11272,100,72.17
15.2808,11272,100,70.33
15.2983,11272,100,70.12
15.3158,11934,100,73.95
15.3332,11934,100,69.39
15.3506,11934,100,73.26
15.3680,11934,100,70.80
15.3856,11934,100,70.65
15.4031,11934,100,70.36
15.4207,11312,100,70.48
15.4384,11600,100,70.61
15.4558,11600,100,73.79
15.4734,11898,100,73.00
15.4908,12206,100,74.37
15.5085,12206,100,70.52
15.5260,12206,100,71.16
15.5435,12206,100,72.44
15.5612,12206,100,70.68
15.5786,12206,100,70.83
15.5962,12206,100,69.73
15.6136,12206,100,70.60
15.6310,12206,100,71.95
15.6486,12206,100,73.21
15.6660,11032,100,70.81
15.6834,11032,100,68.56
15.7008,11032,100,69.99
15.7184,11032,100,69.08
15.7359,11032,100,70.63
15.7533,11326,100,70.10
15.7707,11326,100,73.44
15.7882,11326,100,70.62
15.8057,11326,100,70.62
15.8231,11326,100,71.16
15.8405,11326,100,68.95
15.8580,11634,100,73.30
15.8755,11634,100,72.65
15.8929,11634,100,72.96
15.9104,11320,100,71.38
15.9279,11944,100,71.56
15.9453,11944,100,72.67
15.9627,11944,100,72.97
15.9802,11944,100,70.93
15.9976,11944,100,74.25
16.0151,11944,100,70.58
16.0325,11944,100,72.15
16.0499,11944,100,70.89
16.0674,11944,100,69.54
16.0848,11944,100,71.05
16.1024,11944,100,72.47
16.1199,12644,100,72.10
16.1374,12644,100,70.27
16.1547,11296,100,71.55
16.1722,11296,100,71.09
16.1898,11588,100,70.93
16.2073,11588,100,71.64
16.2247,11588,100,69.71
16.2422,11588,100,70.25
16.2596,11588,100,69.14
16.2771,11588,100,69.11
16.2945,11588,100,70.67
16.3120,11588,100,69.89
16.3296,11884,100,70.42
16.3473,11884,100,71.53
16.3647,11884,100,69.86
16.3823,11038,100,71.85
16.4004,11374,100,72.95
16.4178,11374,100,71.76
16.4353,11374,100,69.00
16.4527,11374,100,68.88
16.4701,11374,100,72.44
16.4875,11374,100,70.70
16.5050,11374,100,69.00
16.5225,11374,100,71.30
16.5399,11374,100,69.22
16.5574,11374,100,71.22
16.5749,11730,100,71.52
16.5923,11730,100,71.54
16.6098,11730,100,71.71
16.6272,11314,100,72.42
16.6446,11314,100,72.11
16.6621,11660,100,73.50
16.6795,11660,100,69.74
16.6969,11660,100,69.17
16.7145,11660,100,72.96
16.7321,11660,100,70.92
16.7495,11660,100,69.58
16.7669,11660,100,70.53
16.7843,11660,100,70.47
16.8017,11660,100,70.42
16.8192,11660,100,74.02
16.8366,11660,100,67.52
16.8541,11660,100,70.47
16.8716,10766,100,70.55
16.8890,11118,100,72.52
16.9065,11118,100,75.44
16.9242,11118,100,69.68
16.9416,11118,100,69.86
16.9591,11118,100,71.25
16.9765,11118,100,70.26
16.9941,11118,100,69.82
17.0115,11118,100,70.68
17.0290,11118,100,69.73
17.0465,11118,100,73.02
17.0639,11118,100,72.09
17.0815,11118,100,72.54
17.0996,11086,98,72.22
17.1169,11086,100,70.01
17.1345,11086,100,73.86
17.1520,11086,100,71.43
17.1694,11364,100,73.79
17.1869,11364,100,71.39
17.2043,11364,100,71.87
17.2217,11724,100,67.02
17.2393,11724,100,71.65
17.2571,11724,100,73.02
17.2746,11724,100,68.46
17.2921,11724,100,72.10
17.3095,11724,100,70.25
17.3271,11724,100,70.26
17.3451,11050,100,73.43
17.3625,11334,100,68.47
17.3800,11624,100,70.88
17.3974,11938,100,70.29
17.4148,11938,100,71.96
17.4324,11938,100,72.84
17.4498,11938,100,72.63
17.4672,12286,100,69.03
17.4846,12286,100,70.54
17.5019,12286,100,70.00
17.5195,12286,100,72.28
17.5369,12286,100,72.86
17.5543,12642,100,73.41
17.5717,12642,100,71.62
17.5891,11264,100,70.68
17.6065,11264,100,71.83
17.6241,11264,100,72.63
17.6415,11264,100,72.88
17.6590,11626,100,70.01
17.6766,11626,100,71.15
17.6940,11626,100,72.43
17.7115,11626,100,71.77
17.7289,11626,100,70.34
17.7465,11626,100,72.40
17.7639,11626,100,68.65
17.7814,11626,100,73.23
17.7988,11626,100,68.48
17.8165,11626,100,71.57
17.8340,11126,100,67.68
17.8514,11126,100,71.42
17.8688,11478,100,70.60
17.8861,11478,100,67.98
17.9036,11478,100,72.42
17.9210,11836,100,71.76
17.9384,11836,100,73.10
17.9558,11836,100,70.15
17.9733,11836,100,70.80
17.9908,11836,100,72.80
18.0082,11836,100,72.06
18.0257,11836,100,69.71
18.0432,11836,100,70.59
18.0606,10350,98,69.39
18.0781,11354,100,69.18
18.0955,11642,100,71.32
18.1130,11950,100,69.14
18.1304,11950,100,71.76
18.1479,12274,100,72.15
18.1653,12274,100,71.08
18.1829,12274,100,71.93
18.2006,12626,100,68.76
18.2182,12626,100,70.98
18.2357,12626,100,71.19
18.2530,12626,100,71.25
18.2705,12626,100,69.91
18.2879,12626,100,70.35
18.3054,11094,100,75.38
18.3230,11388,100,69.74
18.3404,11748,100,71.55
18.3578,11748,100,70.58
18.3752,11748,100,72.86
18.3926,11748,100,72.40
18.4102,12112,100,68.99
18.4277,12112,100,73.26
18.4452,12112,100,72.05
18.4626,12112,100,70.53
18.4800,12112,100,69.97
18.4974,12112,100,73.03
18.5148,12112,100,70.12
18.5323,12112,100,70.74
18.5497,11448,100,68.15
18.5674,11770,100,70.51
18.5848,11770,100,73.85
18.6022,11770,100,70.53
18.6197,11770,100,71.71
18.6371,11770,100,73.02
18.6550,11770,100,71.69
18.6725,11770,100,70.65
18.6898,12114,100,73.91
18.7072,12114,100,72.04
18.7246,12114,100,72.52
18.7420,12114,100,72.60
18.7596,12468,100,70.79
18.7770,12468,100,72.39
18.7944,11062,100,70.20
18.8122,11062,100,69.77
18.8296,11062,100,74.00
18.8470,11788,100,70.29
18.8644,11788,100,68.91
18.8819,11788,100,70.39
18.8993,11788,100,73.24
18.9167,11788,100,71.17
18.9342,11788,100,68.60
18.9517,11788,100,71.67
18.9691,11788,100,72.65
18.9865,11788,100,73.03
19.0039,11788,100,70.78
19.0215,11788,100,69.50
19.0389,11124,100,69.47
19.0563,11124,100,73.03
19.0737,11416,100,71.88
19.0912,11714,100,71.84
19.1086,11714,100,70.88
19.1261,11714,100,69.54
19.1435,12034,100,68.74
19.1609,12034,100,74.26
19.1783,12034,100,70.59
19.1958,12034,100,73.34
19.2133,12380,100,72.36
19.2307,12380,100,70.67
19.2482,12380,100,70.90
19.2657,10098,99,74.40
19.2832,11040,100,73.54
19.3006,11696,100,72.50
19.3181,11696,100,72.93
19.3355,11696,100,71.58
19.3530,12026,100,72.32
19.3703,12026,100,71.23
19.3878,12372,100,71.54
19.4052,12372,100,71.78
19.4228,12372,100,72.48
19.4402,12802,100,71.33
19.4576,12802,100,71.26
19.4751,12802,100,72.14
19.4926,12802,100,72.15
19.5100,12802,100,70.15
19.5276,11844,100,71.13
19.5450,11970,100,69.67
19.5624,11970,100,72.14
19.5801,12360,100,72.29
19.5975,12360,100,71.97
19.6149,12360,100,71.29
19.6326,12360,100,71.79
19.6502,12360,100,72.68
19.6676,12360,100,70.08
19.6850,12360,100,69.96
19.7023,12360,100,72.54
19.7198,12360,100,71.90
19.7371,12766,100,72.06
19.7546,12766,100,69.35
19.7722,12766,100,70.62
19.7896,12766,100,70.51
19.8070,11672,100,69.42
19.8244,12000,100,74.61
19.8417,12000,100,69.78
19.8592,12000,100,67.32
19.8765,12000,100,73.89
19.8940,12000,100,72.51
19.9114,12350,100,73.29
19.9288,12350,100,71.42
19.9463,12350,100,70.60
19.9638,12350,100,72.52
19.9813,12350,100,73.04
19.9987,12350,100,71.94
20.0162,12758,100,72.36
20.0337,12758,100,70.46
20.0511,10492,100,68.76
20.0686,11728,100,69.65
20.0860,11728,100,72.29
20.1037,11728,100,73.19
20.1215,11728,100,69.41
20.1390,11728,100,69.45
20.1565,12124,100,69.99
20.1739,12124,100,71.74
20.1914,12124,100,70.26
20.2088,12124,100,71.23
20.2263,12124,100,70.65
20.2438,12124,100,70.96
20.2613,12124,100,69.18
20.2790,12124,100,69.15
20.2965,12124,100,70.25
20.3140,10804,98,68.94
20.3314,11116,100,74.43
20.3489,11442,100,69.79
20.3664,11442,100,74.13
20.3840,12120,100,71.34
20.4014,12120,100,70.36
20.4188,12520,100,72.05
20.4363,12520,100,69.76
20.4537,12520,100,73.32
20.4711,12520,100,73.51
20.4885,12520,100,70.09
20.5060,12520,100,68.92
20.5234,12520,100,71.59
20.5411,12520,100,73.21
20.5586,12520,100,73.24
20.5760,11340,100,68.53
20.5934,11340,100,72.00
20.6108,11666,100,69.78
20.6282,12030,100,72.51
20.6458,12030,100,72.19
20.6632,12030,100,67.27
20.6806,12030,100,68.32
20.6980,12030,100,68.92
20.7156,12030,100,70.88
20.7332,12030,100,72.67
20.7507,12030,100,70.16
20.7682,12030,100,68.80
20.7856,12030,100,70.43
20.8031,12030,100,71.92
20.8206,12030,100,73.25
20.8382,10842,100,72.81
20.8556,11160,100,70.69
20.8734,11160,100,70.20
20.8908,11160,100,70.84
20.9082,11488,100,72.16
20.9257,11894,100,71.00
20.9431,11894,100,72.23
20.9605,11894,100,69.80
20.9779,11894,100,70.53
20.9961,11894,100,71.29
21.0137,11894,100,73.20
21.0312,11894,100,69.10
21.0486,11894,100,71.52
21.0663,11894,100,69.28
21.0844,11894,100,69.48
21.1025,11420,100,72.75
21.1201,11420,100,74.49
21.1382,12038,100,72.09
21.1560,12432,100,71.35
21.1737,12432,100,68.18
21.1912,12432,100,70.88
21.2085,12432,100,71.89
21.2263,12432,100,72.76
21.2444,12432,100,66.71
21.2622,12432,100,69.06
21.2799,12432,100,72.73
21.2976,12432,100,72.08
21.3150,12432,100,71.79
21.3328,12432,100,69.99
21.3503,11756,100,69.34
21.3685,11756,100,69.24
21.3862,11756,100,70.53
21.4053,11756,100,70.84
21.4228,11756,100,72.63
21.4404,11756,100,69.93
21.4579,11756,100,70.99
21.4753,11756,100,72.41
21.4930,11756,100,71.84
21.5106,11756,100,70.58
21.5279,11756,100,69.77
21.5459,11756,100,67.79
21.5635,11756,100,71.01
21.5815,11756,100,70.56
21.5990,11756,100,68.06
21.6164,11450,100,70.59
21.6339,11450,100,68.03
21.6518,11450,100,70.57
21.6696,11450,100,71.35
21.6875,11450,100,72.89
21.7054,11450,100,65.85
21.7233,11450,100,68.17
21.7412,11450,100,74.94
21.7590,11450,100,70.05
21.7764,11450,100,71.31
21.7938,11450,100,69.71
21.8112,11450,100,72.15
21.8287,11450,100,72.00
21.8465,11450,100,71.98
21.8644,10810,100,72.49
21.8819,10152,0,50.75
21.8996,10152,0,31.63
21.9174,10152,0,31.17
21.9348,10152,0,31.13
21.9522,10152,0,31.13
21.9699,10152,0,31.08
21.9877,10152,0,30.91
22.0057,10152,0,30.91
22.0240,10152,0,30.81
22.0420,10152,0,30.76
22.0608,11530,100,52.26
22.0787,11924,100,71.58
22.0967,11924,100,71.40
22.1142,11924,100,74.03
22.1320,11924,100,72.70
22.1499,11924,100,69.05
22.1677,12322,100,71.37
22.1858,12322,100,72.40
22.2032,12322,100,70.86
22.2210,12322,100,70.75
22.2391,12322,100,72.99
22.2568,12322,100,72.24
22.2743,12322,100,72.33
22.2924,12322,100,73.61
22.3106,11446,100,70.66
22.3285,11446,100,70.42
22.3463,11446,100,72.88
22.3641,11768,100,70.16
22.3819,11768,100,68.79
22.4000,12122,100,70.11
22.4175,12122,100,72.85
22.4352,12122,100,73.47
22.4533,12504,100,73.59
22.4713,12910,100,72.15
22.4888,12910,100,71.42
22.5065,12910,100,72.29
22.5242,12910,100,71.24
22.5423,12910,100,68.21
22.5600,11342,100,71.92
22.5775,11636,100,70.96
22.5951,11936,100,73.40
22.6126,12568,100,72.90
22.6302,12568,100,66.78
22.6477,12568,100,69.79
22.6657,12912,100,74.45
22.6836,12912,100,69.27
22.7010,12912,100,69.83
22.7185,12912,100,70.59
22.7358,12912,100,67.96
22.7539,12912,100,72.56
22.7713,12912,100,68.11
22.7887,12912,100,68.33
22.8062,12912,100,71.58
22.8236,11474,100,72.40
22.8410,11474,100,69.00
22.8588,11868,100,71.55
22.8765,11868,100,73.63
22.8940,11868,100,75.01
22.9114,11868,100,73.55
22.9289,11868,100,72.10
22.9467,11868,100,74.74
22.9641,11868,100,72.22
22.9815,11868,100,68.07
22.9990,11868,100,74.22
23.0169,11868,100,70.48
23.0344,12194,100,70.62
23.0521,12600,100,72.46
23.0703,11110,100,72.04
23.0879,11426,100,71.69
23.1058,11426,100,70.61
23.1236,11786,100,68.69
23.1411,11786,100,74.94
23.1589,11786,100,69.76
23.1766,12166,100,72.21
23.1941,12166,100,69.81
23.2115,12166,100,71.01
23.2295,12566,100,71.02
23.2477,12566,100,70.14
23.2653,12566,100,69.29
23.2833,12566,100,72.62
23.3011,12566,100,70.34
23.3186,11108,98,73.46
23.3363,12022,100,73.81
23.3537,12366,100,68.92
23.3712,12366,100,72.15
23.3888,12366,100,76.78
23.4066,12712,100,72.11
23.4242,12712,100,71.44
23.4416,12712,100,70.94
23.4594,12712,100,73.32
23.4769,12712,100,72.69
23.4944,12712,100,69.63
23.5119,12712,100,70.67
23.5294,13118,100,71.61
23.5474,13118,100,71.43
23.5658,13118,100,70.64
23.5838,11100,100,71.52
23.6016,11404,100,73.75
23.6194,11784,100,70.60
23.6368,11784,100,68.90
23.6542,11784,100,72.38
23.6719,11784,100,69.48
23.6897,11784,100,69.06
23.7071,11784,100,73.06
23.7248,11784,100,71.90
23.7422,11784,100,74.11
23.7597,11784,100,69.93
23.7774,12176,100,70.45
23.7952,12176,100,68.70
23.8129,12176,100,68.68
23.8310,11126,100,70.85
23.8489,11802,100,71.62
23.8668,11802,100,72.01
23.8841,11802,100,71.77
23.9020,11802,100,67.66
23.9193,11802,100,70.89
23.9371,11802,100,71.03
23.9550,11802,100,67.96
23.9728,12202,100,69.39
23.9909,12202,100,71.38
24.0084,12202,100,71.45
24.0259,12202,100,71.48
24.0438,12202,100,73.24
24.0617,12202,100,69.47
24.0795,12202,100,68.17
24.0969,11134,100,68.24
24.1146,11134,100,70.38
24.1326,11456,100,71.21
24.1505,11456,100,69.69
24.1684,11456,100,71.97
24.1862,12106,100,70.74
24.2038,12106,100,74.20
24.2217,12106,100,70.29
24.2395,12106,100,71.38
24.2573,12106,100,71.99
24.2748,12106,100,69.57
24.2924,12106,100,71.69
24.3098,12106,100,72.97
24.3274,12106,100,69.25
24.3449,11506,100,67.88
24.3623,11830,100,71.96
24.3797,11830,100,72.32
24.3971,12222,100,70.56
24.4146,12222,100,72.46
24.4320,12222,100,69.36
24.4495,12222,100,74.19
24.4669,12222,100,74.75
24.4844,12628,100,73.55
24.5018,12628,100,73.28
24.5193,12628,100,73.99
24.5368,12628,100,68.48
24.5542,12628,100,71.03
24.5718,12628,100,74.71
24.5893,10808,100,66.30
24.6068,11092,100,69.17
24.6243,11436,100,70.37
24.6419,11436,100,75.02
24.6595,11436,100,72.92
24.6770,11436,100,71.13
24.6946,11436,100,70.46
24.7125,11842,99,71.84
24.7299,11842,100,72.18
24.7473,11842,100,71.98
24.7647,11842,100,70.22
24.7823,11842,100,70.64
24.7998,11842,100,69.71
24.8173,11842,100,70.58
24.8349,11842,100,72.72
24.8523,11434,100,73.88
24.8700,11434,100,71.47
24.8874,11780,100,71.63
24.9048,11780,100,69.54
24.9224,11780,100,72.19
24.9400,12142,100,70.99
24.9579,12142,100,70.68
24.9754,12142,100,70.55
24.9929,12142,100,72.77
25.0103,12142,100,70.19
25.0277,12142,100,71.85
25.0452,12142,100,74.18
25.0628,12142,100,68.72
25.0803,12142,100,74.63
25.0978,11772,100,70.76
25.1153,11772,100,72.05
25.1328,11772,100,67.25
25.1503,11772,100,72.71
25.1679,11772,100,71.59
25.1853,11772,100,73.31
25.2027,11772,100,70.66
25.2201,11772,100,68.95
25.2375,11772,100,68.85
25.2549,11772,100,72.67
25.2723,11772,100,68.37
25.2897,11772,100,74.23
25.3073,11772,100,71.60
25.3248,11772,100,71.33
25.3424,11058,100,70.32
25.3599,11342,100,75.49
25.3775,11342,100,66.85
25.3950,11342,100,70.06
25.4126,11342,100,72.00
25.4303,11342,100,74.58
25.4477,11342,100,71.54
25.4651,11342,100,70.58
25.4826,11342,100,69.20
25.5000,11342,100,72.72
25.5175,11342,100,71.45
25.5349,11342,100,72.55
25.5523,11342,100,72.64
25.5697,11342,100,69.59
25.5871,11288,99,70.11
25.6046,12236,100,72.71
25.6221,12236,100,74.12
25.6398,12236,100,70.39
25.6573,12236,100,69.08
25.6747,12236,100,69.65
25.6921,12236,100,67.73
25.7095,12236,100,68.62
25.7269,12634,100,72.29
25.7444,12634,100,68.59
25.7619,13038,100,69.55
25.7794,13038,100,69.11
25.7967,13038,100,68.74
25.8142,13038,99,69.57
25.8317,13038,100,71.56
25.8491,11466,100,70.30
25.8665,11872,100,69.10
25.8839,11872,100,72.39
25.9015,11872,100,72.89
25.9190,11872,100,71.78
25.9366,11872,100,68.17
25.9539,11872,100,73.23
25.9714,11872,100,69.46
25.9888,11872,100,70.65
26.0065,11872,100,72.13
26.0239,11872,100,75.55
26.0416,11872,100,70.82
26.0590,11872,100,70.88
26.0765,11872,100,68.74
26.0939,11380,98,70.96
26.1113,11676,100,69.99
26.1288,11676,100,74.25
26.1462,11984,100,76.54
26.1635,11984,100,72.34
26.1810,12304,100,75.62
26.1984,12304,100,68.76
26.2158,12304,100,70.23
26.2332,12628,100,68.43
26.2507,12628,100,72.46
26.2682,12628,100,69.91
26.2859,12980,100,70.58
26.3034,12980,100,72.67
26.3210,12980,100,69.87
26.3384,12980,100,74.47
26.3559,11602,100,72.36
26.3734,12244,100,71.59
26.3909,12244,100,68.68
26.4087,12244,100,69.04
26.4263,12244,100,74.53
26.4439,12606,100,69.37
26.4615,13006,100,71.60
26.4789,13006,100,75.06
26.4966,13006,100,73.50
26.5140,13006,100,70.28
26.5314,13006,100,71.82
26.5488,13006,100,69.83
26.5662,13410,100,71.89
26.5836,13410,100,67.83
26.6011,10964,100,69.75
26.6186,10964,100,70.13
26.6362,11356,100,72.33
26.6538,11356,100,71.93
26.6713,11356,100,74.93
26.6889,11356,100,71.91
26.7064,11356,100,74.00
26.7240,11356,100,65.90
26.7415,11356,100,69.06
26.7589,11356,100,72.78
26.7763,11356,100,70.34
26.7937,11356,100,73.32
26.8111,11356,100,70.52
26.8286,11356,100,71.81
26.8460,11356,100,66.67
26.8637,11950,100,70.56
26.8814,11950,100,69.44
26.8988,12596,100,72.57
26.9162,12596,100,67.64
26.9336,12596,100,68.08
26.9510,12596,100,71.40
26.9685,12596,100,66.73
26.9860,12596,100,68.86
27.0035,13002,100,71.15
27.0209,13002,100,72.26
27.0383,13002,100,71.24
27.0558,13002,100,74.43
27.0732,13002,100,66.63
27.0905,13002,100,70.54
27.1079,11932,100,68.39
27.1254,11932,100,71.15
27.1429,11932,100,72.20
27.1605,12300,100,68.94
27.1779,12300,100,70.96
27.1953,12688,100,73.51
27.2127,12688,100,69.77
27.2301,13142,100,72.81
27.2478,13142,100,69.76
27.2652,13142,100,71.20
27.2830,13142,100,71.75
27.3004,13608,100,72.96
27.3178,13608,100,69.94
27.3353,13608,100,71.24
27.3527,13608,100,69.45
27.3702,10872,100,69.92
27.3878,11528,100,69.97
27.4051,11528,100,70.01
27.4226,12248,100,71.58
27.4403,12622,100,70.96
27.4579,12622,100,71.86
27.4753,13064,100,70.76
27.4928,13064,100,70.48
27.5101,13064,100,70.73
27.5276,13064,100,72.77
27.5450,13064,100,72.11
27.5626,13064,100,70.49
27.5800,13064,100,68.75
27.5978,13064,100,71.74
27.6152,13064,100,68.68
27.6327,13064,100,71.63
27.6501,11176,100,71.93
27.6675,11544,100,68.32
27.6849,11544,100,71.84
27.7023,11544,100,70.61
27.7197,11544,100,71.48
27.7373,11544,100,70.06
27.7547,11924,100,71.04
27.7721,11924,100,70.67
27.7895,12310,100,68.82
27.8069,12310,100,72.38
27.8243,12310,100,71.78
27.8417,12310,100,71.16
27.8593,12712,100,73.85
27.8767,12712,100,70.95
27.8941,12712,100,70.21
27.9115,13160,100,71.38
27.9289,11448,100,71.36
27.9465,11800,100,73.04
27.9638,12222,100,72.39
27.9812,12222,100,68.88
27.9986,12222,100,69.21
28.0161,12222,100,70.88
28.0335,12662,100,70.88
28.0509,12662,100,71.73
28.0683,12662,100,73.13
28.0857,12662,100,69.94
28.1031,12662,100,70.27
28.1205,12662,100,71.63
28.1379,12662,100,72.87
28.1554,12662,100,71.43
28.1728,12662,100,71.67
28.1902,11116,100,71.43
28.2078,11804,100,72.58
28.2252,11804,100,71.36
28.2428,11804,100,71.15
28.2602,11804,100,73.19
28.2775,11804,100,69.69
28.2950,11804,100,71.57
28.3124,12236,100,70.46
28.3300,12236,100,70.26
28.3477,12236,100,70.12
28.3652,12236,100,71.32
28.3826,12236,100,70.13
28.3999,12236,100,72.09
28.4174,12236,100,71.84
28.4353,12236,100,71.39
28.4530,12236,100,70.88
28.4705,11818,100,71.09
28.4879,11818,100,70.24
28.5053,11818,100,70.65
28.5228,11818,100,72.86
28.5401,11818,100,71.47
28.5577,11818,100,71.52
28.5751,11818,100,71.40
28.5927,11818,100,71.60
28.6102,12262,100,70.12
28.6277,12262,100,70.23
28.6454,12262,100,71.10
28.6630,12262,100,72.51
28.6804,12262,100,71.37
28.6979,12262,100,70.19
28.7153,12262,100,71.04
28.7328,10866,100,70.30
28.7503,11240,100,72.66
28.7678,11240,100,73.20
28.7852,11240,100,70.48
28.8026,11622,100,68.74
28.8200,11622,100,70.20
28.8375,11622,100,71.91
28.8550,11622,100,70.17
28.8724,11622,100,69.25
28.8898,11622,100,68.46
28.9072,11622,100,71.09
28.9247,11622,100,71.27
28.9421,11622,100,72.19
28.9596,11622,100,71.41
28.9770,12054,100,71.05
28.9947,10864,100,70.48
29.0124,11214,100,73.41
29.0301,11214,100,71.51
29.0475,11214,100,72.20
29.0649,11214,100,69.58
29.0823,11570,100,71.28
29.0998,11570,100,71.34
29.1175,11570,100,70.02
29.1349,12372,100,70.43
29.1524,12372,100,70.04
29.1698,12372,100,71.71
29.1872,12372,100,69.23
29.2047,12372,100,70.86
29.2221,12372,100,68.96
29.2399,12372,100,70.52
29.2574,12372,100,71.44
29.2751,11502,100,71.72
29.2926,11502,100,71.80
29.3099,11502,100,69.39
29.3275,11502,100,72.86
29.3449,11502,100,72.56
29.3625,11914,100,72.07
29.3799,11914,100,70.03
29.3974,11914,100,69.93
29.4147,11914,100,71.89
29.4322,11914,100,71.82
29.4497,11914,100,70.95
29.4671,11914,100,72.08
29.4845,11914,100,72.10
29.5021,11914,100,69.76
29.5195,11914,100,72.67
29.5369,11052,100,69.72
29.5543,11490,100,69.93
29.5717,11490,100,71.12
29.5891,11490,100,70.69
29.6065,11490,100,69.91
29.6240,11490,100,73.21
29.6414,11490,100,71.76
29.6590,11490,100,70.64
29.6764,11490,100,70.39
29.6939,11490,100,70.29
29.7114,11490,100,71.54
29.7292,11490,100,70.36
29.7467,11490,100,69.94
29.7641,11490,100,70.23
29.7816,11490,100,71.61
29.7990,11130,100,67.80
29.8165,11840,100,71.62
29.8342,11840,100,71.11
29.8520,11840,100,71.52
29.8695,12276,100,72.52
29.8869,12276,100,71.73
29.9043,12276,100,70.77
29.9218,12276,100,72.43
29.9392,12276,100,70.38
29.9566,12276,100,71.42
29.9742,12276,100,73.25
29.9917,12276,100,71.27
30.0095,12276,100,70.52
30.0269,12276,100,70.25
30.0444,12276,100,69.96
30.0618,11396,100,72.42
30.0793,11750,100,72.30
30.0968,11750,100,69.60
30.1142,11750,100,71.48
30.1316,11750,100,70.29
30.1492,11750,100,72.76
30.1667,11750,100,71.62
30.1841,12172,100,70.33
30.2016,12172,100,70.35
30.2194,12172,100,71.73
30.2368,12172,100,73.06
30.2543,12172,100,70.19
30.2718,12172,100,71.24
30.2891,12172,100,71.11
30.3066,12172,100,74.06
30.3242,11408,100,72.45
30.3416,11408,100,73.11
30.3591,11742,100,71.78
30.3765,11742,100,71.04
30.3940,11742,100,69.66
30.4116,12082,100,70.64
30.4290,12426,100,70.77
30.4468,12798,100,70.04
30.4644,12798,100,68.45
30.4817,12798,100,70.39
30.4992,13226,100,71.93
30.5169,13226,100,71.73
30.5343,13226,100,67.53
30.5517,13226,100,71.61
30.5692,13226,100,71.86
30.5870,11030,100,71.57
30.6044,11450,100,70.60
30.6218,11450,100,69.72
30.6395,11450,100,68.33
30.6570,11450,100,70.07
30.6745,11450,100,70.92
30.6919,11450,100,72.15
30.7095,11450,100,71.03
30.7269,11450,100,72.25
30.7444,11450,100,69.97
30.7622,11450,100,69.21
30.7800,11450,100,71.04
30.7974,11450,100,72.93
30.8148,11450,100,73.12
30.8323,11450,100,72.34
30.8496,11584,100,71.33
30.8671,11584,100,70.27
30.8846,12018,100,69.06
30.9020,12018,100,70.15
30.9194,12018,100,73.93
30.9368,12018,100,69.77
30.9543,12018,100,70.68
30.9718,12018,100,72.12
30.9892,12018,100,73.72
31.0067,12018,100,72.36
31.0242,12018,100,73.43
31.0421,12018,100,68.57
31.0600,12018,100,71.17
31.0774,12018,100,70.79
31.0952,12018,100,71.07
31.1133,10936,100,71.64
31.1310,11252,100,71.97
31.1488,11916,100,71.96
31.1669,12324,100,71.96
31.1844,12324,100,70.29
31.2019,12324,100,73.33
31.2194,12324,100,71.99
31.2368,12324,100,71.89
31.2542,12324,100,69.05
31.2716,12324,100,71.65
31.2895,12324,100,69.17
31.3077,12324,100,72.01
31.3251,12324,100,72.01
31.3432,12324,100,68.31
31.3610,12756,100,71.10
31.3789,10946,100,72.58
31.3970,11276,100,69.61
31.4144,11600,100,70.89
31.4320,11600,100,71.37
31.4499,11600,100,70.47
31.4677,11940,100,72.11
31.4851,12362,100,70.37
31.5032,12362,100,70.95
31.5211,12362,100,72.16
31.5385,12362,100,71.20
31.5563,12362,100,72.91
31.5744,12362,100,70.14
31.5927,12362,100,70.99
31.6108,12362,100,71.86
31.6282,12362,100,70.11
31.6460,10942,100,73.81
31.6637,11276,100,72.42
31.6813,11614,100,70.49
31.6991,12386,100,69.91
31.7165,12386,100,69.83
31.7344,12386,100,70.15
31.7518,12386,100,72.35
31.7693,12386,100,69.34
31.7869,12386,100,70.91
31.8043,12386,100,70.38
31.8220,12386,100,72.39
31.8402,12386,100,69.76
31.8576,12386,100,70.33
31.8754,12386,100,73.09
31.8933,10972,99,72.44
31.9108,11302,100,70.54
31.9288,11648,100,70.41
31.9463,11648,100,74.41
31.9639,11648,100,73.35
31.9821,11648,100,71.43
32.0004,11648,100,70.14
32.0177,12014,100,72.68
32.0359,12444,100,71.69
32.0538,12444,100,73.39
32.0712,12444,100,72.25
32.0886,12444,100,71.92
32.1064,12444,100,73.93
32.1238,12444,100,71.01
32.1417,12444,100,72.46
32.1592,11510,100,73.91
32.1770,11832,100,69.77
32.1948,12176,100,70.62
32.2126,12176,100,71.98
32.2308,12542,100,71.18
32.2482,12542,100,71.73
32.2660,12542,100,74.00
32.2841,12542,100,71.96
32.3015,12542,100,72.35
32.3196,12542,100,68.81
32.3374,12542,100,72.59
32.3550,12948,100,71.15
32.3724,12948,100,71.40
32.3899,13372,100,70.02
32.4075,13372,100,70.97
32.4249,12350,100,70.41
32.4426,12692,100,70.68
32.4601,13058,100,70.38
32.4777,13058,100,69.73
32.4951,13442,100,69.82
32.5132,13442,100,69.54
32.5307,13442,100,72.00
32.5485,13442,100,73.03
32.5664,13442,100,71.54
32.5842,13442,100,72.91
32.6024,13860,100,72.34
32.6199,13860,100,69.17
32.6374,13860,100,71.75
32.6549,13860,100,72.37
32.6723,13860,100,70.33
32.6900,11196,100,73.27
32.7076,11196,100,75.82
32.7257,11624,100,74.33
32.7431,11624,100,71.33
32.7606,11624,100,71.58
32.7780,11624,100,72.25
32.7955,11624,100,72.45
32.8129,11624,100,70.72
32.8303,11624,100,71.32
32.8479,11624,100,69.55
32.8662,11624,100,72.37
32.8836,11624,100,70.31
32.9009,11624,100,74.17
32.9184,11624,100,74.74
32.9362,10828,99,69.75
32.9540,11112,100,72.44
32.9716,11454,100,69.97
32.9891,11454,100,68.68
33.0066,11820,100,69.44
33.0244,11820,100,72.43
33.0418,11820,100,70.32
33.0595,11820,100,71.76
33.0772,11820,100,73.11
33.0951,11820,100,72.00
33.1130,11820,100,70.27
33.1305,12222,100,71.01
33.1482,12222,100,70.24
33.1656,12222,100,71.82
33.1834,12222,100,72.34
33.2011,11446,100,71.08
33.2192,12104,100,71.87
33.2371,12468,100,70.13
33.2547,12468,100,69.82
33.2730,12894,100,68.64
33.2908,12894,100,69.07
33.3082,12894,100,71.53
33.3260,12894,100,69.79
33.3437,12894,100,70.84
33.3616,12894,100,70.43
33.3790,12894,100,72.41
33.3969,12894,100,68.66
33.4143,12894,100,71.44
33.4318,12894,100,71.94
33.4494,12894,100,71.44
33.4668,11518,100,68.94
33.4842,11518,100,75.60
33.5018,11860,100,68.94
33.5193,11860,100,68.35
33.5372,11860,100,72.94
33.5546,11860,100,70.60
33.5724,11860,100,68.90
33.5898,12554,100,68.77
33.6072,12554,100,70.14
33.6246,12554,100,72.34
33.6424,12918,100,70.70
33.6602,12918,100,70.71
33.6779,12918,100,73.07
33.6955,12918,100,73.27
33.7138,11072,100,72.84
33.7313,11454,100,73.23
33.7495,11454,100,70.26
33.7671,11454,100,74.57
33.7849,11874,100,72.33
33.8030,11874,100,70.60
33.8211,11874,100,70.49
33.8386,11874,100,73.42
33.8560,11874,100,73.42
33.8738,11874,100,73.90
33.8918,11874,100,70.70
33.9094,11874,100,69.91
33.9272,12300,100,72.56
33.9450,12300,100,71.23
33.9628,12300,100,71.79
33.9803,11586,100,70.69
33.9984,11586,100,71.38
34.0165,11586,100,68.62
34.0346,11586,100,71.49
34.0524,11586,100,70.93
34.0704,11586,100,71.27
34.0878,11586,100,70.56
34.1054,11586,100,71.25
34.1231,11586,100,71.75
34.1405,12006,100,73.87
34.1580,12006,100,71.26
34.1755,12006,100,70.69
34.1938,12006,100,71.70
34.2113,12006,100,71.62
34.2291,11104,98,71.22
34.2465,11760,100,70.64
34.2640,12920,100,72.94
34.2815,12920,100,70.32
34.2990,12920,100,71.16
34.3163,12920,100,72.87
34.3338,12920,100,71.59
34.3512,12920,100,73.13
34.3688,12920,100,73.74
34.3863,13342,100,68.35
34.4038,13342,100,72.18
34.4212,13342,100,72.79
34.4386,13342,100,69.26
34.4562,13342,100,72.05
34.4738,13342,100,69.62
34.4913,11012,100,70.12
34.5087,11334,100,70.03
34.5260,11672,100,70.82
34.5434,12036,100,70.76
34.5608,12036,100,67.08
34.5785,12436,100,70.15
34.5959,12436,100,69.57
34.6134,12436,100,72.67
34.6310,12436,100,70.99
34.6483,12436,100,75.11
34.6658,12436,100,73.76
34.6832,12436,100,69.83
34.7006,12436,100,72.45
34.7180,12436,100,69.60
34.7355,12436,100,69.13
34.7529,12518,100,70.91
34.7708,13230,100,70.02
34.7882,13652,100,70.86
34.8056,13652,100,70.36
34.8230,13652,100,70.38
34.8406,13652,100,68.95
34.8582,13652,100,71.74
34.8756,13652,100,67.92
34.8930,13652,100,72.46
34.9105,13652,100,71.26
34.9280,13652,100,69.47
34.9456,13652,100,71.07
34.9630,13652,100,75.26
34.9804,13652,100,70.15
34.9979,13652,100,69.22
35.0158,11484,100,72.88
35.0333,10194,0,36.26
35.0508,10194,0,31.56
35.0682,10194,0,31.18
35.0857,10194,0,31.10
35.1032,10194,0,31.05
35.1205,10194,0,31.20
35.1379,10194,0,30.97
35.1562,10194,0,30.80
35.1744,10194,0,30.79
35.1931,10194,0,30.79
35.2120,11100,100,50.93
35.2295,11800,100,72.23
35.2470,11800,100,72.23
35.2645,11800,100,72.56
35.2821,11800,100,68.39
35.2997,11800,100,71.13
35.3171,11800,100,71.89
35.3348,11800,100,72.55
35.3523,11800,100,68.61
35.3698,11800,100,70.48
35.3874,11800,100,73.21
35.4051,11800,100,72.61
35.4227,11800,100,67.35
35.4406,11800,100,68.77
35.4581,11800,100,74.81
35.4756,11800,100,72.19
35.4932,11800,100,71.23
35.5106,12218,100,68.85
35.5281,12218,100,69.42
35.5458,12218,100,69.94
35.5633,12218,100,69.59
35.5808,12218,100,69.71
35.5982,12218,100,69.74
35.6156,12218,100,69.64
35.6332,12218,100,72.05
35.6507,12218,100,69.15
35.6681,12218,100,70.35
35.6856,12218,100,70.96
35.7030,12218,100,73.41
35.7204,12218,100,73.27
35.7378,12218,99,72.20
35.7552,12218,100,69.97
35.7727,12218,100,72.72
35.7902,12218,100,70.63
35.8077,12218,100,72.90
35.8252,12218,100,70.21
35.8426,12640,100,70.13
35.8600,12640,100,72.88
35.8776,12640,100,67.14
35.8951,12640,100,70.09
35.9126,12640,100,68.28
35.9300,12640,100,67.26
35.9475,12640,100,69.76
35.9648,12640,100,68.59
35.9823,12640,100,73.57
35.9997,12640,100,72.67
36.0173,12640,100,70.27
36.0348,12640,100,73.85
36.0525,12640,100,70.68
36.0699,12640,99,74.56
36.0876,12640,100,70.54
36.1051,12640,100,70.16
36.1225,12640,100,71.88
36.1400,12640,100,70.98
36.1575,12640,100,68.03
36.1750,12640,100,71.48
36.1923,12640,100,69.50
36.2098,12640,100,71.06
36.2275,12640,100,74.79
36.2449,12640,100,71.05
36.2623,12640,100,71.88
36.2799,12640,100,73.83
36.2974,12640,100,73.00
36.3149,12640,100,75.32
36.3324,12640,100,69.64
36.3498,12640,100,71.03
36.3673,12640,100,68.38
36.3847,12640,100,69.64
36.4021,12640,100,72.62
36.4197,12640,100,72.44
36.4371,12640,100,72.49
36.4545,12640,100,68.77
36.4721,12640,100,70.23
36.4896,12640,100,68.01
36.5069,12640,100,71.94
36.5247,12640,100,71.81
36.5421,12640,100,73.98
36.5595,12640,100,67.57
36.5771,12640,100,73.32
36.5946,12640,100,74.71
36.6121,12640,100,73.09
36.6297,12640,100,70.03
36.6471,12640,100,73.73
36.6645,12640,100,71.41
36.6819,12640,100,70.00
36.6994,12640,100,70.50
36.7168,12640,100,69.43
36.7342,12640,100,75.87
36.7516,12640,100,70.54
36.7690,12640,100,71.01
36.7868,12640,100,69.86
36.8044,12640,100,69.99
36.8220,12640,100,71.17
36.8395,12640,100,74.69
36.8571,12640,100,72.82
36.8747,12640,100,72.24
36.8922,12640,100,66.94
36.9098,12640,100,71.90
36.9272,12640,100,71.59
36.9446,12640,100,69.81
36.9620,12640,100,71.57
36.9795,12640,100,72.98
36.9971,12640,100,68.65
37.0146,12640,100,72.36
37.0321,12640,100,70.64
37.0497,12640,100,68.84
37.0673,12640,100,71.02
37.0847,12640,100,73.27
37.1024,12640,100,72.99
37.1201,12640,100,69.12
37.1376,12640,100,72.59
37.1551,12640,100,68.83
37.1727,12640,100,70.49
37.1901,12640,100,71.09
37.2075,12640,100,74.28
37.2249,12640,100,72.14
37.2426,12640,100,70.85
37.2600,12640,100,70.42
37.2774,12640,100,70.96
37.2949,12640,100,74.36
37.3125,12640,100,72.45
37.3300,12640,100,69.86
37.3478,12640,100,69.26
37.3652,12640,100,74.50
37.3826,12640,100,67.96
37.4000,12640,100,73.30
37.4175,12640,100,68.51
37.4350,12640,100,69.70
37.4526,12640,100,71.18
37.4700,12640,100,67.36
37.4874,12640,100,68.72
37.5052,12640,100,70.76
37.5226,12640,100,69.66
37.5400,12640,100,70.18
37.5574,12640,100,70.46
37.5750,12640,100,69.17
37.5924,12640,100,69.00
37.6100,12640,100,69.36
37.6276,12640,100,72.07
37.6451,12640,100,70.76
37.6625,12640,100,70.63
37.6802,12640,100,71.93
37.6977,12640,100,71.04
37.7151,12640,100,72.96
37.7325,12640,100,73.56
37.7500,12640,100,72.51
37.7675,12640,100,75.31
37.7850,12640,100,69.12
37.8024,12640,100,70.09
37.8199,12640,100,68.07
37.8372,12640,100,73.69
37.8546,12640,100,71.01
37.8721,12640,100,69.55
37.8896,12640,100,71.96
37.9072,12640,100,71.50
37.9247,12640,100,72.19
37.9426,12640,100,71.62
37.9601,12640,100,70.06
37.9776,12640,100,70.99
37.9951,12640,100,69.84
38.0125,12640,100,73.70
38.0299,12640,99,68.24
38.0473,12640,100,69.79
38.0647,12640,100,71.34
38.0821,12640,100,68.71
38.0996,12640,100,69.93
38.1170,12640,100,70.76
38.1344,12640,100,72.88
38.1520,12640,100,73.39
38.1695,12640,100,71.12
38.1870,12640,100,70.57
38.2049,12640,100,71.35
38.2224,12640,100,72.44
38.2398,12640,100,69.40
38.2572,12640,100,73.95
38.2746,12640,100,71.37
38.2921,12640,100,72.34
38.3096,12640,100,68.60
38.3270,12640,100,71.01
38.3445,12640,100,72.23
38.3621,12640,100,69.21
38.3796,12640,100,68.74
38.3970,12640,100,72.79
38.4144,12640,100,70.65
38.4319,12640,100,70.84
38.4493,12640,100,70.58
38.4668,12640,100,71.08
38.4843,12640,100,74.85
38.5018,12640,100,69.10
38.5194,12640,100,71.79
38.5368,12640,100,68.01
38.5542,12640,100,66.70
38.5715,12640,100,70.30
38.5890,12640,100,69.54
38.6063,12640,100,73.35
38.6238,12640,100,68.27
38.6413,12640,100,73.06
38.6587,12640,100,71.67
38.6762,12640,100,69.26
38.6939,12640,100,70.90
38.7114,12640,100,72.46
38.7290,12640,100,71.79
38.7466,12640,100,73.03
38.7641,12640,100,74.65
38.7816,12640,100,71.83
38.7992,12640,100,74.34
38.8167,12640,100,73.02
38.8342,12640,100,69.45
38.8518,12640,100,71.89
38.8693,12640,100,73.42
38.8868,12640,100,71.76
38.9041,12640,100,70.82
38.9215,12640,100,74.12
38.9389,12640,99,70.39
38.9567,12640,100,70.32
38.9741,12640,100,71.78
38.9915,12640,100,74.64
39.0089,12640,100,74.32
39.0263,12640,100,73.41
39.0438,12640,100,73.87
39.0612,12640,100,70.65
39.0787,12640,100,73.19
39.0961,12640,100,73.13
39.1136,12640,100,71.36
39.1312,12640,100,70.76
39.1486,12640,100,74.47
39.1660,12640,99,73.12
39.1833,12640,100,75.58
39.2007,12640,100,69.85
39.2182,12640,99,74.23
39.2356,12640,100,70.10
39.2530,12640,100,71.89
39.2704,12640,100,71.94
39.2878,12640,100,67.95
39.3052,12640,100,69.99
39.3227,12640,100,72.37
39.3404,12640,100,69.20
39.3578,12640,100,71.91
39.3754,12640,100,73.31
39.3929,12640,100,70.25
39.4104,12640,100,69.44
39.4279,12640,100,72.84
39.4453,12640,100,71.91
39.4628,12640,100,72.04
39.4802,12640,100,68.32
39.4977,12640,100,68.67
39.5151,12640,100,73.21
39.5326,12640,100,68.55
39.5502,12640,100,71.86
39.5677,12640,100,72.33
39.5851,12640,100,69.01
39.6026,12640,100,73.24
39.6201,12640,99,66.62
39.6378,12640,100,69.67
39.6552,12640,100,70.29
39.6727,12640,100,70.46
39.6901,12640,100,68.88
39.7075,12640,100,70.26
39.7249,12640,100,72.69
39.7424,12640,100,70.28
39.7599,12640,100,67.00
39.7775,12640,100,68.37
39.7949,12640,100,70.92
39.8123,12640,100,68.60
39.8298,12640,100,73.00
39.8476,12640,100,71.16
39.8651,12640,100,72.78
39.8825,12640,100,70.09
39.9000,12640,100,75.10
39.9175,12640,100,69.77
39.9349,12640,100,69.50
39.9523,12640,100,72.55
39.9697,12640,100,72.83
39.9872,12640,100,71.77
40.0047,12640,100,68.99
40.0223,12640,100,68.05
40.0398,12640,100,69.92
40.0572,12640,100,73.21
40.0748,12640,99,70.62
40.0923,12640,100,73.69
40.1097,12640,100,70.54
40.1278,12640,100,70.37
40.1452,12640,100,71.58
40.1626,12640,100,74.56
40.1800,12640,100,71.81
40.1974,12640,100,74.24
40.2149,12640,100,68.71
40.2324,12640,100,68.37
40.2499,12640,100,70.48
40.2673,12640,100,69.19
40.2847,12640,100,69.66
40.3021,12640,100,67.27
40.3195,12640,100,75.11
40.3374,12640,100,72.48
40.3549,12640,100,69.62
40.3725,12640,100,73.84
40.3900,12640,100,71.66
40.4074,12640,100,73.84
40.4248,12640,100,72.40
40.4425,12640,100,70.39
40.4600,12640,100,72.10
40.4774,12640,100,70.28
40.4948,12640,100,70.96
40.5123,12640,100,73.79
40.5300,12640,100,71.91
40.5474,12640,99,75.09
40.5648,12640,100,73.96
40.5822,12640,100,69.64
40.5996,12640,100,70.18
40.6173,12640,100,68.35
40.6348,12640,100,69.55
40.6522,12640,100,67.21
40.6695,12640,100,70.35
40.6869,12640,100,73.38
40.7044,12640,100,71.88
40.7218,12640,100,69.83
40.7392,12640,100,68.45
40.7567,12640,100,69.42
40.7742,12640,99,72.06
40.7916,12640,100,72.08
40.8090,12640,100,69.63
40.8265,12640,100,74.30
40.8441,12640,100,69.70
40.8616,12640,100,70.65
40.8791,12640,100,72.24
40.8965,12640,99,71.01
40.9140,12640,100,73.84
40.9314,12640,100,68.41
40.9489,12640,100,73.39
40.9666,12640,100,73.58
40.9840,12640,100,75.55
41.0018,12640,100,71.52
41.0193,12640,100,74.79
41.0367,12640,100,72.68
41.0544,12640,100,71.34
41.0719,12640,100,70.94
41.0896,12640,100,70.86
41.1070,12640,100,68.64
41.1244,12640,100,71.13
41.1419,12640,100,73.17
41.1598,12640,100,74.68
41.1774,12640,100,72.98
41.1949,12640,100,70.33
41.2126,12640,100,69.58
41.2307,12640,100,73.53
41.2484,12640,100,72.30
41.2665,12640,100,67.70
41.2843,12640,100,72.50
41.3018,12640,100,74.12
41.3195,12640,99,73.57
41.3369,12640,100,72.73
41.3543,12640,100,73.47
41.3717,12640,100,70.26
41.3894,12640,100,72.78
41.4072,12640,100,74.83
41.4246,12640,100,73.88
41.4420,12640,100,68.46
41.4601,12640,100,68.08
41.4776,12640,100,68.12
41.4954,12640,99,69.53
41.5131,12640,100,68.67
41.5306,12640,100,72.25
41.5482,12640,100,71.49
41.5662,12640,100,70.60
41.5837,12640,100,71.96
41.6011,12640,100,74.70
41.6190,12640,100,74.92
41.6367,12640,100,73.49
41.6541,12640,100,75.09
41.6718,12640,100,72.18
41.6892,12640,100,66.76
41.7073,12640,100,72.60
41.7247,12640,100,71.39
41.7427,12640,100,69.62
41.7602,12640,100,73.41
41.7782,12640,100,73.78
41.7959,12640,100,69.71
41.8137,12640,100,72.75
41.8312,12640,100,68.15
41.8489,12640,100,71.32
41.8666,12640,100,72.09
41.8840,12640,100,73.75
41.9014,12640,100,70.17
41.9188,12640,100,69.68
41.9366,12640,100,66.60
41.9540,12640,100,72.68
41.9714,12640,100,67.72
41.9887,12640,100,74.32
42.0065,12640,100,72.17
42.0243,12640,100,69.36
42.0417,12640,100,71.66
42.0597,12640,100,72.88
42.0772,12640,100,68.01
42.0951,12640,100,73.79
42.1125,12640,100,69.69
42.1300,12640,100,74.25
42.1478,12640,100,71.54
42.1652,12640,99,69.77
42.1826,12640,100,67.22
42.2007,12640,100,71.20
42.2181,12640,100,72.39
42.2356,12640,100,73.58
42.2533,12640,100,70.71
42.2714,12640,100,73.11
42.2891,12640,100,72.62
42.3071,12640,100,73.01
42.3246,12640,100,69.46
42.3426,12640,100,69.29
42.3600,12640,100,69.69
42.3778,12640,100,73.25
42.3952,12640,100,71.56
42.4130,12640,100,68.50
42.4304,12640,100,69.63
42.4478,12640,100,66.17
42.4652,12640,100,69.01
42.4836,12640,100,74.23
42.5017,12640,100,72.43
42.5192,12640,100,69.66
42.5369,12640,100,71.87
42.5543,12640,100,72.36
42.5718,12640,100,69.94
42.5893,12640,100,71.80
42.6068,12640,100,73.33
42.6248,12640,100,74.20
42.6422,12640,100,72.14
42.6597,12640,100,67.62
42.6771,12640,100,69.62
42.6946,12640,100,74.50
42.7123,12640,99,70.97
42.7297,12640,100,70.72
42.7479,12640,100,74.20
42.7655,12640,100,71.54
42.7829,12640,100,74.60
42.8004,12640,100,73.31
42.8178,12640,100,72.22
42.8353,12640,100,75.39
42.8527,12640,100,71.08
42.8701,12640,100,71.04
42.8876,12640,100,71.32
42.9053,12640,100,71.54
42.9236,12640,100,71.46
42.9414,12640,100,73.58
42.9594,12640,99,67.68
42.9768,12640,100,69.42
42.9947,12640,100,70.71
43.0122,12640,100,72.29
43.0303,12640,100,68.36
43.0480,12640,100,71.32
43.0658,12640,100,71.72
43.0836,12640,100,72.79
43.1011,12640,100,74.75
43.1192,12640,100,73.71
43.1366,12640,100,70.04
43.1540,12640,100,70.87
43.1717,12640,100,68.33
43.1896,12640,100,71.66
43.2073,12640,100,69.18
43.2254,12640,100,72.74
43.2431,12640,100,74.47
43.2609,12640,100,71.22
43.2792,12640,100,74.06
43.2967,12640,100,70.69
43.3144,12640,100,70.75
43.3319,12640,100,70.10
43.3494,12640,100,72.04
43.3669,12640,100,68.88
43.3849,12640,100,73.49
43.4023,12640,100,72.53
43.4201,12640,100,69.68
43.4375,12640,100,70.26
43.4550,12640,100,73.47
43.4731,12640,100,70.36
43.4909,12640,100,68.50
43.5086,12640,100,72.25
43.5262,12640,100,68.61
43.5439,12640,100,67.52
43.5617,12640,100,74.85
43.5791,12640,100,74.09
43.5965,12640,100,72.58
43.6140,12640,100,71.86
43.6317,12640,100,71.91
43.6500,12640,99,72.09
43.6682,12640,100,73.20
43.6864,12640,100,72.17
43.7042,12640,100,70.69
43.7216,12640,100,73.04
43.7397,12640,100,69.38
43.7576,12640,100,71.78
43.7750,12640,100,68.14
43.7927,12640,100,71.79
43.8104,12640,100,70.22
43.8280,12640,100,70.15
43.8455,12640,100,74.02
43.8629,12640,100,70.76
43.8805,12640,100,73.48
43.8981,12640,100,70.64
43.9155,12640,100,68.97
43.9333,12640,100,71.35
43.9507,12640,100,69.62
43.9681,12640,100,69.40
43.9856,12640,100,70.91
44.0035,12640,100,69.21
44.0209,12640,100,74.66
44.0385,12640,100,71.27
44.0560,12640,100,72.32
44.0738,12640,100,71.16
44.0913,12640,100,71.61
44.1090,12640,100,69.88
44.1267,12640,100,70.07
44.1447,12640,100,71.10
44.1620,12640,100,72.78
44.1798,12640,100,70.89
44.1972,12640,100,70.52
44.2149,12640,100,71.36
44.2323,12640,100,70.05
44.2497,12640,100,70.10
44.2671,12640,100,71.92
44.2850,12640,100,68.74
44.3026,12640,100,70.66
44.3200,12640,100,72.68
44.3374,12640,100,71.45
44.3548,12640,100,71.98
44.3722,12640,100,71.72
44.3897,12640,100,71.31
44.4071,12640,100,72.33
44.4247,12640,100,71.78
44.4422,12640,100,69.01
44.4597,12640,100,71.93
44.4771,12640,100,68.04
44.4945,12640,100,74.15
44.5119,12640,100,73.38
44.5294,12640,100,67.91
44.5468,12640,100,70.27
44.5641,12640,100,69.29
44.5816,12640,100,68.77
44.5991,12640,100,74.52
44.6169,12640,100,72.46
44.6343,12640,99,72.78
44.6518,12640,100,71.02
44.6692,12640,100,70.40
44.6866,12640,100,68.93
44.7040,12640,100,67.94
44.7213,12640,100,70.15
44.7388,12640,100,70.39
44.7562,12640,100,70.87
44.7736,12640,100,71.04
44.7911,12640,100,71.55
44.8086,12640,100,68.95
44.8261,12640,100,71.85
44.8434,12640,100,68.04
44.8611,12640,100,71.66
44.8787,12640,100,70.55
44.8961,12640,100,71.63
44.9135,12640,100,69.84
44.9309,12640,100,69.12
44.9485,12640,100,73.75
44.9660,12640,100,69.18
44.9835,12640,100,70.23
45.0009,12640,100,71.39
45.0183,12640,100,70.43
45.0357,12640,100,67.96
45.0531,12640,100,71.11
45.0710,12640,100,72.38
45.0885,12640,100,73.20
45.1060,12640,100,74.81
45.1234,12640,100,70.46
45.1408,12640,100,71.77
45.1582,12640,100,69.94
45.1756,12640,99,71.34
45.1930,12640,100,70.85
45.2104,12640,100,70.75
45.2280,12640,100,72.22
45.2454,12640,100,69.82
45.2628,12640,100,70.08
45.2802,12640,100,73.14
45.2976,12640,99,73.79
45.3151,12640,100,69.24
45.3325,12640,100,69.53
45.3501,12640,100,70.04
45.3675,12640,100,72.92
45.3849,12640,100,68.18
45.4026,12640,100,71.66
45.4200,12640,100,71.31
45.4374,12640,100,70.64
45.4550,12640,100,70.39
45.4724,12640,100,70.66
45.4898,12640,100,72.66
45.5072,12640,99,69.00
45.5246,12640,100,71.20
45.5421,12640,100,73.68
45.5597,12640,100,70.82
45.5771,12640,100,71.04
45.5945,12640,100,70.83
45.6119,12640,100,70.41
45.6293,12640,100,71.78
45.6467,12640,100,73.31
45.6642,12640,100,72.12
45.6816,12640,100,68.82
45.6990,12640,100,71.24
45.7165,12640,100,69.85
45.7339,12640,100,70.91
45.7513,12640,100,73.28
45.7687,12640,100,69.71
45.7861,12640,100,71.76
45.8036,12640,100,72.43
45.8210,12640,100,74.95
45.8384,12640,100,71.23
45.8558,12640,100,73.13
45.8732,12640,100,72.27
45.8908,12640,100,70.29
45.9082,12640,99,71.11
45.9257,12640,100,75.17
45.9432,12640,100,73.82
45.9609,12640,100,74.34
45.9783,12640,100,72.21
45.9957,12640,100,74.50
46.0131,12640,100,74.37
46.0305,12640,100,69.54
46.0480,12640,100,72.97
46.0656,12640,100,71.23
46.0833,12640,100,66.17
46.1007,12640,100,69.80
46.1181,12640,100,70.76
46.1355,12640,100,72.03
46.1530,12640,100,71.51
46.1705,12640,100,72.90
46.1879,12640,100,72.04
46.2054,12640,100,71.52
46.2229,12640,100,70.68
46.2404,12640,100,71.32
46.2578,12640,100,73.01
46.2752,12640,99,72.08
46.2926,12640,100,70.55
46.3100,12640,100,67.61
46.3274,12640,100,69.50
46.3448,12640,100,68.25
46.3622,12640,100,74.95
46.3796,12640,100,71.50
46.3970,12640,100,70.12
46.4146,12640,100,72.84
46.4322,12640,100,70.93
46.4496,12640,100,73.25
46.4669,12640,100,71.55
46.4845,12640,100,69.10
46.5020,12640,100,72.07
46.5194,12640,100,69.94
46.5368,12640,100,70.12
46.5542,12640,100,70.80
46.5718,12640,100,69.15
46.5893,12640,100,72.26
46.6068,12640,100,69.96
46.6241,12640,100,75.09
46.6415,12640,100,70.78
46.6591,12640,100,73.50
46.6766,12640,100,72.83
46.6940,12640,100,72.40
46.7114,12640,100,71.07
46.7288,12640,100,67.60
46.7462,12640,100,71.34
46.7635,12640,100,71.02
46.7810,12640,100,74.06
46.7984,12640,100,73.19
46.8158,12640,100,70.77
46.8334,12640,100,71.88
46.8508,12640,100,72.96
46.8682,12640,100,69.21
46.8856,12640,99,70.54
46.9030,12640,100,71.88
46.9204,12640,100,68.74
46.9379,12640,100,69.35
46.9554,12640,100,68.73
46.9729,12640,100,73.97
46.9904,12640,100,71.60
47.0078,12640,100,71.42
47.0252,12640,100,69.74
47.0427,12640,100,67.01
47.0602,12640,100,71.88
47.0776,12640,100,72.69
47.0950,12640,100,68.58
47.1124,12640,100,70.61
47.1299,12640,100,73.75
47.1473,12640,100,72.90
47.1647,12640,100,68.54
47.1823,12640,100,67.40
47.1998,12640,100,70.72
47.2174,12640,100,72.42
47.2348,12640,100,69.44
47.2523,12640,100,73.19
47.2697,12640,100,69.16
47.2871,12640,100,69.13
47.3045,12640,100,71.33
47.3220,12640,100,70.66
47.3398,12640,100,71.94
47.3571,12640,100,73.61
47.3746,12640,100,71.83
47.3920,12640,100,70.90
47.4094,12640,100,71.24
47.4270,12640,100,72.31
47.4446,12640,99,73.30
47.4620,12640,100,71.36
47.4794,12640,100,71.90
47.4968,12640,100,70.92
47.5142,12640,100,72.38
47.5318,12640,100,71.67
47.5493,12640,100,72.57
47.5666,12640,100,70.13
47.5840,12640,100,72.23
47.6016,12640,100,70.18
47.6191,12640,100,71.59
47.6365,12640,100,70.43
47.6539,12640,100,70.56
47.6713,11172,100,73.16
47.6888,10174,0,49.78
47.7062,10174,0,31.70
47.7237,10174,0,31.36
47.7411,10174,0,31.20
47.7586,10174,0,31.05
47.7763,10174,0,31.05
47.7937,10174,0,30.96
47.8117,10174,0,30.87
47.8306,10174,0,30.86
47.8490,10174,0,30.82
47.8672,11714,100,47.58
47.8848,11714,100,73.03
47.9023,11714,100,72.40
47.9196,11714,100,70.19
47.9371,12024,99,70.67
47.9546,12024,100,72.29
47.9721,12024,100,72.63
47.9895,12024,100,72.32
48.0069,12024,100,70.59
48.0244,12024,100,72.90
48.0419,12024,100,69.62
48.0593,12024,100,71.33
48.0773,12024,99,71.83
48.0949,12024,100,72.65
48.1124,12024,100,72.71
48.1300,12024,100,73.48
48.1477,12024,100,72.18
48.1653,12024,100,72.53
48.1828,12024,100,71.16
48.2002,12024,100,69.96
48.2179,12024,100,68.18
48.2353,12024,100,72.08
48.2529,12024,100,72.88
48.2706,12024,100,71.25
48.2880,12024,100,72.73
48.3054,12024,100,69.74
48.3230,12024,100,72.39
48.3407,12024,100,73.65
48.3581,12024,100,72.95
48.3757,12024,100,70.03
48.3931,12024,100,72.28
48.4105,12024,100,70.62
48.4279,12024,100,67.15
48.4453,12024,100,72.53
48.4628,12024,100,70.16
48.4803,12024,100,71.47
48.4977,12024,100,69.46
48.5154,12024,100,71.69
48.5332,12024,100,72.88
48.5506,12024,100,72.33
48.5682,12024,100,69.97
48.5857,12024,100,72.47
48.6031,12024,100,72.63
48.6206,12024,100,72.21
48.6381,12342,100,72.32
48.6555,12342,100,68.25
48.6729,12698,100,69.85
48.6903,12698,100,72.63
48.7077,12698,99,68.77
48.7251,12698,100,73.86
48.7425,12698,100,69.93
48.7604,12698,100,70.26
48.7781,12698,100,71.67
48.7955,12698,100,76.07
48.8129,12698,100,70.40
48.8303,12698,99,70.67
48.8478,12698,100,75.08
48.8653,12698,100,72.35
48.8827,12698,100,72.89
48.9001,12698,100,72.21
48.9180,12698,100,73.47
48.9354,12698,100,72.09
48.9528,12698,100,71.20
48.9704,12698,100,70.66
48.9878,12698,100,70.24
49.0052,12698,100,71.92
49.0226,12698,100,72.65
49.0402,12698,100,71.68
49.0576,12698,100,69.09
49.0750,12698,100,69.71
49.0926,12698,100,72.08
49.1101,12698,100,73.83
49.1275,12698,100,71.68
49.1450,12698,100,74.03
49.1624,12698,100,71.88
49.1799,12698,100,69.49
49.1974,12698,100,70.96
49.2152,12698,100,70.78
49.2326,12698,100,72.62
49.2501,12698,100,69.63
49.2675,12698,100,69.15
49.2850,12698,100,71.87
49.3023,12698,100,70.72
49.3198,12698,100,70.17
49.3373,12698,100,72.39
49.3547,12698,100,73.14
49.3721,12698,100,70.91
49.3899,12698,100,72.12
49.4073,12698,100,71.39
49.4248,12698,100,70.74
49.4423,12698,100,71.06
49.4597,12698,100,73.37
49.4772,12698,100,70.59
49.4946,12698,100,69.60
49.5121,12698,100,72.23
49.5296,12698,100,73.30
49.5471,12698,100,71.57
49.5644,12698,100,71.87
49.5819,12698,100,72.60
49.5993,12698,100,69.19
49.6167,12698,100,72.80
49.6342,12698,100,72.38
49.6517,12698,100,70.91
49.6691,12698,100,71.11
49.6865,12698,100,71.86
49.7039,12698,100,71.89
49.7213,12698,99,72.54
49.7387,12698,100,71.45
49.7562,12698,100,71.17
49.7737,12698,100,75.22
49.7911,12698,100,71.86
49.8089,12698,100,70.26
49.8263,12698,100,70.47
49.8438,12698,100,70.82
49.8612,12698,100,71.15
49.8786,12698,100,70.15
49.8960,12698,100,69.56
49.9135,12698,100,70.77
49.9310,12698,100,69.91
49.9484,12698,100,72.02
49.9659,12698,100,71.37
49.9835,12698,100,72.81
50.0012,12698,100,71.88
50.0186,12698,100,71.62
50.0360,12698,100,70.06
50.0538,12698,100,73.59
50.0712,12698,100,74.93
50.0889,12698,100,70.71
50.1065,12698,99,69.99
50.1243,12698,100,68.99
50.1416,12698,100,73.23
50.1590,12698,100,71.87
50.1766,12698,100,69.93
50.1940,12698,100,70.96
50.2114,12698,100,73.90
50.2288,12698,100,69.87
50.2462,12698,100,70.23
50.2636,12698,100,69.37
50.2810,12698,100,69.25
50.2985,12698,100,74.68
50.3165,12698,100,71.31
50.3339,12698,100,72.24
50.3513,12698,100,71.63
50.3687,12698,100,67.60
50.3862,12698,100,70.98
50.4037,12698,100,70.99
50.4212,12698,99,70.67
50.4387,12698,100,71.67
50.4562,12698,100,70.82
50.4736,12698,100,71.35
50.4910,12698,100,71.46
50.5086,12698,100,74.61
50.5260,12698,100,71.74
50.5434,12698,100,71.20
50.5610,12698,100,71.98
50.5786,12698,100,74.21
50.5961,12698,100,72.07
50.6135,12698,100,70.09
50.6311,12698,100,73.76
50.6489,12698,100,69.70
50.6663,12698,100,72.78
50.6837,12698,100,71.87
50.7012,12698,100,68.72
50.7187,12698,100,72.51
50.7362,12698,100,69.57
50.7536,12698,100,70.56
50.7711,12698,100,73.26
50.7889,12698,100,72.63
50.8064,12698,100,71.18
50.8238,12698,100,71.64
50.8413,12698,100,71.67
50.8588,12698,100,72.90
50.8763,12698,100,72.01
50.8936,12698,100,70.71
50.9110,12698,100,73.04
50.9284,12698,100,72.02
50.9458,12698,100,70.49
50.9633,12698,100,73.64
50.9806,12698,100,72.84
50.9980,12698,100,71.78
51.0159,12698,100,71.53
51.0336,12698,100,70.01
51.0510,12698,100,68.82
51.0686,12698,100,73.03
51.0864,12698,100,70.98
51.1042,12698,100,71.45
51.1223,12698,100,72.29
51.1401,12698,100,71.84
51.1575,12698,100,68.41
51.1749,12698,100,72.49
51.1924,12698,100,71.20
51.2098,12698,100,70.00
51.2273,12698,100,71.98
51.2451,12698,100,72.43
51.2626,12698,100,70.46
51.2800,12698,100,70.42
51.2979,12698,100,69.67
51.3154,12698,100,72.05
51.3328,12698,100,71.83
51.3505,12698,100,70.71
51.3681,12698,100,73.93
51.3859,12698,100,72.18
51.4034,12698,100,72.77
51.4216,12698,100,72.49
51.4393,12698,100,70.86
51.4574,12698,100,73.70
51.4747,12698,100,71.78
51.4929,12698,100,70.48
51.5113,12698,100,69.53
51.5291,12698,100,70.20
51.5468,12698,100,70.27
51.5644,12698,100,71.00
51.5825,12698,100,69.77
51.6002,12698,100,72.86
51.6176,12698,100,73.89
51.6350,12698,100,71.44
51.6528,12698,100,70.52
51.6702,12698,100,71.17
51.6877,12698,100,72.74
51.7059,12698,100,71.26
51.7238,12698,100,71.85
51.7418,12698,100,73.26
51.7597,12698,100,70.59
51.7772,12698,100,70.59
51.7946,12698,100,69.86
51.8127,12698,100,69.99
51.8305,12698,100,70.08
51.8483,12698,100,72.82
51.8657,12698,100,72.79
51.8831,12698,100,70.57
51.9012,12698,100,70.11
51.9186,12698,100,71.33
51.9359,12698,100,72.60
51.9537,12698,100,74.27
51.9715,12698,100,70.57
51.9890,12698,100,73.71
52.0072,12698,100,72.44
52.0246,12698,100,71.23
52.0426,12698,100,70.35
52.0603,12698,100,69.63
52.0778,12698,100,71.37
52.0960,12698,100,71.00
52.1138,12698,100,71.32
52.1316,12698,100,68.83
52.1492,12698,100,71.52
52.1666,12698,100,69.64
52.1844,12698,100,70.63
52.2021,12698,100,70.34
52.2197,12698,99,72.14
52.2375,12698,100,71.67
52.2556,12698,100,70.46
52.2730,12698,100,70.29
52.2909,12698,99,70.11
52.3087,12698,100,71.75
52.3269,12698,100,72.76
52.3446,12698,100,71.27
52.3620,12698,100,71.99
52.3794,12698,100,71.16
52.3968,12698,100,70.02
52.4146,12698,100,70.37
52.4323,12698,100,70.79
52.4502,12698,100,73.17
52.4684,12698,100,69.53
52.4859,12698,100,69.18
52.5033,12698,100,69.91
52.5211,12698,100,72.49
52.5389,12698,100,71.85
52.5563,12698,100,72.45
52.5738,12698,100,71.57
52.5912,12698,100,69.39
52.6090,12698,100,72.88
52.6269,12698,100,72.33
52.6443,12698,100,70.87
52.6622,12698,100,71.75
52.6796,12698,100,71.00
52.6970,12698,100,72.45
52.7148,12698,100,72.05
52.7325,12698,100,71.75
52.7504,12698,100,71.85
52.7679,12698,100,68.64
52.7852,12698,100,73.34
52.8026,12698,100,71.70
52.8209,12698,100,71.79
52.8383,12698,100,73.08
52.8557,12698,100,70.46
52.8735,12698,100,73.36
52.8911,12698,100,72.38
52.9093,12698,100,70.08
52.9267,12698,100,70.87
52.9450,12698,100,70.85
52.9627,12698,100,70.65
52.9810,12698,100,70.40
52.9992,12698,100,72.68
53.0166,12698,100,70.04
53.0349,12698,100,73.95
53.0530,12698,100,71.53
53.0711,12698,100,71.14
53.0885,12698,100,70.09
53.1060,12698,100,73.34
53.1235,12698,100,73.93
53.1409,12698,100,72.04
53.1588,12698,100,69.55
53.1766,12698,99,70.17
53.1945,12698,100,75.03
53.2123,12698,100,71.78
53.2300,12698,100,69.89
53.2476,12698,99,70.62
53.2650,12698,100,70.97
53.2829,12698,100,74.08
53.3007,12698,100,71.20
53.3186,12698,99,70.72
53.3367,12698,100,74.03
53.3550,12698,100,72.60
53.3727,12698,100,71.87
53.3905,12698,99,70.57
53.4082,12698,100,71.25
53.4260,12698,100,71.17
53.4440,12698,100,72.56
53.4618,12698,99,71.35
53.4799,12698,100,72.72
53.4973,12698,100,71.13
53.5152,12698,100,71.77
53.5326,12698,100,70.75
53.5504,12698,100,73.42
53.5685,12698,100,70.86
53.5864,12698,100,73.68
53.6041,12698,100,68.05
53.6215,12698,100,70.14
53.6394,12698,100,73.09
53.6571,12698,100,69.34
53.6746,12698,100,70.91
53.6926,12698,100,71.61
53.7105,12698,100,71.66
53.7282,12698,100,68.55
53.7458,12698,100,71.29
53.7635,12698,100,70.07
53.7811,12698,100,73.32
53.7988,12698,100,71.48
53.8162,12698,100,71.72
53.8341,12698,100,70.17
53.8519,12698,100,73.98
53.8698,12698,100,73.78
53.8877,12698,100,71.78
53.9052,12698,100,72.46
53.9231,12698,100,69.79
53.9406,12698,100,68.89
53.9585,12698,100,71.89
53.9762,12698,100,70.68
53.9940,12698,100,71.40
54.0115,12698,100,69.50
54.0289,12698,100,73.94
54.0472,12698,100,70.64
54.0646,12698,100,73.49
54.0820,12698,99,71.90
54.0996,12698,100,72.80
54.1170,12698,100,69.61
54.1344,12698,100,71.90
54.1522,12698,99,70.63
54.1696,12698,100,72.60
54.1875,12698,100,68.46
54.2056,12698,100,69.58
54.2231,12698,100,72.44
54.2406,12698,100,71.72
54.2580,12698,100,71.80
54.2755,12698,100,72.81
54.2930,12698,100,70.14
54.3104,12698,100,73.25
54.3278,12698,100,69.85
54.3454,12698,99,73.89
54.3629,12698,100,71.99
54.3807,12698,100,70.67
54.3983,12698,100,70.45
54.4157,12698,99,71.40
54.4332,12698,100,71.80
54.4507,12698,99,72.85
54.4682,12698,100,73.40
54.4856,12698,100,70.89
54.5030,12698,100,72.93
54.5204,12698,100,71.12
54.5379,12698,100,70.06
54.5554,12698,100,71.51
54.5728,12698,100,70.42
54.5904,12698,100,72.14
54.6079,12698,100,70.64
54.6254,12698,100,73.65
54.6429,12698,100,72.31
54.6603,12698,100,70.87
54.6778,12698,100,72.46
54.6952,12698,100,72.90
54.7126,12698,100,71.31
54.7301,12698,100,70.93
54.7478,12698,100,73.00
54.7654,12698,100,72.97
54.7828,12698,100,73.34
54.8002,12698,100,73.26
54.8177,12698,100,71.31
54.8352,12698,100,69.72
54.8526,12698,100,71.39
54.8700,12698,100,70.06
54.8876,12698,100,73.46
54.9050,12698,100,72.58
54.9224,12698,100,72.10
54.9398,12698,100,71.12
54.9572,12698,100,72.82
54.9748,12698,100,69.46
54.9922,12698,100,68.94
55.0096,12698,100,71.25
55.0272,12698,100,73.48
55.0447,12698,100,72.76
55.0621,12698,100,72.47
55.0796,12698,100,69.74
55.0971,12698,100,70.24
55.1145,12698,100,72.31
55.1321,12698,100,73.44
55.1495,12698,100,71.64
55.1669,12698,100,72.46
55.1844,12698,100,71.14
55.2019,12698,100,71.28
55.2193,12698,100,71.09
55.2368,12698,100,73.19
55.2543,12698,100,73.49
55.2717,12698,99,72.41
55.2893,12698,100,70.34
55.3067,12698,100,73.02
55.3242,12698,100,70.80
55.3416,12698,100,71.23
55.3590,12698,100,70.61
55.3764,12698,100,73.31
55.3938,12698,99,72.25
55.4114,12698,100,71.39
55.4288,12698,100,71.47
55.4463,12698,100,69.51
55.4637,12698,100,71.81
55.4812,12698,100,69.48
55.4987,12698,100,70.78
55.5162,12698,100,72.82
55.5336,12698,100,70.55
55.5511,12698,100,72.29
55.5686,12698,100,72.78
55.5863,12698,100,70.40
55.6038,12698,100,71.64
55.6212,12698,100,71.47
55.6386,12698,100,70.85
55.6562,12698,100,71.57
55.6735,12698,100,69.45
55.6911,12698,100,70.50
55.7085,12698,100,70.11
55.7259,12698,100,71.99
55.7435,12698,99,70.27
55.7609,12698,100,70.89
55.7783,12698,100,69.82
55.7959,12698,100,72.44
55.8133,12698,100,70.10
55.8311,12698,100,70.04
55.8485,12698,100,71.02
55.8659,12698,100,68.92
55.8833,12698,100,70.59
55.9009,12698,100,70.20
55.9183,12698,100,72.00
55.9358,12698,100,71.21
55.9536,12698,100,71.34
55.9714,12698,100,68.35
55.9888,12698,100,70.86
56.0062,12698,99,69.56
56.0238,12698,100,72.32
56.0415,12698,100,72.05
56.0590,12698,100,73.26
56.0765,12698,100,72.57
56.0939,12698,100,71.35
56.1114,12698,100,71.03
56.1288,12698,100,69.86
56.1462,12698,100,69.29
56.1637,12698,100,71.53
56.1811,12698,100,70.31
56.1986,12698,100,72.49
56.2164,12698,100,72.03
56.2338,12698,100,70.17
56.2514,12698,100,69.65
56.2689,12698,100,71.46
56.2862,12698,100,71.93
56.3038,12698,100,74.11
56.3211,12698,100,71.82
56.3387,12698,100,70.96
56.3562,12698,100,71.66
56.3735,12698,100,71.51
56.3910,12698,100,71.30
56.4085,12698,99,69.65
56.4259,12698,100,72.68
56.4434,12698,100,71.26
56.4608,12698,100,72.05
56.4782,12698,100,72.36
56.4957,12698,100,70.53
56.5132,12698,100,72.69
56.5307,12698,100,71.04
56.5483,12698,100,71.56
56.5657,12698,100,71.12
56.5832,12698,100,71.64
56.6007,12698,100,70.66
56.6183,12698,100,74.28
56.6358,12698,100,70.51
56.6534,12698,100,72.56
56.6708,12698,100,72.84
56.6882,12698,100,71.54
56.7058,12698,100,70.75
56.7232,12698,100,71.46
56.7407,12698,100,71.06
56.7582,12698,100,71.79
56.7755,12698,100,71.04
56.7931,12698,100,70.90
56.8105,12698,99,72.07
56.8279,12698,100,70.41
56.8453,12698,100,73.20
56.8628,12698,100,71.02
56.8801,12698,100,72.83
56.8976,12698,100,69.64
56.9151,12698,100,68.25
56.9325,12698,100,69.81
56.9500,12698,100,71.64
56.9674,12698,100,70.07
56.9850,12698,100,71.31
57.0025,12698,100,73.67
57.0199,12698,100,71.28
57.0374,12698,100,71.35
57.0548,12698,100,70.47
57.0724,12698,100,70.78
57.0898,12698,100,70.54
57.1074,12698,100,71.36
57.1251,12698,100,70.39
57.1425,12698,100,71.74
57.1599,12698,100,72.69
57.1777,12698,100,72.19
57.1951,12698,100,69.72
57.2126,12698,100,71.38
57.2300,12698,100,71.14
57.2474,12698,100,70.71
57.2650,12698,100,72.93
57.2824,12698,99,72.48
57.2999,12698,100,68.39
57.3175,12698,100,70.85
57.3349,12698,100,70.62
57.3524,12698,99,71.19
57.3698,12698,100,71.60
57.3872,12698,100,69.89
57.4047,12698,100,72.54
57.4221,12698,100,71.11
57.4396,12698,100,72.00
57.4573,12698,100,69.66
57.4749,12698,100,74.75
57.4924,12698,100,70.54
57.5098,12698,100,71.05
57.5273,12698,100,71.14
57.5447,12698,100,71.35
57.5623,12698,100,71.62
57.5797,12698,100,70.21
57.5972,12698,100,72.44
57.6150,12698,100,70.54
57.6326,12698,100,71.92
57.6500,12698,100,70.82
57.6676,12698,100,70.70
57.6850,12698,100,70.59
57.7024,12698,100,71.76
57.7199,12698,100,71.45
57.7373,12698,100,71.61
57.7548,12698,100,72.77
57.7725,12698,100,73.55
57.7899,12698,100,70.29
57.8075,12698,100,70.69
57.8249,12698,99,71.81
57.8424,12698,100,71.49
57.8598,12698,100,71.72
57.8773,12698,100,69.09
57.8947,12698,100,71.24
57.9126,12698,100,71.18
57.9300,12698,100,70.99
57.9474,12698,100,71.19
57.9649,12698,99,71.12
57.9825,12698,100,70.51
58.0001,12698,100,71.31
58.0175,12698,100,69.96
58.0349,12698,99,73.71
58.0524,12698,100,72.78
58.0697,12698,100,70.62
58.0873,12698,100,69.28
58.1050,12698,100,71.73
58.1225,12698,100,71.01
58.1399,12698,100,72.40
58.1573,12698,100,70.98
58.1748,12698,100,70.38
58.1922,12698,100,71.80
58.2097,12698,100,73.12
58.2271,12698,100,71.21
58.2449,12698,100,73.44
58.2623,12698,100,71.81
58.2799,12698,100,72.41
58.2974,12698,100,71.24
58.3148,12698,100,68.99
58.3323,12698,100,70.18
58.3498,12698,100,71.89
58.3671,12698,99,70.29
58.3847,12698,100,71.85
58.4021,12698,100,72.12
58.4196,12698,100,70.64
58.4371,12698,100,71.37
58.4546,12698,100,69.97
58.4720,12698,100,70.31
58.4894,12698,100,70.59
58.5068,12698,100,69.91
58.5243,12698,100,72.12
58.5418,12698,100,73.07
58.5592,12698,100,70.34
58.5766,12698,100,71.30
58.5941,12698,100,72.42
58.6116,12698,100,72.13
58.6291,12698,100,72.51
58.6466,12698,100,72.61
58.6645,12698,100,70.36
58.6819,12698,100,70.37
58.6994,12698,100,71.53
58.7168,12698,100,73.26
58.7342,12698,100,72.03
58.7520,12698,100,73.36
58.7695,12698,100,72.38
58.7869,12698,100,71.67
58.8045,12698,100,71.44
58.8219,12698,100,71.25
58.8394,12698,100,71.83
58.8569,12698,100,70.97
58.8743,12698,100,70.48
58.8919,12698,100,71.92
58.9093,12698,100,70.12
58.9269,12698,100,70.61
58.9444,12698,100,70.29
58.9618,12698,100,72.23
58.9792,12698,100,71.43
58.9966,12698,100,71.50
59.0142,12698,100,74.29
59.0316,12698,100,73.79
59.0490,12698,100,70.37
59.0666,12698,100,71.80
59.0840,12698,100,70.12
59.1016,12698,100,71.70
59.1190,12698,100,71.89
59.1366,12698,100,71.63
59.1540,12698,100,71.97
59.1716,12698,100,71.14
59.1889,12698,100,70.45
59.2065,12698,100,69.68
59.2239,12698,100,71.07
59.2414,12698,100,71.69
59.2589,12698,99,72.36
59.2763,12698,100,69.36
59.2939,12698,100,73.94
59.3116,12698,100,71.97
59.3291,12698,99,72.00
59.3465,12698,100,71.35
59.3640,12698,100,70.32
59.3814,12698,100,71.73
59.3990,12698,100,72.19
59.4164,12698,100,70.61
59.4338,12698,100,69.88
59.4512,12698,100,73.31
59.4691,12698,99,74.68
59.4866,12698,100,72.38
59.5040,12698,100,72.08
59.5215,12698,100,69.86
59.5389,12698,100,71.43
59.5564,12698,100,71.85
59.5738,12698,100,71.82
59.5913,12698,100,70.69
59.6088,12698,100,69.64
59.6263,12698,100,71.65
59.6441,12698,100,71.67
59.6617,12698,100,70.99
59.6792,12698,100,68.96
59.6966,12698,100,71.40
59.7140,12698,100,71.53
59.7315,12698,100,71.41
59.7490,12698,100,71.14
59.7665,12698,100,70.27
59.7839,11166,100,72.94
59.8014,10174,0,46.05
59.8188,10174,0,31.58
59.8363,10174,0,31.24
59.8537,10174,0,31.11
59.8711,10174,0,31.08
59.8885,10174,0,30.77
59.9063,10174,0,30.74
59.9245,10174,0,30.74
59.9426,10174,0,30.70
59.9611,10174,0,30.58
59.9796,11374,100,44.59
59.9971,11698,100,71.33
60.0145,11698,100,69.83
60.0320,11698,100,69.81
60.0494,12030,100,71.27
60.0669,12030,100,72.21
60.0843,12030,100,70.27
60.1018,12030,100,70.58
60.1192,12428,100,72.51
60.1368,12428,100,70.44
60.1543,12428,100,73.53
60.1717,12428,100,71.11
60.1892,12428,100,72.14
60.2066,12428,100,70.41
60.2240,12428,100,73.49
60.2417,12428,100,72.08
60.2592,12428,100,71.61
60.2766,12428,100,72.60
60.2944,12428,100,73.03
60.3118,12428,100,71.21
60.3293,12428,100,71.40
60.3467,12428,100,70.76
60.3643,12428,100,73.11
60.3817,12428,100,72.25
60.3992,12428,100,71.33
60.4166,12428,100,72.12
60.4342,12428,100,72.15
60.4516,12428,100,71.43
60.4691,12428,100,70.01
60.4865,12428,100,70.57
60.5039,12428,100,71.25
60.5213,12428,100,73.89
60.5387,12428,100,70.98
60.5561,12428,100,72.60
60.5735,12428,100,71.60
60.5910,12428,100,71.56
60.6084,12428,100,71.33
60.6260,12428,100,72.24
60.6434,12428,100,71.95
60.6608,12428,100,70.95
60.6784,12428,100,70.65
60.6961,12428,100,72.11
60.7137,12428,100,71.07
60.7312,12428,100,72.55
60.7486,12428,100,71.95
60.7660,12428,100,72.22
60.7834,12428,100,71.09
60.8009,12428,100,73.12
60.8183,12428,100,73.82
60.8357,12428,100,69.57
60.8531,12428,100,71.03
60.8705,12428,100,69.93
60.8881,12428,100,71.59
60.9054,12428,100,70.59
60.9230,12428,100,71.41
60.9404,12428,100,71.12
60.9580,12428,100,71.39
60.9754,12428,100,72.04
60.9932,12428,100,70.60
61.0107,12428,100,72.03
61.0282,12428,100,71.62
61.0457,12428,99,70.91
61.0632,12428,100,72.18
61.0806,12428,100,69.81
61.0982,12428,100,73.85
61.1157,12428,99,72.18
61.1336,12428,100,71.82
61.1511,12428,100,73.10
61.1685,12428,100,70.87
61.1864,12428,99,72.10
61.2040,12428,100,70.02
61.2214,12428,100,71.54
61.2396,12428,100,72.31
61.2575,12428,100,71.13
61.2757,12428,100,71.33
61.2934,12428,100,71.18
61.3112,12428,100,70.11
61.3286,12428,100,71.84
61.3460,12428,100,69.91
61.3636,12428,100,72.91
61.3814,12428,100,71.06
61.3988,12428,100,72.39
61.4170,12428,100,69.94
61.4344,12428,100,72.98
61.4519,12428,100,71.57
61.4697,12428,100,71.43
61.4873,12428,100,71.63
61.5051,12428,100,73.10
61.5232,12428,100,71.32
61.5406,12428,100,71.10
61.5585,12428,100,71.75
61.5763,12428,100,71.60
61.5940,12428,100,71.53
61.6118,12428,100,71.33
61.6297,12428,99,70.78
61.6475,12428,100,69.15
61.6653,12428,100,71.03
61.6834,12428,100,70.97
61.7008,12428,99,70.42
61.7186,12428,100,72.35
61.7360,12428,100,70.40
61.7536,12428,100,71.08
61.7713,12428,99,70.50
61.7888,12428,100,72.13
61.8062,12428,100,70.82
61.8242,12828,99,73.29
61.8416,12828,100,71.28
61.8594,12828,100,71.75
61.8775,12828,100,72.48
61.8950,12828,100,72.53
61.9126,12828,100,73.00
61.9300,12828,100,70.20
61.9479,12828,100,71.11
61.9654,12828,100,70.12
61.9829,12828,100,73.78
62.0007,12828,100,71.02
62.0186,12828,100,71.48
62.0367,12828,100,70.89
62.0545,12828,100,70.76
62.0724,12828,100,71.56
62.0898,12828,100,72.10
62.1075,12828,100,71.22
62.1253,12828,100,69.66
62.1427,12828,100,71.81
62.1604,12828,100,69.24
62.1785,12828,100,71.29
62.1964,12828,100,72.15
62.2142,12828,100,72.04
62.2320,12828,100,71.78
62.2498,12828,100,72.07
62.2676,12828,100,70.36
62.2854,12828,99,70.58
62.3029,12828,100,70.28
62.3203,12828,100,71.10
62.3384,12828,100,69.47
62.3563,12828,100,72.00
62.3737,12828,100,70.77
62.3916,12828,100,71.94
62.4090,12828,100,71.09
62.4272,12828,100,71.34
62.4446,12828,100,71.75
62.4627,12828,100,71.36
62.4801,12828,100,69.31
62.4976,12828,100,71.04
62.5154,12828,100,69.87
62.5335,12828,100,69.08
62.5510,12828,100,69.12
62.5684,12828,100,69.68
62.5863,12828,100,70.87
62.6037,12828,100,69.41
62.6215,12828,100,71.72
62.6392,12828,100,70.23
62.6570,12828,100,70.39
62.6748,12828,100,71.75
62.6922,12828,100,72.82
62.7101,12828,100,70.99
62.7282,12828,100,71.56
62.7459,12828,100,71.84
62.7641,12828,100,72.32
62.7822,12828,100,71.94
62.8001,12828,100,69.97
62.8178,12828,100,71.07
62.8353,12828,100,71.53
62.8527,12828,100,70.35
62.8701,12828,100,70.34
62.8879,12828,100,71.06
62.9057,12828,100,70.97
62.9239,12828,100,71.46
62.9416,12828,100,70.46
62.9598,12828,100,72.31
62.9781,12828,100,72.43
62.9962,12828,100,72.31
63.0138,12828,100,71.28
63.0318,12828,100,73.20
63.0500,12828,100,71.72
63.0679,12828,100,70.01
63.0861,12828,100,70.92
63.1038,12828,100,73.04
63.1220,12828,100,72.38
63.1395,12828,100,72.78
63.1569,12828,100,72.74
63.1751,12828,100,71.33
63.1930,12828,100,72.36
63.2108,12828,100,72.86
63.2289,12828,100,70.77
63.2464,12828,100,70.14
63.2644,12828,100,70.26
63.2822,12828,100,71.07
63.2996,12828,100,71.23
63.3175,12828,100,70.61
63.3357,12828,100,72.02
63.3532,12828,100,70.10
63.3713,12828,100,71.00
63.3896,12828,100,72.27
63.4073,12828,99,71.14
63.4247,12828,100,71.85
63.4429,12828,100,71.75
63.4607,12828,100,72.25
63.4781,12828,100,70.85
63.4957,12828,100,70.34
63.5134,12828,100,69.74
63.5313,12828,100,72.13
63.5490,12828,100,70.24
63.5668,12828,100,69.58
63.5846,12828,100,72.47
63.6020,12828,100,70.49
63.6201,12828,100,72.46
63.6381,12828,100,70.89
63.6556,12828,100,71.89
63.6731,12828,100,71.34
63.6913,12828,100,73.27
63.7091,12828,100,72.73
63.7269,12828,100,70.31
63.7451,12828,100,71.41
63.7626,12828,100,69.60
63.7807,12828,100,71.76
63.7986,12828,100,72.11
63.8163,12828,100,69.94
63.8341,12828,100,71.53
63.8514,12828,100,69.60
63.8690,12828,100,70.65
63.8867,12828,100,68.92
63.9045,12828,100,72.91
63.9224,12828,100,71.07
63.9397,12828,100,70.17
63.9575,12828,100,70.64
63.9757,12828,100,69.71
63.9932,12828,100,70.03
64.0111,12828,100,70.87
64.0285,12828,100,71.71
64.0466,12828,100,71.44
64.0646,12828,100,69.93
64.0822,12828,100,71.21
64.0996,12828,100,70.88
64.1175,12828,100,72.78
64.1352,12828,100,70.28
64.1533,12828,100,71.83
64.1714,12828,100,70.74
64.1888,12828,100,70.92
64.2066,12828,100,71.34
64.2245,12828,100,70.04
64.2419,12828,100,73.13
64.2595,12828,100,73.03
64.2769,12828,100,72.11
64.2943,12828,100,69.73
64.3121,12828,99,71.19
64.3298,12828,100,70.18
64.3474,12828,100,71.27
64.3648,12828,100,70.04
64.3822,12828,99,71.25
64.3996,12828,100,72.07
64.4171,12828,100,71.28
64.4345,12828,100,71.67
64.4519,12828,100,72.43
64.4693,12828,100,70.69
64.4868,12828,100,72.09
64.5042,12828,100,71.90
64.5217,12828,100,70.92
64.5395,12828,100,71.45
64.5569,12828,100,72.07
64.5745,12828,100,72.58
64.5922,12828,100,71.33
64.6097,12828,100,71.21
64.6271,12828,100,71.59
64.6445,12828,100,71.67
64.6624,12828,100,72.18
64.6801,12828,100,71.86
64.6977,12828,100,70.01
64.7151,12828,100,72.78
64.7326,12828,100,70.75
64.7501,12828,100,71.53
64.7675,12828,100,69.63
64.7852,12828,100,71.46
64.8028,12828,100,70.11
64.8205,12828,100,71.64
64.8383,12828,100,73.40
64.8558,12828,100,70.42
64.8732,12828,100,72.00
64.8908,12828,100,72.16
64.9081,12828,100,71.94
64.9260,12828,100,72.79
64.9434,12828,100,71.93
64.9608,12828,100,71.45
64.9782,12828,100,70.70
64.9957,12828,100,70.67
65.0132,12828,100,71.18
65.0306,12828,99,71.53
65.0481,12828,100,72.16
65.0655,12828,100,70.84
65.0830,12828,100,70.93
65.1004,12828,100,72.01
65.1183,12828,100,70.19
65.1357,12828,100,69.74
65.1533,12828,100,70.03
65.1707,12828,99,69.30
65.1882,12828,100,71.21
65.2060,12828,100,71.16
65.2234,12828,100,71.54
65.2408,12828,100,70.80
65.2582,12828,100,72.18
65.2758,12828,100,72.22
65.2937,12828,100,72.50
65.3111,12828,99,72.90
65.3285,12828,100,71.43
65.3463,12828,100,71.86
65.3641,12828,99,71.53
65.3820,12828,100,71.76
65.3993,12828,100,70.84
65.4167,12828,100,70.84
65.4344,12828,100,71.08
65.4520,12828,100,72.23
65.4694,12828,100,70.66
65.4869,12828,100,71.11
65.5047,12828,100,73.23
65.5224,12828,100,71.32
65.5403,12828,100,71.54
65.5577,12828,100,71.63
65.5751,12828,100,70.31
65.5925,12828,100,70.38
65.6100,12828,100,72.56
65.6278,12828,100,72.65
65.6455,12828,100,72.12
65.6630,12828,100,70.95
65.6805,12828,100,70.69
65.6979,12828,100,70.48
65.7155,12828,100,72.45
65.7330,12828,100,71.52
65.7505,12828,99,73.98
65.7679,12828,100,71.80
65.7854,12828,100,71.42
65.8027,12828,100,70.93
65.8203,12828,100,71.66
65.8377,12828,100,71.51
65.8551,12828,100,71.07
65.8726,12828,100,70.33
65.8900,12828,100,70.96
65.9075,12828,100,70.57
65.9252,12828,100,69.47
65.9426,12828,100,71.51
65.9604,12828,100,71.08
65.9778,12828,100,71.39
65.9952,12828,100,72.12
66.0127,12828,100,71.05
66.0301,12828,100,71.92
66.0476,12828,100,71.97
66.0650,12828,100,70.96
66.0827,12828,100,70.68
66.1006,12828,100,70.52
66.1180,12828,100,70.94
66.1355,12828,100,71.80
66.1533,12828,100,72.75
66.1707,12828,100,72.06
66.1881,12828,100,72.79
66.2056,12828,100,70.70
66.2234,12828,100,70.92
66.2409,12828,100,71.86
66.2582,12828,100,70.95
66.2757,12828,100,70.42
66.2932,12828,100,70.86
66.3106,12828,100,70.58
66.3281,12828,100,73.91
66.3458,12828,100,70.82
66.3634,12828,100,71.82
66.3807,12828,100,71.43
66.3982,12828,100,72.20
66.4156,12828,100,70.02
66.4330,12828,100,72.17
66.4506,12828,100,69.90
66.4684,12828,99,71.01
66.4858,12828,100,70.18
66.5034,12828,100,71.50
66.5208,12828,100,72.86
66.5385,12828,99,71.39
66.5559,12828,100,72.04
66.5733,12828,100,71.29
66.5912,12828,100,69.80
66.6087,12828,100,71.17
66.6264,12828,100,70.52
66.6438,12828,100,71.26
66.6614,12828,100,71.04
66.6788,12828,100,72.30
66.6962,12828,100,71.19
66.7137,12828,100,71.72
66.7312,12828,100,71.15
66.7488,12828,100,73.18
66.7662,12828,100,72.32
66.7836,12828,100,71.51
66.8009,12828,100,72.42
66.8184,12828,100,70.03
66.8358,12828,100,70.85
66.8532,12828,100,71.07
66.8708,12828,100,71.14
66.8885,12828,100,70.92
66.9059,12828,100,70.79
66.9234,12828,100,72.29
66.9408,12828,100,71.61
66.9583,12828,100,72.84
66.9758,12828,100,72.90
66.9931,12828,100,71.06
67.0106,12828,100,72.13
67.0281,12828,100,70.21
67.0454,12828,100,70.89
67.0630,12828,100,72.80
67.0804,12828,100,71.27
67.0978,12828,100,71.21
67.1153,12828,100,70.63
67.1327,12828,100,70.13
67.1502,12828,100,70.91
67.1679,12828,100,72.64
67.1853,12828,100,71.70
67.2029,12828,100,71.73
67.2202,12828,100,72.05
67.2378,12828,100,71.66
67.2551,12828,100,71.46
67.2727,12828,100,70.72
67.2904,12828,100,70.17
67.3079,12828,100,72.04
67.3252,12828,100,71.64
67.3430,12828,100,72.58
67.3606,12828,100,71.92
67.3779,12828,100,72.34
67.3954,12828,100,71.34
67.4128,12828,100,71.72
67.4302,12828,100,70.37
67.4478,12828,100,72.31
67.4652,12828,100,71.45
67.4829,12828,100,71.68
67.5005,12828,100,71.66
67.5179,12828,100,71.34
67.5355,12828,100,71.93
67.5532,12828,100,71.42
67.5707,12828,100,72.41
67.5881,12828,100,70.79
67.6056,12828,100,71.71
67.6230,12828,100,71.66
67.6405,12828,100,69.65
67.6579,12828,100,70.39
67.6753,12828,100,71.41
67.6929,12828,99,73.76
67.7103,12828,100,71.58
67.7277,12828,100,70.57
67.7451,12828,100,72.04
67.7627,12828,100,70.44
67.7801,12828,100,71.68
67.7974,12828,100,71.51
67.8153,12828,100,69.58
67.8327,12828,100,71.75
67.8505,12828,100,71.83
67.8679,12828,100,70.38
67.8853,12828,100,70.55
67.9027,12828,100,72.72
67.9203,12828,100,70.17
67.9379,12828,100,72.66
67.9553,12828,100,71.44
67.9728,12828,100,71.83
67.9902,12828,100,71.36
68.0078,12828,100,72.03
68.0252,12828,100,71.86
68.0427,12828,100,69.86
68.0600,12828,100,71.05
68.0775,12828,100,71.19
68.0949,12828,100,70.78
68.1124,12828,100,71.72
68.1300,12828,100,72.50
68.1474,12828,100,70.36
68.1649,12828,100,71.17
68.1823,12828,100,71.35
68.1998,12828,100,70.34
68.2172,12828,100,69.71
68.2346,12828,100,71.08
68.2520,12828,100,71.53
68.2695,12828,99,71.85
68.2870,12828,100,71.17
68.3044,12828,100,72.34
68.3219,12828,100,71.08
68.3394,12828,100,70.93
68.3568,12828,100,71.48
68.3743,12828,100,72.81
68.3918,12828,100,72.94
68.4093,12828,99,72.90
68.4267,12828,100,70.87
68.4442,12828,100,71.82
68.4616,12828,100,70.12
68.4791,12828,100,71.36
68.4966,12828,100,71.52
68.5141,12828,100,70.52
68.5316,12828,100,71.77
68.5490,12828,99,71.16
68.5665,12828,100,71.68
68.5839,12828,100,71.64
68.6016,12828,100,70.38
68.6192,12828,100,71.82
68.6366,12828,100,72.04
68.6541,12828,100,71.36
68.6715,12828,100,71.75
68.6890,12828,100,71.89
68.7065,12828,100,72.55
68.7239,12828,100,71.94
68.7415,12828,100,71.74
68.7593,12828,100,70.58
68.7768,12828,100,71.11
68.7941,12828,100,70.03
68.8116,12828,100,71.75
68.8290,12828,100,71.97
68.8464,12828,100,70.81
68.8639,12828,100,70.85
68.8814,12828,100,71.94
68.8989,12828,100,70.67
68.9163,12828,100,72.71
68.9338,12828,100,71.28
68.9513,12828,100,70.39
68.9687,12828,100,71.37
68.9861,12828,100,71.13
69.0037,12828,100,70.25
69.0211,12828,100,70.91
69.0385,12828,100,71.32
69.0560,12828,100,72.24
69.0734,12828,100,70.96
69.0910,12828,100,73.14
69.1087,12828,100,71.32
69.1261,12828,100,71.84
69.1436,12828,100,71.08
69.1610,12828,100,72.27
69.1786,12828,100,70.32
69.1963,12828,100,70.61
69.2139,12828,100,70.64
69.2313,12828,100,70.48
69.2488,12828,100,71.85
69.2664,12828,100,71.07
69.2838,12828,100,72.09
69.3014,12828,100,71.78
69.3188,12828,100,69.23
69.3363,12828,100,71.06
69.3538,12828,100,70.12
69.3713,12828,100,71.39
69.3887,12828,100,70.61
69.4061,12828,100,72.50
69.4235,12828,100,71.24
69.4410,12828,100,70.11
69.4584,12828,100,72.80
69.4759,12828,100,70.50
69.4933,12828,99,71.30
69.5107,12828,100,72.20
69.5282,12828,100,72.73
69.5456,12828,100,71.31
69.5631,12828,99,72.09
69.5807,12828,100,70.51
69.5981,12828,100,72.09
69.6155,12828,100,72.92
69.6330,12828,100,72.24
69.6505,12828,100,71.23
69.6680,12828,100,70.68
69.6855,12828,100,72.11
69.7029,12828,100,71.49
69.7205,12828,100,71.84
69.7382,12828,100,71.36
69.7557,12828,100,72.21
69.7733,12828,100,70.74
69.7908,12828,99,71.65
69.8083,12828,100,72.18
69.8257,12828,100,70.75
69.8432,12828,100,72.07
69.8606,12828,100,71.97
69.8781,12828,100,70.25
69.8956,12828,100,72.57
69.9131,12828,100,73.23
69.9304,12828,99,70.96
69.9479,12828,100,70.72
69.9654,12828,100,72.17
69.9828,12828,100,70.17
70.0003,12828,100,70.79
70.0177,12828,100,72.39
70.0351,12828,100,72.15
70.0527,12828,100,70.63
70.0702,12828,99,71.93
70.0876,12828,100,72.61
70.1050,12828,100,70.06
70.1225,12828,100,72.88
70.1400,12828,100,69.85
70.1574,12828,100,70.92
70.1750,12828,100,71.29
70.1924,12828,100,68.58
70.2099,12828,100,71.82
70.2273,12828,100,71.79
70.2448,12828,100,71.99
70.2623,12828,100,71.85
70.2797,12828,100,70.41
70.2972,12828,100,72.00
70.3146,12828,100,70.43
70.3322,12828,100,72.11
70.3496,12828,100,71.40
70.3673,12828,100,71.86
70.3847,12828,100,71.60
70.4022,12828,100,70.02
70.4196,12828,100,70.93
70.4370,12828,100,70.61
70.4544,12828,100,71.38
70.4717,12828,100,70.15
70.4892,12828,100,70.82
70.5067,12828,99,71.85
70.5241,12828,100,71.49
70.5418,12828,100,70.37
70.5593,12828,100,71.07
70.5767,12828,99,69.89
70.5941,12828,100,72.01
70.6115,12828,100,71.08
70.6289,12828,100,71.43
70.6464,12828,100,70.21
70.6638,12828,100,71.63
70.6813,12828,100,70.92
70.6987,12828,100,71.67
70.7163,12828,100,71.11
70.7337,12828,100,70.14
70.7512,12828,100,70.25
70.7686,12828,100,72.48
70.7861,12828,100,72.23
70.8036,12828,100,70.81
70.8210,12828,100,71.38
70.8386,12828,100,71.99
70.8560,12828,100,70.90
70.8738,12828,100,71.94
70.8912,12828,100,70.58
70.9086,12828,100,71.27
70.9264,12828,100,70.14
70.9438,12828,99,69.96
70.9613,12828,100,71.49
70.9787,12828,100,71.94
70.9962,12828,100,71.55
71.0140,12828,100,71.31
71.0314,12828,100,72.18
71.0496,12828,100,71.12
71.0674,12828,100,71.56
71.0849,12828,100,70.69
71.1026,12828,100,70.91
71.1208,12828,100,71.59
71.1383,12828,100,69.36
71.1560,12828,100,70.81
71.1738,12828,99,70.27
71.1914,12828,100,70.93
71.2094,12828,100,72.68
71.2268,12828,100,71.58
71.2443,12828,100,70.47
71.2626,12828,99,71.32
71.2804,12828,100,71.29
71.2982,12828,100,69.29
71.3159,12828,100,71.61
71.3334,12828,99,70.52
71.3512,12828,100,72.01
71.3686,12828,100,70.36
71.3861,12828,100,71.77
71.4038,12828,100,70.76
71.4219,12828,100,71.67
71.4394,12828,100,72.76
71.4571,12828,100,71.79
71.4749,12828,100,71.59
71.4923,12828,100,70.79
71.5103,12828,100,71.19
71.5278,12828,100,71.06
71.5452,12828,100,70.76
71.5630,10458,99,70.81
71.5807,10174,99,68.21
71.5985,10174,0,31.63
71.6165,10174,0,31.17
71.6346,10174,0,31.19
71.6523,10174,0,31.19
71.6698,10174,0,31.04
71.6875,10174,0,30.97
71.7055,10174,0,30.97
71.7235,10174,0,31.01
71.7418,10174,0,30.81
71.7601,10174,0,30.79
