Time_Minutes,Memory_Used_MiB,GPU_Utilization_Pct,Power_Watts
0.0000,23,0,16.26
0.0183,23,0,16.25
0.0357,23,0,16.25
0.0532,25,0,16.29
0.0703,388,3,22.62
0.0877,540,0,27.52
0.1055,664,0,27.57
0.1228,816,0,27.54
0.1402,968,0,27.62
0.1577,1120,3,27.62
0.1754,1272,3,27.62
0.1928,1376,0,27.63
0.2102,1528,0,27.70
0.2276,1680,0,27.68
0.2450,1832,3,27.72
0.2624,1984,3,27.79
0.2798,2136,0,27.73
0.2972,2260,0,27.71
0.3147,2440,3,27.68
0.3325,2564,0,27.71
0.3499,2716,0,27.73
0.3673,2868,0,27.74
0.3847,3020,0,27.78
0.4021,3172,0,27.83
0.4195,3324,3,27.71
0.4372,3476,3,27.85
0.4547,3628,0,27.74
0.4724,3780,0,27.80
0.4901,3932,0,27.81
0.5080,4036,0,27.80
0.5253,4188,0,27.80
0.5427,4340,3,27.79
0.5605,4492,3,27.84
0.5782,4644,0,27.84
0.5956,4796,0,27.85
0.6135,4920,0,27.86
0.6310,5072,0,27.81
0.6483,5224,0,27.88
0.6657,5376,3,27.87
0.6835,5528,3,27.90
0.7009,5632,0,27.87
0.7183,5784,3,27.88
0.7357,5936,3,27.88
0.7531,6088,0,27.83
0.7705,6212,0,27.96
0.7879,6316,0,27.89
0.8053,6468,3,27.95
0.8232,6592,0,27.86
0.8413,6696,0,27.90
0.8591,6820,0,27.94
0.8764,6972,3,27.89
0.8942,7076,3,27.96
0.9120,7200,0,27.97
0.9297,7304,0,27.89
0.9471,7428,0,27.97
0.9646,7580,3,27.92
0.9827,7684,3,27.92
1.0004,7808,0,28.03
1.0180,7912,0,27.98
1.0355,8036,0,28.05
1.0532,8188,3,27.98
1.0706,8292,0,28.02
1.0885,8416,0,28.02
1.1059,8520,0,27.94
1.1237,8644,0,28.14
1.1411,8748,0,28.04
1.1585,8900,0,28.05
1.1764,9024,3,27.99
1.1942,9128,3,28.03
1.2120,9252,0,28.02
1.2297,9356,0,28.02
1.2471,9480,0,28.05
1.2645,9632,0,27.99
1.2820,9736,3,28.16
1.2994,9860,0,28.01
1.3172,9964,0,28.03
1.3346,10088,0,28.04
1.3520,10192,0,28.09
1.3701,10344,0,28.03
1.3877,10468,0,28.61
1.4052,10572,3,28.13
1.4231,10696,3,28.03
1.4412,10800,0,28.02
1.4593,10952,3,28.03
1.4775,11076,0,28.16
1.4956,11180,0,28.06
1.5130,11304,0,28.05
1.5311,11408,0,28.09
1.5485,11560,3,28.15
1.5668,11684,0,28.14
1.5842,11788,0,28.06
1.6017,11912,0,28.11
1.6190,12064,3,28.09
1.6373,12168,3,28.09
1.6547,12294,0,28.14
1.6722,12294,0,28.11
1.6899,12294,0,27.85
1.7074,12294,0,27.84
1.7251,12296,0,27.95
1.7432,13274,9,36.99
1.7610,13634,100,61.37
1.7784,13634,100,66.97
1.7958,13634,100,61.66
1.8132,13634,100,64.91
1.8306,13634,100,65.76
1.8483,13634,100,64.93
1.8658,13634,100,64.16
1.8832,13634,100,68.64
1.9006,13634,100,64.41
1.9181,13634,100,63.18
1.9356,13634,100,63.74
1.9530,13634,100,63.96
1.9704,13824,100,66.50
1.9878,13824,100,64.56
2.0058,13824,100,63.18
2.0232,13824,100,64.27
2.0410,13824,100,65.70
2.0584,13824,100,66.11
2.0761,13824,99,63.64
2.0938,13824,100,65.78
2.1113,13824,100,65.99
2.1290,13824,100,67.93
2.1464,13824,100,63.79
2.1638,13824,100,64.62
2.1812,13824,100,67.07
2.1989,13824,100,67.94
2.2163,13824,100,64.78
2.2337,13824,100,66.76
2.2514,13824,100,68.64
2.2688,13824,100,66.56
2.2863,13824,99,73.95
2.3039,13824,100,70.84
2.3213,13824,100,74.21
2.3386,13824,100,64.41
2.3561,13824,100,67.23
2.3734,13824,100,62.16
2.3909,13824,100,65.92
2.4082,13824,100,61.80
2.4256,13824,99,61.88
2.4429,13824,100,63.92
2.4610,13824,100,63.46
2.4784,13824,100,61.13
2.4958,14016,100,62.60
2.5135,14016,100,63.89
2.5312,14016,100,61.98
2.5486,14016,100,61.12
2.5660,14016,100,69.95
2.5835,14016,100,65.84
2.6008,14016,100,73.09
2.6183,14016,100,69.08
2.6360,14016,100,71.36
2.6534,14016,99,69.00
2.6708,14016,100,64.46
2.6887,14016,100,69.11
2.7064,14016,100,68.30
2.7241,14016,100,72.51
2.7418,14016,100,65.35
2.7593,14016,100,67.24
2.7767,14016,100,69.75
2.7941,14016,100,65.58
2.8122,14016,100,69.45
2.8303,14016,100,65.81
2.8477,14016,100,74.03
2.8651,14016,100,66.33
2.8825,14016,100,67.59
2.8999,14016,100,70.10
2.9173,14016,100,68.39
2.9347,14016,100,66.55
2.9521,14016,100,68.20
2.9698,14016,100,70.72
2.9876,14016,100,67.84
3.0050,14016,100,68.28
3.0224,14016,99,68.72
3.0399,14016,100,68.88
3.0573,14016,100,69.40
3.0748,14016,100,68.58
3.0922,14016,100,69.57
3.1096,14016,100,67.44
3.1271,14016,100,66.00
3.1445,14016,100,69.97
3.1618,14016,100,67.23
3.1793,14016,100,69.59
3.1967,14016,99,69.84
3.2141,14016,100,68.45
3.2315,14016,100,69.09
3.2495,14016,100,67.59
3.2674,14016,100,67.83
3.2847,14016,100,67.19
3.3021,14016,100,66.86
3.3199,14212,99,66.57
3.3373,14212,100,68.35
3.3550,14212,100,68.50
3.3727,14212,100,67.29
3.3904,14212,100,70.43
3.4086,14212,100,69.08
3.4259,14212,100,67.65
3.4433,14212,100,68.82
3.4610,14212,100,71.27
3.4792,14212,99,67.52
3.4966,14212,100,68.24
3.5143,14212,100,68.52
3.5321,14212,100,68.06
3.5498,14212,100,68.38
3.5678,14212,100,70.16
3.5853,14410,99,68.84
3.6033,14410,100,69.61
3.6207,14410,100,68.63
3.6385,14410,100,69.59
3.6560,13532,100,62.12
3.6738,13706,100,66.37
3.6919,14074,100,69.02
3.7093,14074,100,67.63
3.7270,14074,100,69.31
3.7445,14074,100,68.69
3.7619,14268,100,73.73
3.7798,14268,100,68.72
3.7975,14268,100,69.85
3.8153,14268,100,66.96
3.8334,14268,100,68.43
3.8507,14268,100,70.62
3.8682,14268,100,69.93
3.8857,14268,100,68.78
3.9034,14268,100,67.13
3.9211,13362,100,67.60
3.9391,13904,100,68.71
3.9566,13904,100,72.41
3.9743,13904,100,68.62
3.9924,13904,100,69.67
4.0105,13904,100,67.81
4.0283,13904,100,67.82
4.0457,13904,100,67.67
4.0632,13904,100,70.76
4.0809,13904,100,67.81
4.0986,13904,100,68.33
4.1161,13904,100,68.44
4.1335,13904,100,71.31
4.1515,13904,100,71.36
4.1689,13904,100,66.76
4.1867,13598,99,68.76
4.2048,13598,100,66.50
4.2223,13598,100,68.47
4.2397,13598,100,69.14
4.2574,13598,100,71.20
4.2755,13598,100,67.10
4.2936,13598,100,70.13
4.3114,13598,100,69.14
4.3292,13800,100,72.93
4.3466,13800,100,68.20
4.3640,13800,100,70.19
4.3814,13800,100,68.99
4.3991,14004,100,67.30
4.4169,14004,100,68.83
4.4343,14004,100,68.69
4.4521,13434,100,68.80
4.4698,13638,100,69.20
4.4875,13638,100,67.41
4.5051,13638,100,69.14
4.5226,13638,100,70.82
4.5400,13638,100,68.06
4.5577,13638,100,66.95
4.5752,13638,100,70.09
4.5929,13638,100,70.15
4.6103,13848,100,68.21
4.6277,13848,100,70.29
4.6452,13848,100,67.97
4.6630,13848,100,68.86
4.6804,13848,99,72.03
4.6985,13848,100,70.29
4.7163,13610,99,71.14
4.7345,13816,99,70.07
4.7519,14032,100,69.13
4.7693,14032,100,66.68
4.7874,14032,99,67.65
4.8055,14032,100,71.90
4.8229,14032,100,68.42
4.8410,14032,100,66.74
4.8591,14032,100,69.77
4.8769,14032,100,71.30
4.8946,14032,100,69.05
4.9120,14032,100,69.77
4.9298,14032,100,69.71
4.9473,14032,99,69.58
4.9647,14032,100,67.87
4.9823,13672,100,70.58
4.9997,13672,100,68.98
5.0171,13672,100,69.93
5.0345,14084,100,68.12
5.0523,14084,100,70.82
5.0704,14084,100,69.07
5.0878,14084,100,68.01
5.1059,14084,100,68.42
5.1240,14084,99,67.73
5.1417,14084,100,70.40
5.1591,14084,100,68.84
5.1765,14084,100,68.37
5.1943,14296,100,71.28
5.2117,14296,100,68.39
5.2292,13686,100,72.44
5.2466,13688,100,71.74
5.2644,13910,100,70.51
5.2821,13910,100,68.32
5.2995,14134,100,69.18
5.3169,14362,100,69.16
5.3350,14362,100,69.51
5.3524,14362,100,69.89
5.3702,14362,100,70.33
5.3880,14362,100,70.48
5.4054,14362,99,69.53
5.4229,14362,100,69.18
5.4403,14362,100,70.17
5.4583,14362,100,71.82
5.4765,14362,100,68.04
5.4939,13678,100,67.11
5.5113,13678,100,70.47
5.5291,13678,100,71.55
5.5468,13678,100,67.60
5.5643,13678,100,68.88
5.5820,13898,100,69.59
5.5994,13898,100,70.52
5.6168,13898,100,66.54
5.6343,13898,100,68.38
5.6517,13898,100,69.95
5.6691,13898,100,69.65
5.6865,13898,100,72.07
5.7039,13898,100,66.91
5.7213,13898,100,69.55
5.7391,13124,100,68.52
5.7572,14400,100,69.86
5.7747,14400,100,70.36
5.7921,14400,99,69.32
5.8098,14622,99,68.92
5.8272,14622,100,68.44
5.8447,14622,100,67.30
5.8622,14622,100,70.34
5.8799,14622,100,66.78
5.8973,14622,100,71.13
5.9147,14622,100,72.41
5.9321,14622,100,70.87
5.9495,14622,100,71.71
5.9674,14622,100,70.24
5.9848,14622,100,69.57
6.0028,14020,99,70.69
6.0210,14020,100,73.55
6.0384,14020,100,67.64
6.0563,14020,100,69.32
6.0745,14020,99,68.66
6.0920,14020,100,71.35
6.1101,14020,100,68.79
6.1276,14020,100,67.56
6.1451,14020,100,69.66
6.1628,14020,100,71.55
6.1809,14020,100,72.28
6.1991,14020,99,69.62
6.2172,14020,100,68.39
6.2347,14020,100,69.03
6.2522,13662,97,69.29
6.2695,14102,100,69.30
6.2869,14554,100,68.65
6.3044,14554,100,69.65
6.3225,14554,100,70.83
6.3400,14554,100,71.57
6.3577,14554,100,67.90
6.3751,14794,100,68.44
6.3928,15292,99,67.64
6.4105,15292,100,71.81
6.4279,15292,100,69.27
6.4460,15292,100,71.02
6.4634,15292,100,68.59
6.4808,15292,99,69.60
6.4985,15292,100,70.42
6.5160,14142,100,72.24
6.5338,14142,100,72.63
6.5511,14390,99,70.34
6.5685,14390,100,70.38
6.5859,14390,100,68.53
6.6037,14390,100,70.55
6.6217,14390,100,70.81
6.6392,14390,100,67.39
6.6566,14390,100,68.55
6.6741,14390,100,69.45
6.6915,14390,100,69.35
6.7095,14390,100,66.71
6.7272,14390,100,69.10
6.7453,14390,100,73.39
6.7627,13754,97,70.02
6.7805,13982,100,70.66
6.7979,14220,100,68.39
6.8157,14220,99,69.27
6.8332,14220,100,73.52
6.8510,14220,100,70.35
6.8685,14220,100,66.20
6.8859,14460,100,69.13
6.9033,14718,100,70.21
6.9211,14718,100,72.25
6.9386,14718,100,68.94
6.9559,14718,100,72.15
6.9733,14718,100,70.90
6.9910,14718,100,72.09
7.0084,14718,100,69.48
7.0258,13776,100,71.21
7.0436,13776,100,67.67
7.0614,14024,100,69.67
7.0792,14024,100,71.15
7.0971,14024,99,68.84
7.1145,14024,100,67.44
7.1319,14024,100,69.57
7.1493,14276,100,70.38
7.1673,14276,100,69.00
7.1848,14276,100,70.33
7.2026,14536,100,71.11
7.2203,14536,100,69.34
7.2378,14536,100,68.31
7.2555,14536,100,70.76
7.2737,14536,100,69.85
7.2912,14248,100,69.46
7.3086,14498,100,72.30
7.3260,14760,99,68.88
7.3440,14760,100,69.13
7.3618,14760,100,68.37
7.3800,14760,100,69.88
7.3978,14760,100,68.60
7.4159,14760,100,66.53
7.4339,14760,100,68.10
7.4520,14760,100,68.40
7.4694,14760,100,71.97
7.4872,15032,100,69.04
7.5047,15032,100,68.55
7.5221,15032,100,71.76
7.5395,14078,100,68.18
7.5569,14612,100,70.46
7.5744,14612,100,72.91
7.5925,14612,100,70.96
7.6099,14612,100,68.18
7.6280,14612,100,71.46
7.6454,14612,100,67.44
7.6635,14612,100,68.55
7.6810,14612,100,71.55
7.6988,14612,100,67.81
7.7162,14612,100,70.16
7.7339,14612,100,70.41
7.7520,14612,100,70.39
7.7693,14612,100,70.62
7.7874,13892,97,67.81
7.8052,14152,100,71.01
7.8230,14152,100,71.10
7.8404,14442,99,71.04
7.8582,14442,100,70.50
7.8756,14442,100,68.41
7.8936,14442,100,69.31
7.9113,14442,100,70.91
7.9287,14442,100,72.46
7.9462,14442,100,68.99
7.9642,14442,100,71.75
7.9816,14442,100,69.86
7.9990,14442,100,70.96
8.0167,14442,100,70.82
8.0344,14442,100,69.65
8.0525,14296,99,66.67
8.0699,15068,99,68.95
8.0881,15068,100,70.90
8.1059,15604,100,69.56
8.1237,15604,99,69.76
8.1411,15604,100,69.50
8.1588,15604,100,69.33
8.1762,15604,100,70.26
8.1936,15604,100,71.10
8.2111,15882,100,72.07
8.2284,15882,100,69.32
8.2459,15882,100,67.31
8.2633,15882,100,67.76
8.2807,15882,100,69.83
8.2981,15882,100,69.45
8.3155,14470,100,66.59
8.3328,14726,100,69.11
8.3503,14990,100,69.84
8.3677,15528,100,71.18
8.3854,15814,100,70.24
8.4032,15814,100,68.36
8.4211,15814,100,69.86
8.4384,15814,100,70.66
8.4562,15814,99,70.74
8.4739,15814,100,69.11
8.4920,15814,100,68.85
8.5097,15814,100,69.57
8.5272,15814,100,70.06
8.5447,15814,100,66.61
8.5624,14160,99,68.37
8.5801,14446,100,68.46
8.5975,14446,100,71.84
8.6150,14446,100,69.87
8.6325,14736,100,70.96
8.6499,14736,100,70.46
8.6680,14736,100,71.50
8.6857,14736,100,69.43
8.7034,14736,100,72.41
8.7209,14736,100,69.63
8.7384,14736,100,68.02
8.7559,14736,100,71.08
8.7733,14736,100,70.74
8.7907,14736,99,69.61
8.8081,14736,100,69.68
8.8256,14700,100,69.78
8.8429,14988,99,69.81
8.8607,14988,100,68.70
8.8782,14988,100,71.05
8.8957,14988,99,70.28
8.9131,14988,100,70.64
8.9308,14988,100,70.46
8.9483,14988,99,68.67
8.9658,14988,100,71.29
8.9832,14988,100,70.21
9.0007,14988,100,69.72
9.0181,15284,100,69.71
9.0355,15284,100,68.31
9.0528,15284,100,69.19
9.0703,15284,100,72.19
9.0877,14630,100,66.79
9.1051,14950,100,70.78
9.1228,14950,100,71.83
9.1403,14950,100,71.93
9.1578,14950,100,70.44
9.1753,14950,100,70.06
9.1927,14950,100,69.69
9.2101,14950,100,71.56
9.2276,14950,100,69.71
9.2450,14950,100,70.77
9.2624,14950,100,71.35
9.2799,14950,100,70.18
9.2973,14950,100,69.70
9.3146,14950,100,69.87
9.3320,14950,100,71.08
9.3496,14734,99,71.84
9.3669,15038,100,69.12
9.3842,15038,100,69.85
9.4017,15038,100,70.83
9.4191,15038,100,67.75
9.4364,15038,100,70.14
9.4538,15038,100,70.69
9.4712,15038,100,70.44
9.4888,15038,100,70.22
9.5062,15038,100,71.00
9.5237,15038,100,70.46
9.5414,15038,100,70.71
9.5589,15038,100,71.17
9.5763,15038,100,70.02
9.5937,13736,98,68.29
9.6112,14898,100,68.81
9.6286,14900,100,71.47
9.6461,15212,100,69.65
9.6638,15542,100,71.07
9.6817,15542,100,69.02
9.6991,15542,99,70.47
9.7166,15542,100,68.31
9.7344,15542,100,71.50
9.7519,15542,100,68.01
9.7693,15542,100,71.19
9.7871,15542,100,70.31
9.8046,15542,99,69.14
9.8219,15542,100,69.85
9.8393,15542,100,69.43
9.8567,14212,97,70.98
9.8742,14214,100,71.61
9.8919,14824,99,72.00
9.9093,15160,100,71.91
9.9267,15160,100,74.79
9.9442,15160,100,66.79
9.9616,15160,100,69.31
9.9790,15160,100,67.68
9.9965,15500,100,72.71
10.0142,15500,100,65.29
10.0316,15842,100,67.50
10.0491,15842,100,70.47
10.0664,15842,100,76.20
10.0843,16194,100,73.31
10.1017,16194,100,70.35
10.1190,16194,99,70.29
10.1365,16550,100,69.24
10.1545,16550,99,72.44
10.1723,16934,100,74.06
10.1897,13882,100,76.03
10.2071,14950,100,68.30
10.2245,14950,100,71.74
10.2422,14950,100,67.97
10.2597,15292,100,70.22
10.2771,15292,100,65.24
10.2945,15292,100,71.07
10.3122,15292,100,68.98
10.3296,15292,100,64.63
10.3473,15292,100,71.43
10.3647,15292,100,71.07
10.3821,15292,100,70.26
10.3996,15292,99,68.34
10.4170,15292,100,68.96
10.4343,15292,100,73.71
10.4517,15292,100,66.98
10.4691,15292,100,71.69
10.4865,15292,100,71.75
10.5039,14542,100,68.78
10.5213,14542,100,67.82
10.5387,14542,100,68.80
10.5561,14542,100,71.15
10.5735,14850,99,71.58
10.5908,15166,100,71.06
10.6082,15496,100,70.88
10.6257,15496,100,69.46
10.6431,15496,100,71.72
10.6605,15496,99,69.63
10.6778,15496,100,71.58
10.6953,15496,100,68.69
10.7127,15496,100,67.48
10.7301,15496,100,67.18
10.7474,15496,99,67.85
10.7652,15496,100,71.56
10.7826,14646,99,71.37
10.8000,14946,100,67.50
10.8177,15258,100,70.87
10.8351,15258,100,70.47
10.8526,15258,100,69.26
10.8701,15258,100,71.61
10.8875,15258,100,72.13
10.9052,15258,100,68.84
10.9226,15582,100,69.06
10.9404,15582,100,72.92
10.9581,15582,100,69.90
10.9759,15912,99,70.51
10.9933,15912,100,67.54
11.0107,16248,100,70.56
11.0281,16248,100,68.50
11.0458,16952,100,69.59
11.0632,14000,99,67.89
11.0806,14606,100,68.06
11.0984,14606,100,68.85
11.1158,14606,100,67.79
11.1332,14606,100,68.91
11.1512,14606,100,68.75
11.1688,14606,100,71.84
11.1861,14606,100,70.96
11.2035,14606,99,73.29
11.2213,14606,100,70.61
11.2387,14606,100,70.98
11.2561,14606,100,68.88
11.2735,14606,100,68.86
11.2916,14606,100,72.42
11.3091,14606,100,70.90
11.3264,14918,100,68.20
11.3438,14918,100,69.42
11.3612,14190,100,68.69
11.3785,14190,100,70.60
11.3959,14190,100,68.65
11.4133,14506,100,71.47
11.4307,14506,100,68.65
11.4481,14506,100,71.95
11.4655,14506,100,71.93
11.4830,14838,99,69.14
11.5005,14838,100,68.58
11.5180,14838,99,69.39
11.5354,14838,100,69.75
11.5528,14838,100,71.31
11.5703,14838,100,69.62
11.5877,14838,100,68.55
11.6050,14838,100,67.43
11.6224,14838,100,69.25
11.6399,14624,100,68.51
11.6576,14624,100,69.35
11.6752,14952,100,70.13
11.6927,15282,100,67.09
11.7101,15626,100,71.13
11.7275,15626,100,67.13
11.7450,15626,100,72.22
11.7624,15626,100,69.54
11.7799,15974,100,69.86
11.7973,16344,100,73.14
11.8148,16344,100,68.62
11.8321,16344,99,68.64
11.8495,16344,100,70.78
11.8670,16344,100,71.21
11.8844,16344,100,71.14
11.9018,16344,100,68.29
11.9193,14930,100,66.22
11.9367,15566,100,70.19
11.9541,15566,100,71.27
11.9715,15566,100,68.59
11.9889,15908,100,69.71
12.0064,15908,100,69.98
12.0238,15908,100,70.21
12.0412,15908,100,69.91
12.0587,15908,100,68.79
12.0761,15908,100,71.45
12.0934,16288,100,68.52
12.1109,16288,100,70.04
12.1283,16288,100,71.79
12.1457,16288,100,68.85
12.1631,16288,100,67.82
12.1805,16288,100,68.68
12.1980,14210,100,70.52
12.2157,14560,100,69.78
12.2331,14560,100,69.75
12.2505,14560,99,71.10
12.2679,14560,100,70.55
12.2853,14560,100,68.44
12.3028,14944,100,71.30
12.3202,14944,100,71.35
12.3376,14944,100,68.67
12.3551,14944,100,70.10
12.3726,14944,100,67.20
12.3900,14944,100,70.48
12.4077,14944,100,69.27
12.4254,14944,100,74.14
12.4429,14944,100,68.18
12.4603,14944,100,71.02
12.4777,14430,100,71.73
12.4952,14780,100,71.28
12.5129,14780,100,70.26
12.5303,14780,100,69.86
12.5480,15134,100,70.81
12.5655,15134,100,71.18
12.5829,15134,100,69.50
12.6004,15134,100,67.74
12.6180,15134,100,70.53
12.6354,15134,100,70.43
12.6529,15134,100,67.98
12.6703,15134,100,67.94
12.6876,15490,100,70.36
12.7050,15490,100,70.29
12.7225,15490,100,68.76
12.7399,15490,100,68.84
12.7573,14378,98,70.60
12.7747,14714,100,68.81
12.7922,15056,100,70.39
12.8097,15418,100,70.43
12.8272,15418,100,71.40
12.8445,15792,100,69.60
12.8619,15792,100,69.55
12.8793,15792,100,71.24
12.8967,15792,99,70.43
12.9141,15792,100,72.05
12.9315,15792,100,69.23
12.9489,15792,100,72.69
12.9663,15792,100,69.88
12.9837,16190,100,68.41
13.0016,16190,100,72.01
13.0190,16190,100,70.42
13.0364,16192,100,70.52
13.0539,14706,100,69.77
13.0713,14706,100,71.43
13.0887,15044,100,70.48
13.1061,15450,100,70.22
13.1237,15450,100,70.19
13.1412,15450,100,69.89
13.1585,15450,100,69.18
13.1759,15450,100,71.02
13.1933,15450,100,69.14
13.2108,15450,100,72.63
13.2282,15450,100,71.59
13.2457,15450,100,69.16
13.2635,15450,99,72.26
13.2812,15450,100,68.48
13.2987,15450,100,69.65
13.3165,15450,100,70.51
13.3346,15238,100,69.14
13.3520,15604,100,70.26
13.3694,15986,99,70.67
13.3868,15986,100,70.23
13.4042,15986,100,70.72
13.4216,15986,100,70.89
13.4394,15986,100,70.79
13.4571,15986,100,71.39
13.4745,15986,100,68.64
13.4922,15986,100,68.54
13.5097,15986,100,70.77
13.5275,15986,100,70.09
13.5456,15986,100,68.23
13.5631,15986,100,69.82
13.5808,15986,100,69.92
13.5987,15986,100,68.11
13.6164,15208,100,71.20
13.6338,15208,100,70.80
13.6512,15208,100,70.58
13.6693,15208,100,70.33
13.6868,15208,100,70.08
13.7044,15208,100,68.64
13.7219,15208,100,70.59
13.7396,15208,100,66.69
13.7574,15208,100,70.47
13.7749,15208,100,71.68
13.7930,15208,100,70.89
13.8104,15208,100,69.00
13.8284,15208,100,71.16
13.8466,15208,100,72.51
13.8640,15208,100,68.31
13.8818,15208,100,69.36
13.8992,14868,100,69.99
13.9166,14868,100,70.62
13.9341,15244,100,70.80
13.9515,15244,100,70.59
13.9689,15244,100,69.30
13.9863,15638,100,69.77
14.0041,15638,100,71.25
14.0218,15638,100,70.04
14.0400,15638,100,70.42
14.0579,15638,100,70.28
14.0759,15638,100,69.06
14.0937,15638,100,70.03
14.1118,15638,100,71.03
14.1296,15638,100,71.04
14.1475,15638,100,67.50
14.1653,14538,98,70.51
14.1827,15262,100,69.98
14.2006,15652,100,71.46
14.2184,15652,100,69.98
14.2362,15652,100,71.51
14.2536,15652,100,71.16
14.2710,15652,100,68.68
14.2884,16050,100,70.26
14.3059,16050,100,70.55
14.3234,16478,99,70.38
14.3411,16478,100,70.42
14.3585,16478,100,68.06
14.3760,16478,100,71.38
14.3937,16478,100,69.70
14.4118,16478,100,70.87
14.4291,16478,100,69.64
14.4466,14688,100,68.03
14.4647,15406,100,71.77
14.4822,15406,100,70.09
14.4999,15808,100,71.84
14.5173,15808,100,67.25
14.5350,15808,100,70.89
14.5528,15808,100,69.85
14.5704,16244,100,71.25
14.5886,16244,100,70.61
14.6063,16244,100,68.78
14.6238,16244,100,71.01
14.6420,16244,100,69.31
14.6598,16244,100,69.19
14.6773,16244,100,72.83
14.6954,16244,100,71.13
14.7128,16244,100,71.23
14.7302,14760,100,69.68
14.7476,15130,100,68.12
14.7653,15524,99,72.21
14.7831,15524,100,72.96
14.8009,15932,99,71.08
14.8187,15932,100,70.51
14.8361,15932,100,68.95
14.8535,15932,100,71.87
14.8712,15932,100,69.63
14.8893,15932,100,68.70
14.9071,15932,100,68.50
14.9248,15932,100,69.37
14.9425,15932,100,70.90
14.9599,15932,100,68.61
14.9777,15932,100,69.07
14.9959,15932,100,72.39
15.0134,14594,99,68.23
15.0307,15756,100,71.65
15.0486,16206,100,69.95
15.0660,16206,100,68.89
15.0834,16206,100,70.53
15.1008,16206,100,69.43
15.1190,16206,100,70.40
15.1367,16206,100,68.97
15.1549,16206,100,71.68
15.1730,16206,100,70.62
15.1908,16206,100,69.99
15.2085,16206,100,71.49
15.2259,16206,100,71.50
15.2435,16206,99,73.02
15.2612,16206,100,71.37
15.2786,16206,100,68.10
15.2960,14662,97,71.63
15.3137,15040,100,69.32
15.3312,15040,100,68.01
15.3487,15040,100,70.84
15.3661,15426,100,69.33
15.3835,15842,100,71.28
15.4012,15842,100,69.16
15.4186,15842,100,70.73
15.4364,16262,100,70.33
15.4540,16714,100,70.01
15.4718,16714,100,70.45
15.4895,16714,100,71.20
15.5069,16714,100,70.31
15.5244,16714,100,71.90
15.5423,16714,100,70.47
15.5597,16714,100,71.74
15.5774,14044,100,68.85
15.5955,13588,100,71.33
15.6133,13588,0,31.33
15.6311,13588,0,31.16
15.6491,13588,0,30.99
15.6665,13588,0,30.84
15.6854,13588,0,30.85
15.7036,14636,15,32.83
15.7230,15548,100,69.68
15.7407,15930,100,69.79
15.7581,15930,100,70.62
15.7755,16348,100,69.37
15.7935,16348,100,71.96
15.8110,16348,100,69.96
15.8291,16348,100,68.99
15.8472,16348,99,73.50
15.8647,16348,100,69.04
15.8824,16348,100,68.42
15.9001,16348,100,70.21
15.9179,16348,100,69.00
15.9356,16348,100,69.34
15.9530,16348,100,72.13
15.9704,16348,100,69.68
15.9883,14724,98,71.01
16.0064,15146,100,71.44
16.0239,15146,100,69.44
16.0414,15552,100,71.00
16.0588,15552,100,70.28
16.0767,15552,100,70.00
16.0941,15552,100,70.79
16.1115,15552,100,69.20
16.1297,16018,100,69.33
16.1476,16018,100,71.56
16.1650,16018,100,68.57
16.1827,16018,100,70.39
16.2001,16018,100,73.40
16.2176,16018,100,70.86
16.2359,16018,100,70.88
16.2533,16018,100,69.31
16.2711,16018,100,71.24
16.2888,15540,100,69.88
16.3069,15540,100,70.05
16.3243,15942,100,70.16
16.3417,16416,100,69.86
16.3591,16416,99,69.51
16.3765,16416,100,71.36
16.3943,16416,100,72.10
16.4124,16416,100,69.97
16.4298,16416,100,70.50
16.4477,16416,100,71.40
16.4655,16416,100,69.49
16.4829,16416,100,69.46
16.5003,16416,100,69.37
16.5178,16416,100,69.29
16.5353,16416,100,69.95
16.5529,16416,100,69.52
16.5706,15082,100,70.86
16.5879,15082,100,69.36
16.6053,15082,100,70.00
16.6230,15082,100,71.80
16.6409,15082,100,70.16
16.6584,15526,100,70.43
16.6762,15526,100,71.20
16.6937,15526,100,71.17
16.7115,15526,100,71.28
16.7289,15526,99,69.26
16.7466,15526,100,69.26
16.7646,15526,100,70.50
16.7821,15526,100,73.37
16.7998,15526,100,71.43
16.8177,15526,100,69.41
16.8358,15526,100,70.21
16.8533,15290,100,67.41
16.8710,16092,100,71.50
16.8888,16092,100,72.70
16.9062,16092,100,70.31
16.9240,16576,100,70.21
16.9414,16576,100,70.95
16.9591,16576,99,72.12
16.9765,16576,100,69.63
16.9947,16576,100,71.67
17.0122,16576,100,73.23
17.0296,16576,100,69.61
17.0472,16576,100,70.43
17.0647,16576,100,68.89
17.0824,16576,100,70.76
17.1005,16576,100,68.21
17.1182,16576,100,69.59
17.1357,15426,100,71.13
17.1533,15426,100,73.63
17.1708,15426,100,68.60
17.1885,15426,99,70.39
17.2067,15856,100,70.53
17.2249,16348,100,73.10
17.2431,16348,100,69.58
17.2606,16348,100,68.56
17.2780,16348,100,72.15
17.2958,16348,100,70.86
17.3137,16348,100,70.89
17.3317,16348,100,71.12
17.3498,16348,100,69.72
17.3675,16348,100,69.05
17.3852,16348,100,68.98
17.4035,16348,100,70.48
17.4210,15168,100,71.56
17.4389,15170,100,69.73
17.4566,15170,100,72.74
17.4740,15170,100,70.14
17.4918,15170,100,70.60
17.5092,15170,100,68.30
17.5272,15170,100,70.30
17.5450,15170,100,69.85
17.5629,15170,100,74.17
17.5805,15170,100,72.02
17.5979,15664,100,70.54
17.6160,15664,100,69.55
17.6337,15664,100,68.50
17.6511,15664,100,70.05
17.6690,15664,100,71.33
17.6869,15664,100,72.65
17.7044,15032,99,69.92
17.7217,15698,100,70.45
17.7391,16154,100,68.50
17.7569,16156,100,72.79
17.7743,16156,100,69.36
17.7916,16156,99,69.60
17.8091,16156,100,67.71
17.8268,16156,100,71.90
17.8442,16156,100,73.27
17.8616,16156,100,69.88
17.8790,16658,100,69.94
17.8964,16658,100,72.71
17.9138,16658,100,70.31
17.9319,16658,100,70.53
17.9498,16658,100,70.47
17.9674,16658,100,71.35
17.9853,16658,100,72.75
18.0028,15996,100,67.27
18.0208,15998,100,69.72
18.0383,16906,100,69.43
18.0561,16906,100,70.53
18.0741,16906,100,72.66
18.0916,16906,100,69.93
18.1095,16906,100,73.02
18.1273,16906,100,70.41
18.1448,16906,100,70.77
18.1625,16906,100,68.98
18.1808,16906,100,71.26
18.1983,16906,100,72.44
18.2158,16906,100,70.68
18.2332,16906,100,68.46
18.2506,16906,100,71.48
18.2680,16906,100,67.77
18.2854,15168,100,69.86
18.3028,15592,100,68.34
18.3204,16036,100,68.38
18.3379,16036,100,73.80
18.3556,16512,100,69.41
18.3730,16512,100,72.12
18.3908,16512,100,68.22
18.4082,16512,100,70.83
18.4259,16512,100,69.13
18.4433,16512,100,70.21
18.4607,16512,100,69.13
18.4781,17024,100,72.92
18.4955,17024,100,73.19
18.5129,17024,100,71.85
18.5306,17024,100,72.97
18.5480,17024,100,71.60
18.5657,17024,100,69.12
18.5831,16308,99,70.50
18.6005,17144,100,70.51
18.6181,18030,100,71.39
18.6356,18502,100,66.99
18.6530,18502,100,76.10
18.6707,19492,100,71.50
18.6881,19492,100,71.26
18.7055,19492,100,73.40
18.7229,19492,100,68.52
18.7407,20094,100,70.56
18.7581,20094,100,70.81
18.7754,20094,100,68.48
18.7929,20094,100,70.70
18.8108,20094,100,72.62
18.8282,20094,100,70.66
18.8459,20094,100,69.91
18.8633,20094,100,69.78
18.8807,20094,100,69.41
18.8980,20094,100,72.09
18.9155,20094,100,70.58
18.9330,14790,100,73.15
18.9506,15756,100,75.11
18.9681,15756,100,70.08
18.9854,15756,100,65.11
19.0028,15756,100,71.89
19.0207,15756,100,69.40
19.0381,15756,100,71.99
19.0554,15756,100,76.17
19.0728,15756,100,66.77
19.0906,15756,100,72.86
19.1080,15756,100,71.50
19.1257,15756,100,68.01
19.1435,16244,100,69.71
19.1609,16752,100,73.31
19.1784,16752,100,67.32
19.1960,16752,100,79.01
19.2134,16752,100,72.28
19.2308,16752,100,69.33
19.2482,16752,100,68.04
19.2657,16752,100,73.82
19.2834,15220,100,73.38
19.3007,15220,100,77.21
19.3181,16678,100,73.83
19.3358,16678,100,72.98
19.3536,16678,100,74.11
19.3713,16678,100,65.17
19.3887,16678,100,71.03
19.4061,16678,100,73.87
19.4238,16678,100,65.05
19.4412,16678,100,66.43
19.4586,16678,100,69.23
19.4760,16678,100,78.39
19.4935,16678,100,74.26
19.5109,16678,100,76.38
19.5282,16678,100,68.21
19.5456,16678,100,74.73
19.5630,16678,100,76.75
19.5804,16678,100,67.66
19.5982,16678,100,64.10
19.6156,14960,100,70.78
19.6334,15456,100,69.10
19.6509,15456,100,65.99
19.6683,15456,100,68.98
19.6860,15456,100,77.13
19.7033,15456,100,73.53
19.7214,15456,100,71.44
19.7389,15456,100,67.41
19.7566,15960,100,63.98
19.7743,15960,100,65.30
19.7918,15960,100,66.17
19.8092,15960,100,66.85
19.8266,15960,100,67.18
19.8444,15960,100,69.65
19.8619,15960,100,66.60
19.8793,15960,100,68.45
19.8967,15960,100,66.80
19.9144,15960,100,74.66
19.9321,15960,100,75.18
19.9495,14774,100,73.48
19.9669,15294,100,66.65
19.9844,15294,100,66.99
20.0019,15294,100,69.39
20.0196,15294,100,65.07
20.0370,15294,100,67.66
20.0545,15876,100,73.05
20.0720,15876,100,78.81
20.0894,15876,100,77.10
20.1068,15876,100,72.84
20.1242,15876,100,68.66
20.1416,15876,100,66.06
20.1598,15876,100,68.32
20.1773,15876,100,64.38
20.1948,15876,100,71.68
20.2121,15876,100,78.98
20.2298,15876,100,80.45
20.2477,15876,100,72.71
20.2654,15876,100,73.00
20.2828,14952,98,71.22
20.3006,14952,100,67.45
20.3180,14952,100,75.20
20.3354,14952,100,75.72
20.3528,15462,100,74.90
20.3702,15462,100,73.20
20.3879,15462,100,69.03
20.4053,15462,100,68.43
20.4234,15462,100,71.17
20.4412,15462,100,75.35
20.4587,15462,100,71.49
20.4762,15462,100,70.55
20.4937,15462,100,64.85
20.5111,15462,100,68.30
20.5284,15462,100,67.57
20.5460,15462,100,69.17
20.5633,15462,100,72.63
20.5806,15462,100,68.00
20.5981,15462,100,66.39
20.6155,15114,98,69.66
20.6329,15114,100,74.57
20.6503,15114,100,72.07
20.6681,15586,99,67.60
20.6859,15586,100,65.00
20.7033,16066,100,71.75
20.7207,16578,100,76.90
20.7381,16578,100,76.18
20.7555,16578,100,76.26
20.7730,17128,100,77.81
20.7909,17128,100,75.64
20.8083,17128,100,64.61
20.8261,17128,100,65.22
20.8435,17128,100,72.66
20.8609,17128,100,73.82
20.8788,17128,99,68.48
20.8962,17128,100,68.25
20.9136,17128,100,74.44
20.9310,17128,100,77.18
20.9484,15246,100,72.23
20.9662,15246,100,75.60
20.9836,15752,100,73.58
21.0010,15752,100,76.17
21.0185,16284,100,71.08
21.0359,16284,100,65.32
21.0536,16284,100,65.41
21.0711,16286,100,67.00
21.0885,16286,100,70.73
21.1062,16286,100,76.14
21.1237,16286,100,79.07
21.1414,16832,100,75.47
21.1588,16832,100,69.80
21.1762,16832,100,65.44
21.1936,16832,100,71.42
21.2112,16832,100,73.56
21.2287,16832,100,71.40
21.2464,16832,100,70.64
21.2639,17428,100,67.90
21.2814,15192,100,72.24
21.2989,16230,100,73.46
21.3163,16230,100,71.54
21.3337,16230,100,66.75
21.3511,16230,100,70.78
21.3685,16230,100,69.96
21.3859,16230,100,72.19
21.4034,16230,100,69.38
21.4208,16230,100,70.55
21.4382,16230,100,64.75
21.4557,16230,100,65.76
21.4734,16230,100,68.30
21.4909,16230,100,73.24
21.5083,16230,100,74.81
21.5257,16230,100,69.33
21.5434,16230,100,72.98
21.5608,16230,100,74.38
21.5785,16230,100,77.45
21.5960,16230,100,72.76
21.6134,15740,100,69.71
21.6308,16262,100,65.06
21.6482,16264,100,66.79
21.6663,16264,100,73.06
21.6837,16264,100,66.84
21.7011,16264,100,66.80
21.7185,16264,100,71.21
21.7359,16788,100,72.32
21.7535,16788,100,73.78
21.7708,16788,100,70.35
21.7887,16788,100,71.38
21.8062,17328,100,67.51
21.8236,17328,100,67.21
21.8410,17328,100,72.68
21.8584,17328,100,75.66
21.8758,17328,100,73.54
21.8933,17934,100,76.13
21.9110,17934,100,75.91
21.9288,17934,100,73.34
21.9465,16160,100,72.83
21.9639,16666,100,76.10
21.9814,16666,100,74.26
21.9988,16666,100,64.71
22.0162,16666,100,66.31
22.0340,17796,100,70.04
22.0515,17796,100,64.36
22.0689,17796,100,68.31
22.0867,17796,100,72.32
22.1041,17796,100,71.22
22.1214,17796,100,67.99
22.1389,17796,100,70.73
22.1563,17796,100,66.26
22.1737,17796,100,67.08
22.1911,17796,100,69.98
22.2086,17796,100,78.46
22.2260,17796,100,72.68
22.2437,17796,100,68.80
22.2615,15310,98,66.93
22.2789,15874,100,77.44
22.2963,15874,100,78.28
22.3137,15876,100,77.49
22.3312,15876,100,71.86
22.3486,15876,100,67.18
22.3660,15876,100,72.76
22.3834,15876,100,66.01
22.4014,15876,100,68.90
22.4192,15876,100,76.56
22.4366,16448,100,68.88
22.4542,16448,100,73.20
22.4717,16448,100,68.51
22.4891,16448,100,72.58
22.5066,16448,100,67.38
22.5240,16448,100,72.19
22.5414,16448,100,67.32
22.5591,16448,100,65.91
22.5766,16448,100,76.52
22.5940,15822,100,75.46
22.6117,16376,100,76.90
22.6291,16378,100,71.77
22.6466,16378,100,68.51
22.6645,16378,99,75.27
22.6819,17002,100,71.77
22.6993,17002,100,67.32
22.7170,17002,100,73.92
22.7345,17002,100,73.61
22.7518,17002,100,69.82
22.7696,17002,100,66.97
22.7870,17002,100,65.17
22.8044,17002,100,68.44
22.8218,17002,100,74.43
22.8392,17002,100,67.83
22.8569,17002,100,65.62
22.8744,17002,100,67.87
22.8918,17002,100,77.54
22.9093,17002,100,78.83
22.9268,16248,100,73.08
22.9442,16248,100,65.25
22.9617,16784,100,67.33
22.9792,16784,100,72.74
22.9965,16784,100,74.29
23.0140,16784,100,73.54
23.0314,16784,100,77.00
23.0489,16784,100,70.77
23.0664,16784,100,66.27
23.0841,17328,100,76.33
23.1017,17328,100,67.76
23.1191,17328,100,67.63
23.1364,17328,100,71.45
23.1540,17328,100,65.37
23.1714,17328,100,64.02
23.1891,17328,100,65.07
23.2065,17328,99,70.47
23.2239,17328,100,71.17
23.2414,15850,100,66.77
23.2596,15852,100,75.11
23.2777,15852,100,69.85
23.2954,15852,100,75.83
23.3131,15852,100,71.05
23.3309,15852,100,67.07
23.3486,15852,100,71.74
23.3662,15852,100,75.98
23.3838,15852,100,74.25
23.4018,15852,100,70.28
23.4192,15852,100,69.61
23.4373,15852,100,67.69
23.4549,15852,100,67.00
23.4724,15852,100,73.31
23.4904,15852,100,71.64
23.5079,15852,100,65.37
23.5261,15852,100,74.50
23.5435,15852,100,69.26
23.5609,15852,100,72.88
23.5790,16162,100,72.57
23.5971,16162,100,71.32
23.6152,16700,100,66.58
23.6331,17250,100,67.64
23.6505,17888,100,64.72
23.6682,17888,100,66.61
23.6857,17888,100,71.12
23.7039,17888,100,70.81
23.7214,17888,100,69.25
23.7392,17888,100,78.04
23.7570,17888,100,77.42
23.7750,17888,100,73.03
23.7925,17888,100,67.95
23.8103,17888,100,66.27
23.8284,17888,100,67.71
23.8461,17888,100,65.92
23.8635,17888,100,77.56
23.8814,17888,100,72.72
23.8995,15526,100,71.39
23.9169,16560,100,80.72
23.9350,17136,100,71.46
23.9531,17136,100,65.81
23.9706,17136,100,67.72
23.9883,17136,100,71.76
24.0061,17136,100,71.31
24.0238,17136,100,68.75
24.0413,17136,100,79.70
24.0586,17136,100,73.19
24.0766,17136,100,67.15
24.0943,17136,100,72.70
24.1117,17136,100,72.80
24.1294,17136,100,72.55
24.1472,17136,100,78.32
24.1650,17136,100,68.59
24.1826,17136,100,77.71
24.2003,17136,100,67.66
24.2182,15502,98,67.86
24.2362,16030,100,67.19
24.2537,16030,100,69.44
24.2712,16030,100,78.66
24.2886,16030,100,68.36
24.3060,16584,100,65.85
24.3239,17170,100,70.25
24.3417,17170,100,68.35
24.3595,17170,100,66.33
24.3769,17170,100,68.02
24.3944,17170,100,70.99
24.4118,17170,100,73.36
24.4296,17170,100,73.50
24.4474,17170,99,72.60
24.4647,17170,100,67.43
24.4825,17170,100,67.68
24.5005,17170,100,72.16
24.5184,17170,100,71.77
24.5362,17816,100,69.30
24.5543,15738,100,69.07
24.5723,15740,100,69.50
24.5898,15740,100,76.09
24.6076,16394,100,68.19
24.6257,16394,100,69.24
24.6435,16394,100,65.87
24.6613,16394,100,64.99
24.6789,16394,100,66.89
24.6969,16394,100,69.25
24.7144,16394,100,77.91
24.7319,16394,100,73.13
24.7501,16394,100,75.29
24.7679,16394,100,73.43
24.7853,16394,100,75.04
24.8027,16394,100,67.60
24.8205,16394,100,73.08
24.8379,16394,100,68.83
24.8557,16394,100,66.13
24.8739,16282,100,66.58
24.8916,16652,100,74.07
24.9091,16652,99,68.38
24.9265,17218,100,68.92
24.9446,17218,100,71.04
24.9619,17804,100,68.22
24.9793,17804,100,68.58
24.9972,17804,100,67.34
25.0145,17804,100,66.82
25.0320,17804,100,74.04
25.0495,17804,100,77.04
25.0672,17804,100,72.38
25.0853,17804,100,65.64
25.1028,17804,100,65.18
25.1205,17804,100,68.46
25.1384,17804,100,71.67
25.1561,18460,100,74.89
25.1737,18460,100,65.99
25.1911,18460,100,73.53
25.2089,16198,100,73.95
25.2271,16200,100,66.41
25.2444,16200,100,65.56
25.2619,16200,100,69.47
25.2798,16200,100,71.48
25.2979,16200,100,72.55
25.3154,16778,100,72.43
25.3331,16778,100,64.99
25.3505,16778,100,67.53
25.3686,16778,100,68.77
25.3860,16778,100,68.72
25.4037,16778,100,70.56
25.4213,16778,100,70.44
25.4395,16778,100,66.34
25.4575,16778,100,66.31
25.4749,16778,100,70.73
25.4926,16778,100,64.96
25.5101,16778,100,67.68
25.5278,16778,100,70.66
25.5453,15720,100,71.14
25.5632,16234,100,77.61
25.5807,16790,100,71.68
25.5981,17458,100,65.44
25.6155,17458,100,68.10
25.6330,17458,100,70.14
25.6504,17458,100,74.75
25.6678,17458,100,70.10
25.6859,17458,100,65.98
25.7033,17458,100,68.31
25.7209,17458,100,70.77
25.7386,17458,100,75.72
25.7568,17458,100,79.26
25.7743,17458,100,76.58
25.7917,17458,100,68.71
25.8094,17458,100,69.51
25.8271,17458,100,73.98
25.8445,17458,100,79.91
25.8626,16260,100,73.09
25.8802,17334,100,65.28
25.8983,18438,100,68.19
25.9162,19014,100,72.50
25.9343,19014,100,74.74
25.9520,19014,100,70.47
25.9695,19610,100,73.02
25.9869,20214,100,70.79
26.0050,20214,100,71.72
26.0224,20214,100,77.08
26.0399,20214,100,77.22
26.0575,20214,100,76.98
26.0749,20214,100,69.71
26.0924,20214,100,66.78
26.1102,20214,100,68.24
26.1276,20214,100,76.00
26.1458,20214,100,78.31
26.1635,20214,100,69.11
26.1814,20884,100,66.01
26.1992,15796,100,74.00
26.2172,15796,100,69.60
26.2350,15798,100,64.71
26.2528,15798,100,66.42
26.2703,16370,100,71.07
26.2881,16996,100,68.35
26.3062,16996,100,71.24
26.3243,16996,100,74.59
26.3417,16996,100,65.21
26.3597,16996,100,69.21
26.3778,16996,100,65.30
26.3955,16996,100,65.22
26.4137,16996,100,66.05
26.4314,16996,100,66.84
26.4495,16996,100,71.12
26.4673,16996,100,76.76
26.4854,16996,100,73.21
26.5029,17672,100,66.53
26.5208,16082,100,69.50
26.5386,16082,100,65.64
26.5561,17178,100,69.07
26.5736,17178,100,74.35
26.5913,17178,100,69.20
26.6088,17178,100,66.47
26.6262,17178,100,66.68
26.6437,17178,100,72.92
26.6612,17178,100,68.86
26.6786,17178,100,63.99
26.6960,17178,100,71.28
26.7138,17178,100,68.88
26.7319,17178,100,65.57
26.7497,17178,100,70.18
26.7671,17740,100,74.35
26.7846,18316,100,72.15
26.8024,18316,100,71.23
26.8202,18316,100,78.41
26.8379,18316,100,73.65
26.8553,16760,100,68.06
26.8731,16760,100,69.22
26.8913,17398,100,71.93
26.9087,17398,100,68.27
26.9261,17398,100,68.94
26.9439,17398,100,71.13
26.9619,18084,100,68.04
26.9793,18084,100,67.19
26.9970,18084,100,70.86
27.0143,18084,100,69.29
27.0318,18084,100,79.49
27.0495,18084,100,73.74
27.0678,18084,100,67.33
27.0855,18084,100,65.62
27.1036,18084,100,66.85
27.1209,18084,100,70.01
27.1383,18084,100,69.79
27.1560,18084,100,74.96
27.1742,15870,98,70.86
27.1919,15870,100,68.44
27.2093,17046,100,74.83
27.2272,17046,100,76.55
27.2446,17046,100,72.00
27.2620,17046,100,71.61
27.2799,17736,100,66.50
27.2973,17736,100,66.14
27.3151,17736,100,73.78
27.3325,17736,100,68.30
27.3501,17736,100,68.79
27.3678,17736,99,71.53
27.3852,17736,100,67.07
27.4027,17736,100,66.56
27.4201,17736,100,69.12
27.4375,17736,100,72.06
27.4551,17736,100,76.03
27.4729,17736,100,69.01
27.4904,17736,100,73.14
27.5081,15828,100,70.81
27.5255,15828,100,73.60
27.5430,15828,100,74.48
27.5605,16432,100,75.46
27.5779,16432,100,71.84
27.5953,16432,100,79.14
27.6135,16432,100,78.43
27.6316,17054,100,72.96
27.6493,17054,100,65.95
27.6674,17054,100,65.76
27.6848,17054,100,65.35
27.7026,17054,100,65.90
27.7203,17054,100,76.02
27.7380,17054,100,69.66
27.7558,17696,100,70.15
27.7740,17696,100,68.07
27.7921,17696,100,66.60
27.8094,17696,100,66.03
27.8276,18390,100,67.80
27.8457,17346,100,69.04
27.8635,17346,100,68.26
27.8814,17966,100,71.43
27.8991,17966,100,69.22
27.9165,17966,100,68.51
27.9339,17966,100,69.36
27.9515,17966,100,70.66
27.9693,17966,100,71.07
27.9871,17966,100,72.52
28.0049,17966,100,65.60
28.0226,17966,100,68.08
28.0404,17966,100,70.98
28.0585,17968,100,73.33
28.0760,17968,100,65.23
28.0936,17968,100,66.35
28.1110,17968,100,74.08
28.1291,17968,100,72.64
28.1473,17968,100,74.03
28.1648,16434,99,71.71
28.1825,17022,100,72.20
28.1999,17022,100,72.58
28.2175,17024,100,70.13
28.2349,17024,100,66.02
28.2523,17024,100,65.95
28.2697,17726,100,67.17
28.2872,17726,100,67.32
28.3046,17726,100,66.01
28.3223,17726,100,69.92
28.3399,17726,100,72.83
28.3573,17726,100,74.68
28.3747,17726,100,69.08
28.3922,17726,100,68.92
28.4096,17726,100,71.06
28.4270,17726,100,69.10
28.4444,17726,100,65.31
28.4619,17726,100,68.56
28.4794,17726,100,73.30
28.4968,17192,100,72.41
28.5146,18378,100,71.64
28.5324,18378,100,70.72
28.5498,18990,100,72.43
28.5672,18990,100,69.32
28.5846,18990,100,71.06
28.6021,19610,100,70.87
28.6194,19610,100,69.06
28.6373,19610,100,71.81
28.6551,19610,100,70.45
28.6729,20244,100,69.28
28.6910,20908,100,68.95
28.7084,20908,100,69.36
28.7261,20908,100,69.47
28.7435,20908,100,69.47
28.7608,20908,100,69.27
28.7787,20908,100,72.79
28.7961,20908,100,71.42
28.8137,20908,100,69.89
28.8312,20908,100,70.44
28.8489,21574,100,70.20
28.8664,15396,100,73.91
28.8840,16154,100,73.88
28.9014,16070,100,71.50
28.9188,16072,100,70.80
28.9362,16678,100,71.56
28.9536,17318,100,69.83
28.9711,17318,100,70.56
28.9885,17318,100,71.26
29.0061,17998,100,72.10
29.0238,17998,100,70.71
29.0415,17998,100,71.12
29.0590,17998,100,70.84
29.0764,17998,100,69.62
29.0941,17998,100,73.44
29.1115,17998,100,70.68
29.1294,17998,100,71.29
29.1468,17998,100,70.21
29.1642,17998,100,70.73
29.1816,18694,100,70.38
29.1990,18694,100,69.90
29.2165,18694,100,72.41
29.2338,18694,100,68.76
29.2519,18694,100,70.92
29.2698,18694,100,70.64
29.2873,18694,100,70.28
29.3046,16208,100,74.12
29.3225,16208,100,71.22
29.3399,16870,100,68.96
29.3573,16872,100,74.28
29.3749,16872,100,71.97
29.3923,17576,100,70.84
29.4097,17576,100,69.37
29.4272,18344,100,71.68
29.4447,18344,100,73.24
29.4620,18344,100,71.98
29.4796,18344,100,69.65
29.4970,18344,100,71.48
29.5148,18344,100,70.38
29.5322,18344,100,69.34
29.5496,18344,100,71.54
29.5673,18344,100,70.54
29.5855,18344,100,71.42
29.6029,18344,100,71.15
29.6203,18344,100,70.23
29.6377,18344,100,69.42
29.6552,18344,100,71.94
29.6726,18344,100,70.77
29.6900,15160,100,71.73
29.7075,16074,100,71.97
29.7249,16794,100,68.47
29.7424,16794,100,70.50
29.7598,16794,100,71.23
29.7775,16794,100,69.25
29.7949,16794,100,69.57
29.8123,16794,100,68.18
29.8297,16794,100,71.49
29.8475,16794,100,68.17
29.8649,16794,100,72.40
29.8823,16794,100,71.28
29.8996,16794,100,69.98
29.9171,16794,100,68.17
29.9345,16794,100,70.83
29.9520,16794,100,72.21
29.9695,16794,100,71.62
29.9869,16794,100,70.96
30.0047,16794,100,70.19
30.0220,16794,100,72.43
30.0398,16794,100,70.54
30.0573,16794,100,72.83
30.0747,16794,100,68.09
30.0921,16406,100,69.05
30.1096,16406,100,68.76
30.1275,17060,100,71.74
30.1453,17720,100,71.17
30.1628,17720,100,70.36
30.1802,17720,100,71.87
30.1977,17720,100,72.51
30.2151,17720,100,68.62
30.2326,18482,100,71.76
30.2500,18482,100,70.89
30.2678,18482,100,71.61
30.2851,18482,100,71.10
30.3025,18482,100,70.01
30.3201,18482,100,71.31
30.3375,18482,100,70.89
30.3549,18482,100,70.89
30.3723,18482,100,73.89
30.3900,18482,100,71.60
30.4074,18482,100,74.45
30.4248,18482,100,72.05
30.4424,18482,100,71.77
30.4597,16196,100,68.98
30.4771,16724,100,70.61
30.4946,16724,100,70.37
30.5119,16724,100,70.55
30.5295,16724,100,70.04
30.5469,16726,100,70.86
30.5643,16726,100,71.85
30.5816,16726,100,71.76
30.5990,16726,100,71.18
30.6165,16726,100,70.50
30.6339,16726,100,72.66
30.6514,16726,100,69.80
30.6691,16726,100,72.74
30.6865,16726,100,73.33
30.7039,16726,100,71.66
30.7214,16726,100,72.09
30.7388,16726,100,69.75
30.7565,16726,100,68.62
30.7740,16726,100,71.70
30.7914,16726,100,68.92
30.8088,16726,100,72.71
30.8262,16726,100,71.29
30.8436,16726,100,69.23
30.8610,15862,100,71.24
30.8784,16530,100,70.65
30.8959,16530,100,73.09
30.9133,16530,100,70.50
30.9310,17232,100,69.94
30.9485,17232,100,72.64
30.9662,17232,100,71.57
30.9836,17232,100,69.84
31.0014,17232,100,69.26
31.0189,17232,100,72.09
31.0363,17232,100,71.53
31.0538,17232,100,70.33
31.0712,17232,100,70.48
31.0886,17232,100,69.21
31.1061,17232,100,69.21
31.1235,17954,100,71.82
31.1410,17954,100,71.98
31.1584,17954,100,68.85
31.1758,17954,100,69.35
31.1933,17954,100,69.67
31.2108,17954,100,70.50
31.2282,16398,100,71.86
31.2457,17046,100,70.67
31.2631,17048,100,71.40
31.2809,17700,100,70.13
31.2983,17700,100,70.20
31.3159,17700,100,71.76
31.3332,17700,100,71.94
31.3506,18382,100,71.22
31.3680,18382,100,71.67
31.3854,19822,100,69.95
31.4028,19822,100,68.09
31.4202,19822,100,72.19
31.4379,19822,100,70.54
31.4554,20594,100,71.61
31.4728,20594,100,67.93
31.4903,20594,100,70.14
31.5078,20594,100,71.47
31.5252,20594,100,71.39
31.5429,20594,100,71.65
31.5605,20594,100,70.16
31.5785,20594,100,70.84
31.5959,20594,100,70.83
31.6135,16540,100,70.39
31.6309,16540,100,70.32
31.6485,16542,100,73.65
31.6659,16542,100,69.60
31.6836,16542,100,70.42
31.7013,16542,100,71.85
31.7191,16542,100,70.74
31.7366,16542,100,72.36
31.7540,16542,100,71.96
31.7714,17226,100,71.35
31.7890,17226,100,70.92
31.8067,17226,100,69.97
31.8241,17226,100,71.40
31.8419,17934,100,69.50
31.8592,17934,100,71.44
31.8770,17934,100,71.36
31.8948,17934,100,68.91
31.9126,18660,100,70.67
31.9303,18660,100,72.14
31.9477,18660,100,71.65
31.9652,18660,100,73.58
31.9826,16878,100,64.24
32.0001,17576,100,71.48
32.0174,17576,100,69.96
32.0349,17576,100,71.94
32.0523,17576,100,70.14
32.0697,18304,100,67.05
32.0871,18304,100,69.51
32.1047,18304,100,73.55
32.1225,18304,100,70.25
32.1402,18304,100,71.14
32.1576,18304,100,69.75
32.1753,18306,100,70.11
32.1931,18306,100,70.90
32.2105,18306,100,69.52
32.2280,18306,100,71.03
32.2462,18306,100,71.69
32.2636,18306,100,71.62
32.2814,18306,100,69.04
32.2988,18306,100,70.60
32.3163,18306,100,73.72
32.3337,19084,100,70.86
32.3511,15130,98,69.70
32.3685,16532,100,73.34
32.3860,14098,0,50.65
32.4034,14098,0,31.71
32.4208,14098,0,31.30
32.4381,14098,0,31.28
32.4555,14098,0,31.14
32.4732,14098,0,31.07
32.4906,14098,0,30.93
32.5093,14098,0,30.79
32.5275,14098,0,30.74
32.5460,15808,100,47.95
32.5635,17090,100,69.36
32.5810,17090,100,74.03
32.5985,17090,100,71.75
32.6160,17090,100,68.98
32.6335,17090,100,71.32
32.6509,17092,100,68.13
32.6687,17092,100,71.60
32.6868,17092,100,71.85
32.7042,17882,100,70.11
32.7216,17882,100,70.66
32.7390,17882,100,70.33
32.7564,17882,100,72.55
32.7738,17882,100,71.35
32.7913,17882,100,71.70
32.8087,17882,100,67.92
32.8262,17882,100,72.80
32.8438,17882,100,72.81
32.8611,17882,100,70.83
32.8785,17882,100,68.20
32.8960,17882,100,70.17
32.9134,16422,99,72.49
32.9312,17084,100,69.12
32.9486,17084,100,70.76
32.9661,17084,100,70.18
32.9835,17086,100,72.78
33.0009,17086,100,69.90
33.0183,17086,100,70.05
33.0359,17086,100,74.81
33.0534,17086,100,68.56
33.0708,17086,100,69.50
33.0882,17086,100,71.46
33.1056,17086,100,68.95
33.1230,17820,100,69.42
33.1405,17820,100,70.48
33.1579,17820,100,71.26
33.1760,17820,100,73.31
33.1935,17820,100,70.44
33.2108,17820,100,71.75
33.2282,17820,100,68.07
33.2457,17820,100,72.20
33.2634,17820,100,72.65
33.2809,17820,99,69.91
33.2984,16568,100,72.71
33.3162,16568,100,71.55
33.3338,16568,100,70.46
33.3517,16568,100,70.04
33.3691,16568,100,72.12
33.3866,16568,100,72.91
33.4047,16568,100,72.85
33.4225,16568,100,71.83
33.4399,16568,100,69.19
33.4578,17272,100,70.80
33.4756,17272,100,70.83
33.4931,18066,100,72.25
33.5106,18066,100,71.67
33.5287,18068,100,70.69
33.5466,18068,100,72.32
33.5648,18068,100,71.29
33.5829,18068,100,70.80
33.6003,18068,100,70.06
33.6181,18068,100,72.94
33.6356,18068,100,71.84
33.6529,18068,100,71.80
33.6707,16052,99,69.09
33.6881,16052,100,71.41
33.7062,16052,100,71.27
33.7236,16052,100,71.10
33.7411,16052,100,70.88
33.7587,16844,100,70.77
33.7761,16844,100,70.79
33.7936,16844,100,70.10
33.8115,16844,100,70.92
33.8292,16844,100,71.39
33.8466,16844,100,71.37
33.8640,16844,100,72.23
33.8814,16844,100,70.45
33.8988,16844,100,69.20
33.9163,16844,100,72.60
33.9343,16844,100,71.66
33.9520,16844,100,69.65
33.9695,16844,100,71.08
33.9875,16844,100,72.61
34.0057,16844,100,71.00
34.0234,16844,100,70.78
34.0409,16886,100,67.16
34.0584,18174,100,71.02
34.0762,18174,100,69.67
34.0942,18858,100,72.23
34.1116,19584,100,70.35
34.1293,19584,100,70.63
34.1471,19584,100,71.30
34.1645,19584,100,74.18
34.1820,19584,100,73.55
34.1996,19584,100,71.11
34.2178,19584,100,69.55
34.2355,19584,100,70.81
34.2536,19584,100,71.15
34.2710,19584,100,73.67
34.2887,19584,100,66.50
34.3061,19584,100,69.78
34.3235,21116,100,69.36
34.3410,21116,100,72.92
34.3587,21116,100,72.19
34.3762,21116,100,69.51
34.3940,21116,100,70.45
34.4117,16578,100,68.23
34.4295,17844,100,70.28
34.4474,18520,100,71.57
34.4652,18520,100,70.18
34.4829,18522,100,70.67
34.5004,18522,100,70.59
34.5181,18522,100,71.72
34.5357,18522,100,72.12
34.5532,18522,100,68.95
34.5706,19224,100,70.99
34.5883,19224,100,73.47
34.6059,19224,100,68.54
34.6233,19224,100,70.96
34.6414,19224,100,71.26
34.6591,19224,100,70.73
34.6765,19224,100,72.82
34.6943,19224,100,73.66
34.7120,20028,100,69.42
34.7296,20028,100,70.50
34.7470,20028,100,69.33
34.7651,20028,100,71.53
34.7831,16028,100,68.72
34.8009,16028,100,71.59
34.8183,16700,100,70.90
34.8357,16700,100,70.17
34.8538,17384,100,68.46
34.8720,17384,100,71.71
34.8898,18086,100,70.61
34.9075,18086,100,73.24
34.9253,18086,100,71.24
34.9427,18086,100,70.54
34.9603,18086,100,72.01
34.9785,18086,100,71.94
34.9959,18086,100,70.89
35.0133,18086,100,73.42
35.0309,18086,100,69.46
35.0488,18086,100,71.02
35.0665,18086,100,73.19
35.0839,18086,100,70.49
35.1017,18086,100,70.54
35.1193,18086,100,71.49
35.1366,18086,100,71.54
35.1544,17294,100,71.31
35.1719,17970,100,72.64
35.1897,17970,100,72.19
35.2075,18714,100,69.94
35.2255,18714,100,68.27
35.2434,18714,100,73.80
35.2613,18714,100,73.47
35.2790,18714,100,72.02
35.2967,19520,100,71.50
35.3144,19520,100,68.77
35.3326,19520,100,71.90
35.3501,19520,100,71.76
35.3675,19520,100,70.53
35.3853,19522,100,72.36
35.4030,19522,100,71.97
35.4205,19522,100,72.12
35.4382,19522,100,70.44
35.4557,19522,100,71.49
35.4734,19522,100,71.75
35.4908,20332,100,73.07
35.5085,20332,100,70.96
35.5259,15712,100,71.80
35.5437,15712,100,69.18
35.5611,15712,100,74.51
35.5792,15712,100,71.50
35.5967,15712,100,70.69
35.6143,16406,100,69.92
35.6326,16406,100,70.97
35.6504,16406,100,70.72
35.6679,16406,100,69.84
35.6854,16406,100,73.88
35.7035,17160,100,70.41
35.7210,17160,100,72.02
35.7391,17160,100,71.24
35.7573,17160,100,70.31
35.7747,17160,100,70.12
35.7921,17160,100,74.67
35.8096,17162,100,69.86
35.8270,17162,100,71.67
35.8451,17162,100,71.36
35.8627,17162,100,69.50
35.8801,16066,99,74.31
35.8981,16066,100,71.40
35.9156,16750,100,69.88
35.9331,17488,100,72.72
35.9511,17488,100,71.19
35.9689,17488,100,69.87
35.9863,17488,100,71.44
36.0044,17488,100,73.55
36.0224,17488,100,70.54
36.0402,17488,100,70.61
36.0579,17488,100,71.33
36.0757,17488,100,69.05
36.0935,17490,100,71.18
36.1117,17490,100,70.37
36.1292,18238,100,70.36
36.1467,18238,100,70.73
36.1641,18238,100,69.19
36.1818,18238,100,72.14
36.1996,18238,100,68.76
36.2178,18238,100,71.75
36.2351,18238,100,75.16
36.2528,15774,100,68.71
36.2707,15774,100,73.75
36.2882,16434,100,70.06
36.3060,17108,100,70.53
36.3234,17108,100,70.47
36.3408,18484,100,69.74
36.3586,18486,100,70.76
36.3760,18486,100,70.24
36.3936,18486,100,72.03
36.4110,18486,100,71.35
36.4287,18486,100,69.31
36.4461,18486,100,72.48
36.4636,19296,100,69.57
36.4814,19296,100,68.00
36.4991,19296,100,71.85
36.5169,19296,100,71.17
36.5346,19296,100,67.99
36.5526,19296,100,69.01
36.5701,19296,100,72.53
36.5878,19296,100,71.15
36.6059,19296,100,69.40
36.6234,16670,100,71.20
36.6408,17992,100,70.85
36.6586,17992,100,71.71
36.6767,17992,100,72.58
36.6945,17992,100,70.14
36.7124,18754,100,70.06
36.7301,18754,100,70.00
36.7479,18754,100,70.08
36.7656,18754,100,71.05
36.7831,18754,100,72.91
36.8006,18754,100,69.81
36.8185,18754,100,71.07
36.8362,18754,100,72.32
36.8539,18754,100,71.38
36.8720,18754,100,71.44
36.8898,18754,100,69.79
36.9073,18754,100,70.03
36.9247,19572,100,72.93
36.9421,19572,100,69.31
36.9596,19572,100,70.35
36.9775,19572,100,70.13
36.9949,16158,100,69.63
37.0130,16158,100,68.38
37.0309,16158,100,73.74
37.0486,16814,100,73.41
37.0664,17514,100,72.09
37.0840,17514,100,73.33
37.1022,17514,100,71.32
37.1195,17514,100,70.51
37.1370,17514,100,71.59
37.1547,17514,100,70.76
37.1729,17514,100,70.87
37.1907,17514,100,74.07
37.2081,17514,100,71.46
37.2261,18982,100,69.22
37.2440,18982,100,70.34
37.2622,18982,100,70.54
37.2797,18982,100,71.24
37.2975,18982,100,70.19
37.3157,18982,100,70.59
37.3335,18982,100,69.92
37.3510,16030,98,73.67
37.3685,17280,100,71.64
37.3859,17280,100,68.19
37.4037,17980,100,69.82
37.4218,17980,100,72.73
37.4394,17980,100,70.39
37.4576,18736,100,70.57
37.4750,18736,100,71.84
37.4924,19560,100,70.10
37.5103,19560,100,71.53
37.5280,19560,100,74.78
37.5455,19560,100,71.93
37.5633,19560,100,72.01
37.5807,19560,100,71.19
37.5985,19560,100,72.45
37.6159,19560,100,70.22
37.6335,19560,100,71.38
37.6510,19560,100,70.08
37.6683,19560,100,70.75
37.6861,19560,100,71.42
37.7041,19560,100,68.96
37.7219,16682,100,72.83
37.7400,17382,100,69.14
37.7582,17382,100,69.01
37.7759,17382,100,70.19
37.7941,18086,100,70.41
37.8115,18086,100,70.82
37.8292,18086,100,70.65
37.8467,18088,100,73.67
37.8646,18088,100,70.60
37.8821,18856,100,70.11
37.9004,18856,100,71.84
37.9178,18856,100,71.18
37.9352,18856,100,69.39
37.9526,19678,100,71.41
37.9700,19678,100,72.71
37.9874,19678,100,71.34
38.0051,19678,100,71.03
38.0232,19678,100,71.33
38.0414,19678,100,68.36
38.0589,19678,100,71.93
38.0763,19678,100,71.14
38.0941,16702,100,76.53
38.1116,17370,100,71.55
38.1290,18064,100,71.71
38.1467,18064,100,68.51
38.1648,18064,100,73.43
38.1822,18064,100,71.54
38.1997,18064,100,72.23
38.2171,18064,100,71.28
38.2345,18064,100,69.96
38.2519,18890,100,70.96
38.2693,18890,100,70.55
38.2866,18890,100,70.97
38.3040,18890,100,73.93
38.3214,18890,100,71.94
38.3388,18890,100,71.21
38.3567,18890,100,71.10
38.3741,18890,100,72.03
38.3915,18890,100,71.74
38.4090,18890,100,70.75
38.4265,18890,100,73.95
38.4439,18890,100,73.16
38.4613,17092,100,69.34
38.4789,17092,100,72.62
38.4964,17092,100,68.96
38.5138,17092,100,70.16
38.5312,17092,100,72.60
38.5486,17092,100,74.11
38.5661,17092,100,68.82
38.5839,17810,100,70.83
38.6014,17810,100,71.73
38.6188,17810,100,71.11
38.6362,17810,100,72.32
38.6537,19398,100,69.95
38.6712,19398,100,69.60
38.6888,19398,100,74.77
38.7068,19398,100,71.23
38.7241,19398,100,72.84
38.7415,19398,100,68.73
38.7591,19398,100,68.51
38.7764,19398,100,70.42
38.7938,19398,100,68.25
38.8113,19398,100,71.68
38.8287,17168,100,65.96
38.8461,17168,100,71.39
38.8634,17168,100,73.51
38.8809,17168,100,70.13
38.8983,17168,100,72.49
38.9159,17168,100,70.49
38.9334,17168,100,69.45
38.9507,17168,100,71.80
38.9683,17168,100,70.33
38.9856,17876,100,71.63
39.0030,17876,100,70.33
39.0204,17876,100,72.86
39.0381,17876,100,69.59
39.0559,17876,100,71.70
39.0734,17876,100,72.13
39.0913,17876,100,69.84
39.1087,17876,100,70.84
39.1261,18586,100,71.06
39.1439,19352,100,69.84
39.1615,19352,100,73.14
39.1790,19352,100,71.40
39.1965,16734,100,71.73
39.2139,17498,100,69.64
39.2313,17498,100,71.26
39.2487,17498,100,74.54
39.2661,17498,100,70.66
39.2836,17498,100,70.79
39.3011,17498,100,72.22
39.3185,17498,100,72.31
39.3364,17498,100,71.96
39.3544,18276,100,71.19
39.3717,18276,100,71.13
39.3892,18276,100,71.15
39.4067,18276,100,69.81
39.4241,18276,100,69.07
39.4415,18276,100,68.80
39.4589,18276,100,69.35
39.4764,18276,100,74.41
39.4938,18276,100,70.49
39.5112,18276,100,72.17
39.5286,18276,100,69.72
39.5460,15402,97,67.49
39.5635,17418,100,68.52
39.5811,18118,100,70.18
39.5985,18858,100,70.19
39.6159,19692,100,69.21
39.6334,20530,100,69.60
39.6511,20530,100,71.33
39.6688,20530,100,70.89
39.6862,20530,100,70.02
39.7038,20530,100,70.20
39.7214,20530,100,69.49
39.7388,20530,100,72.80
39.7565,20530,100,72.26
39.7740,20530,100,70.86
39.7915,20530,100,71.31
39.8089,20530,100,71.50
39.8263,20530,100,71.13
39.8437,20530,100,68.95
39.8612,20530,100,72.18
39.8786,20530,100,72.74
39.8960,20530,100,72.11
39.9137,15754,99,74.93
39.9311,16978,100,75.83
39.9487,18430,100,74.89
39.9660,18430,100,73.67
39.9835,19268,100,75.63
40.0009,19268,100,69.98
40.0183,19268,100,72.04
40.0357,19268,100,74.62
40.0531,19268,100,69.69
40.0705,19268,100,71.15
40.0879,19268,100,71.69
40.1053,19268,100,69.99
40.1227,19268,100,73.49
40.1402,19268,100,68.69
40.1576,20244,100,70.82
40.1751,20244,100,70.34
40.1925,20244,100,71.91
40.2099,20244,100,71.05
40.2277,20244,100,73.61
40.2451,20244,100,71.54
40.2625,20244,100,72.31
40.2799,20244,100,71.37
40.2973,20244,100,70.52
40.3147,20244,100,69.81
40.3322,20244,100,70.44
40.3496,20244,100,70.03
40.3673,15820,100,67.30
40.3848,17240,100,70.85
40.4024,18006,100,72.12
40.4199,18934,100,72.82
40.4374,18934,100,73.66
40.4549,18934,100,71.85
40.4724,18934,100,71.92
40.4899,18934,100,70.77
40.5074,18934,100,73.86
40.5249,18934,100,72.58
40.5427,18934,100,70.52
40.5603,18934,100,70.50
40.5777,18936,100,71.30
40.5954,18936,100,71.77
40.6129,18936,100,69.34
40.6304,18936,100,73.78
40.6479,18936,100,71.14
40.6654,18936,100,69.35
40.6827,18936,100,69.76
40.7004,18936,100,70.00
40.7178,18936,100,70.39
40.7353,18936,100,69.29
40.7528,18936,100,73.39
40.7702,18936,100,72.16
40.7877,18936,100,72.80
40.8051,15796,100,75.06
40.8226,15796,100,71.68
40.8401,15796,100,69.34
40.8575,15796,100,70.80
40.8749,16552,100,69.62
40.8927,17400,100,71.73
40.9101,17400,100,68.95
40.9274,17400,100,67.69
40.9448,17400,100,73.13
40.9623,17400,100,69.51
40.9797,17400,100,68.19
40.9971,17400,100,71.32
41.0150,17402,100,73.74
41.0326,17402,100,71.54
41.0499,17402,100,70.40
41.0676,17402,100,71.04
41.0852,17402,100,71.67
41.1026,17402,100,74.49
41.1200,17402,100,68.39
41.1377,17402,100,69.06
41.1551,17402,100,73.04
41.1727,17402,100,73.37
41.1902,17402,100,70.65
41.2075,17402,100,69.34
41.2249,15910,98,73.25
41.2423,15910,100,70.61
41.2597,15910,100,69.23
41.2771,16834,100,73.96
41.2945,16834,100,70.01
41.3125,16834,100,72.23
41.3300,16834,100,71.04
41.3474,16834,100,68.70
41.3648,16834,100,69.51
41.3822,16834,100,71.80
41.3996,16834,100,70.46
41.4171,16834,100,70.17
41.4344,16836,100,70.31
41.4520,16836,100,70.62
41.4694,16836,100,70.74
41.4867,16836,100,69.00
41.5041,16836,100,68.96
41.5215,16836,100,70.75
41.5389,16836,100,70.16
41.5563,16836,100,70.44
41.5739,16836,100,71.45
41.5916,16836,100,69.68
41.6090,16836,100,71.19
41.6265,16836,100,72.54
41.6442,16836,100,68.07
41.6619,17368,100,70.51
41.6793,17368,100,69.25
41.6967,17368,100,73.33
41.7142,17368,100,71.91
41.7317,17368,100,71.31
41.7491,17368,100,70.16
41.7668,17368,100,70.57
41.7843,17370,100,69.89
41.8018,17370,100,72.42
41.8192,17370,100,69.82
41.8366,17370,100,69.37
41.8545,17370,100,71.13
41.8719,17370,100,70.25
41.8892,17370,100,73.01
41.9067,17370,100,70.15
41.9242,17370,100,71.52
41.9416,17370,100,69.63
41.9590,17370,100,69.70
41.9766,17370,100,72.80
41.9939,17370,100,72.25
42.0114,17370,100,70.59
42.0287,17370,100,69.23
42.0462,17370,100,71.38
42.0636,16138,100,72.77
42.0810,16884,100,70.95
42.0984,17650,100,72.13
42.1163,18420,100,71.31
42.1337,19196,100,69.32
42.1511,19196,100,74.75
42.1690,20036,100,70.07
42.1863,20036,100,72.46
42.2037,20036,100,69.91
42.2215,20036,100,71.81
42.2390,20036,100,71.01
42.2568,20036,100,71.81
42.2742,20036,100,69.78
42.2917,20038,100,73.19
42.3091,20038,100,72.47
42.3265,20038,100,68.96
42.3438,20038,100,72.46
42.3612,20038,100,70.85
42.3790,20038,100,70.72
42.3964,20038,100,72.59
42.4138,20882,100,70.16
42.4314,20882,100,70.92
42.4491,20882,100,72.22
42.4665,20882,100,70.43
42.4839,17244,100,69.24
42.5013,17996,100,73.48
42.5192,18800,100,70.59
42.5369,18800,100,69.73
42.5543,18800,100,73.29
42.5717,18802,100,70.05
42.5891,18802,100,70.26
42.6067,18802,100,70.48
42.6242,18802,100,71.26
42.6416,18802,100,72.13
42.6593,19634,100,68.80
42.6768,19634,100,71.78
42.6942,19634,100,72.38
42.7119,20472,100,71.10
42.7293,20472,100,70.02
42.7470,20472,100,73.66
42.7645,20472,100,70.56
42.7823,20472,100,68.90
42.7998,20472,100,72.34
42.8171,20472,100,71.83
42.8345,20472,100,71.97
42.8520,20472,100,71.86
42.8694,20472,100,73.62
42.8869,16184,100,70.83
42.9043,17088,100,70.55
42.9217,17088,100,71.52
42.9391,17088,100,71.97
42.9568,17088,100,73.50
42.9742,17088,100,70.79
42.9920,17088,100,72.82
43.0094,17090,100,68.32
43.0271,17090,100,72.39
43.0447,17090,100,74.40
43.0624,17090,100,74.31
43.0798,17090,100,69.06
43.0972,17090,100,69.36
43.1146,17090,100,70.90
43.1320,18012,100,70.44
43.1494,18012,100,69.81
43.1668,18012,100,68.52
43.1842,18012,100,69.65
43.2016,18012,100,72.52
43.2189,18012,100,71.18
43.2367,18012,100,70.02
43.2548,18012,100,70.57
43.2722,18012,100,70.07
43.2900,16236,100,72.81
43.3074,16236,100,72.81
43.3251,16236,100,71.22
43.3425,17120,100,73.57
43.3599,17120,100,71.28
43.3777,17120,100,70.01
43.3954,17120,100,71.71
43.4128,17120,100,69.71
43.4302,17120,100,69.16
43.4478,17120,100,72.34
43.4652,17120,100,71.62
43.4826,17120,100,71.10
43.5001,17120,100,69.70
43.5175,17120,100,71.83
43.5352,17120,100,70.69
43.5531,17120,100,70.47
43.5709,17120,100,69.12
43.5891,17120,100,74.64
43.6065,17120,100,69.13
43.6247,18024,100,71.74
43.6421,18024,100,70.76
43.6599,18024,100,69.02
43.6780,18024,100,70.85
43.6962,15790,100,70.69
43.7137,17174,100,72.86
43.7315,17976,100,71.71
43.7490,17976,100,71.55
43.7664,17978,100,71.42
43.7841,17978,100,69.96
43.8015,17978,100,72.48
43.8189,17978,100,69.68
43.8364,17978,100,70.55
43.8542,17978,100,68.83
43.8721,17978,100,71.19
43.8897,17978,100,71.32
43.9075,17978,100,73.33
43.9255,17978,100,73.46
43.9431,17978,100,71.32
43.9609,17978,100,68.54
43.9789,17978,100,69.54
43.9970,17978,100,71.90
44.0145,18806,100,72.32
44.0319,18806,100,71.18
44.0496,18806,100,70.32
44.0677,18806,100,72.78
44.0855,16140,100,67.99
44.1029,16880,100,71.43
44.1207,16880,100,73.21
44.1389,16880,100,72.75
44.1564,17660,100,68.49
44.1738,17660,100,69.90
44.1913,18442,100,73.10
44.2091,18442,100,71.06
44.2264,18442,100,70.00
44.2442,18442,100,70.58
44.2620,20132,100,72.33
44.2799,21014,100,71.19
44.2974,21014,100,70.11
44.3148,21014,100,68.24
44.3322,21014,100,70.60
44.3497,21014,100,71.64
44.3675,21014,100,69.84
44.3852,21014,100,69.50
44.4030,21014,100,72.28
44.4203,21938,100,71.34
44.4381,21938,100,71.68
44.4560,21938,100,68.91
44.4740,21938,100,72.48
44.4914,16558,100,70.72
44.5097,17270,100,72.14
44.5271,17270,100,70.13
44.5445,18764,100,71.81
44.5619,19546,100,71.71
44.5793,19546,100,73.28
44.5974,19546,100,70.54
44.6151,19546,100,72.21
44.6332,19546,100,71.94
44.6506,19546,100,70.03
44.6684,20382,100,70.65
44.6861,20382,100,71.08
44.7036,20382,100,72.14
44.7212,20382,100,71.47
44.7386,20382,100,72.09
44.7567,20382,100,70.15
44.7741,20382,100,71.99
44.7916,21290,100,73.43
44.8090,21290,100,71.67
44.8264,21290,100,71.11
44.8438,21290,100,72.42
44.8617,21290,100,72.18
44.8794,21290,100,73.86
44.8968,17578,100,74.85
44.9145,17578,100,68.67
44.9326,17578,100,72.76
44.9500,17578,100,70.43
44.9679,18354,100,70.99
44.9857,18354,100,70.80
45.0031,18354,100,71.72
45.0205,18354,100,70.82
45.0386,19154,100,71.14
45.0561,19154,100,70.98
45.0735,19156,100,69.91
45.0914,19156,100,71.18
45.1088,20010,100,71.27
45.1270,20010,100,71.34
45.1447,20010,100,69.93
45.1621,20010,100,72.01
45.1798,20010,100,70.68
45.1972,20010,100,70.16
45.2151,20010,100,72.31
45.2332,20010,100,71.49
45.2514,20934,100,71.80
45.2694,20934,100,73.32
45.2876,15468,98,66.15
45.3050,16220,100,68.25
45.3231,17064,100,69.84
45.3409,17064,100,70.60
45.3583,17064,100,71.32
45.3760,17064,100,72.55
45.3934,17064,100,70.03
45.4112,17064,100,71.47
45.4293,17064,100,68.86
45.4468,17064,100,71.43
45.4649,17064,100,68.97
45.4823,17064,100,73.04
45.4998,17064,100,73.31
45.5175,17064,100,68.67
45.5356,17064,100,71.46
45.5536,17064,100,70.10
45.5717,17064,100,71.29
45.5891,17064,100,70.97
45.6069,17064,100,69.27
45.6249,17064,100,70.67
45.6424,17064,100,71.89
45.6602,17064,100,68.42
45.6783,17064,100,70.97
45.6957,17558,100,72.03
45.7131,17558,100,72.32
45.7312,17558,100,70.68
45.7487,17558,100,71.54
45.7664,17558,100,69.46
45.7842,17558,100,70.64
45.8019,17558,100,71.00
45.8195,17558,100,70.55
45.8369,17558,100,72.17
45.8544,17558,100,69.18
45.8721,18396,100,74.70
45.8900,18396,100,69.72
45.9077,18396,100,69.68
45.9256,18396,100,73.02
45.9429,18396,100,71.13
45.9603,18396,100,69.01
45.9784,18396,100,72.07
45.9958,18396,100,72.84
46.0133,18396,100,71.06
46.0307,18396,100,72.80
46.0481,18396,100,70.53
46.0655,18396,100,70.36
46.0832,16302,99,72.44
46.1006,17802,100,70.04
46.1185,18686,100,68.47
46.1362,19600,100,71.07
46.1539,19600,100,72.85
46.1714,19600,100,71.84
46.1891,19600,100,73.56
46.2073,19600,100,70.02
46.2251,19600,100,71.18
46.2427,19600,100,69.98
46.2601,19600,100,69.55
46.2778,19600,100,71.05
46.2953,19600,100,71.98
46.3132,19600,100,69.53
46.3309,19600,100,69.76
46.3483,19600,100,70.94
46.3663,19600,100,70.24
46.3842,19600,100,71.06
46.4016,19600,100,70.09
46.4198,19600,100,70.64
46.4379,19600,100,71.61
46.4555,19600,100,70.67
46.4730,19600,100,71.46
46.4907,17144,99,69.45
46.5085,17144,100,69.21
46.5259,17144,100,72.67
46.5433,17144,100,67.79
46.5612,17144,100,73.94
46.5786,17144,100,69.60
46.5962,17144,100,68.49
46.6139,17144,100,73.70
46.6313,17144,100,71.67
46.6493,17144,100,72.38
46.6670,17144,100,70.29
46.6844,17144,100,73.72
46.7021,17144,100,69.74
46.7197,17144,100,72.04
46.7374,17144,100,68.91
46.7555,17144,100,73.20
46.7735,17144,100,69.65
46.7917,17144,100,70.13
46.8097,17144,100,71.41
46.8275,17144,100,70.56
46.8457,17144,100,72.68
46.8634,17144,100,68.06
46.8810,16866,100,69.00
46.8992,18336,100,70.49
46.9170,19106,100,71.44
46.9351,20022,100,70.46
46.9529,20022,100,70.47
46.9703,20022,100,72.68
46.9880,20022,100,71.84
47.0055,20022,100,71.47
47.0237,20022,100,70.98
47.0412,20022,100,72.65
47.0587,20022,100,69.97
47.0765,20022,100,71.35
47.0939,20022,100,70.17
47.1114,20022,100,70.07
47.1291,20022,100,69.66
47.1469,20022,100,71.80
47.1646,20022,100,72.18
47.1827,20022,100,70.76
47.2009,20022,100,70.88
47.2187,20022,100,70.27
47.2364,20022,100,71.32
47.2542,20022,100,69.00
47.2717,16284,100,74.71
47.2899,17082,100,71.21
47.3073,17082,100,71.06
47.3252,17886,100,71.29
47.3425,17886,100,70.36
47.3601,17886,100,71.20
47.3783,17886,100,71.18
47.3958,17886,100,70.65
47.4136,17886,100,70.67
47.4314,18732,100,70.08
47.4488,18732,100,71.78
47.4669,18732,100,71.20
47.4848,18732,100,69.98
47.5023,18732,100,71.28
47.5202,18732,100,71.05
47.5383,18732,100,72.26
47.5560,18732,100,69.03
47.5741,18732,100,70.07
47.5916,19664,100,72.86
47.6093,19664,100,73.31
47.6272,19664,100,71.28
47.6449,19664,100,70.61
47.6630,16370,100,69.70
47.6804,17908,100,69.86
47.6979,17908,100,72.70
47.7157,17908,100,72.43
47.7332,17908,100,70.54
47.7506,17908,100,70.35
47.7683,17908,100,72.96
47.7858,17908,100,70.59
47.8040,17908,100,73.93
47.8217,17908,100,68.93
47.8395,17908,100,73.60
47.8569,17908,100,69.32
47.8745,18792,100,70.46
47.8923,18792,100,70.37
47.9097,18792,100,70.58
47.9278,18792,100,73.27
47.9460,18792,100,71.36
47.9633,18792,100,69.02
47.9811,18792,100,70.22
47.9985,18792,100,69.94
48.0163,18792,100,72.33
48.0340,18792,100,70.51
48.0519,18792,100,70.58
48.0693,16990,100,70.27
48.0871,16990,100,71.39
48.1045,16990,100,68.06
48.1227,16990,100,70.88
48.1408,17926,100,73.29
48.1586,17926,100,71.92
48.1760,17926,100,70.96
48.1936,17926,100,70.80
48.2110,17926,100,73.22
48.2284,17926,100,70.29
48.2458,17926,100,70.82
48.2633,17926,100,70.55
48.2807,17926,100,69.56
48.2982,17926,100,70.73
48.3156,17926,100,71.72
48.3330,17926,100,70.35
48.3505,17926,100,69.18
48.3680,17926,100,71.29
48.3854,17926,100,70.57
48.4030,17926,100,70.07
48.4203,17926,100,71.40
48.4379,17926,100,71.94
48.4559,16448,100,70.64
48.4733,16448,100,73.77
48.4910,16448,100,68.67
48.5083,18150,100,73.56
48.5258,18150,100,72.19
48.5432,18150,100,68.89
48.5606,18150,100,71.38
48.5780,18150,100,70.64
48.5958,18150,100,70.41
48.6133,18150,100,70.67
48.6307,18150,100,70.95
48.6483,18150,100,71.68
48.6656,18150,100,70.45
48.6830,18150,100,72.68
48.7008,18150,100,71.86
48.7187,18150,100,71.18
48.7360,18150,100,68.95
48.7534,18150,100,71.75
48.7709,18150,100,71.95
48.7882,18150,100,70.55
48.8056,18150,100,71.54
48.8230,18150,100,72.09
48.8407,15898,100,70.82
48.8583,17820,100,68.61
48.8756,19306,100,69.21
48.8932,19306,100,73.60
48.9106,19306,100,73.07
48.9280,19306,100,68.71
48.9455,19306,100,70.38
48.9629,19306,100,71.53
48.9803,19306,100,69.43
48.9977,19306,100,71.89
49.0152,20240,100,70.53
49.0325,20240,99,72.07
49.0500,20240,100,69.91
49.0674,20240,100,71.72
49.0848,20240,100,69.66
49.1022,20240,100,70.89
49.1200,20240,100,73.59
49.1375,20240,100,73.45
49.1549,20240,100,68.84
49.1726,20240,100,71.03
49.1901,20240,100,72.93
49.2075,20240,100,67.96
49.2249,20240,100,70.77
49.2424,16542,100,70.39
49.2598,16542,100,72.24
49.2771,16542,100,69.53
49.2949,16542,100,69.75
49.3123,16542,100,69.23
49.3296,16542,100,68.93
49.3470,16542,100,68.73
49.3646,16542,100,69.78
49.3820,16542,100,70.79
49.3996,16542,100,70.83
49.4176,16542,100,71.78
49.4351,16542,100,71.26
49.4526,16542,100,69.40
49.4701,16542,100,71.11
49.4875,16542,100,71.51
49.5050,16542,100,70.90
49.5225,16542,100,69.57
49.5404,16542,100,72.68
49.5578,16542,100,69.70
49.5753,16542,100,71.34
49.5927,16542,100,71.78
49.6102,16542,100,71.04
49.6276,16760,100,72.39
49.6451,17556,100,73.50
49.6628,17556,100,70.42
49.6802,17556,100,70.01
49.6977,17556,100,70.58
49.7151,17556,100,71.61
49.7325,18400,100,71.55
49.7499,18400,100,70.43
49.7676,18400,100,71.41
49.7851,19268,100,71.70
49.8024,19268,100,73.00
49.8199,19268,100,70.32
49.8373,19268,100,74.29
49.8548,19268,100,70.48
49.8723,19268,100,71.82
49.8897,19268,100,69.29
49.9071,19268,100,72.65
49.9246,20154,100,72.79
49.9421,20154,100,70.41
49.9595,20154,100,73.77
49.9769,20154,100,72.61
49.9944,20154,100,72.49
50.0117,16300,100,69.70
50.0291,17064,100,72.55
50.0467,17064,100,69.75
50.0641,17908,100,73.56
50.0816,17908,100,73.18
50.0991,17908,100,69.50
50.1165,17908,100,70.98
50.1340,17908,100,68.99
50.1514,17908,100,72.77
50.1689,17908,100,71.87
50.1863,17908,100,72.06
50.2038,17908,100,70.50
50.2212,17908,100,69.19
50.2388,17908,100,70.87
50.2564,17908,100,72.31
50.2739,17908,100,71.83
50.2913,17908,100,70.83
50.3092,17908,100,69.85
50.3265,17908,100,67.62
50.3440,17908,100,71.75
50.3614,17908,100,71.44
50.3791,17908,100,68.74
50.3965,16126,98,74.00
50.4143,16126,100,70.89
50.4316,17650,100,70.67
50.4491,17650,100,72.27
50.4665,17650,100,71.67
50.4839,17650,100,69.42
50.5015,18588,100,74.21
50.5189,18588,100,71.10
50.5365,18588,100,70.61
50.5538,18588,100,72.63
50.5713,18588,100,70.48
50.5890,18588,100,71.64
50.6065,18588,100,69.71
50.6238,18588,100,69.98
50.6412,18588,100,71.59
50.6586,18588,100,72.64
50.6761,18588,100,70.23
50.6935,18588,100,72.72
50.7109,18588,100,73.09
50.7283,18588,100,69.73
50.7457,18588,100,70.78
50.7631,18588,100,69.74
50.7807,18588,100,72.20
50.7981,17654,100,73.05
50.8155,17654,100,69.76
50.8329,17654,100,71.33
50.8503,17654,100,71.28
50.8677,17654,100,70.77
50.8851,17654,100,72.08
50.9026,17654,100,72.50
50.9200,17654,100,70.30
50.9377,17654,100,71.73
50.9553,17654,100,69.85
50.9728,17654,100,70.87
50.9902,17654,100,68.54
51.0076,17654,100,71.64
51.0253,17654,100,72.16
51.0429,17654,100,68.04
51.0606,17654,100,73.54
51.0781,17654,100,71.95
51.0955,17654,100,70.37
51.1130,17654,100,71.24
51.1304,17654,100,68.25
51.1480,17654,100,71.29
51.1654,17654,100,71.92
51.1829,17162,100,73.72
51.2003,17162,100,71.14
51.2179,17162,100,71.91
51.2353,17162,100,71.40
51.2528,17162,100,70.49
51.2702,18102,100,71.65
51.2878,18102,100,71.33
51.3051,18102,100,68.47
51.3226,18102,100,71.72
51.3401,18102,100,70.01
51.3576,18102,100,72.43
51.3751,18102,100,70.89
51.3926,18102,100,70.80
51.4100,18102,100,70.89
51.4274,18102,100,73.13
51.4451,18102,100,69.80
51.4627,18102,100,72.38
51.4801,18102,100,70.93
51.4975,18102,100,72.47
51.5149,18102,100,70.90
51.5324,18102,100,71.31
51.5498,18102,100,70.97
51.5673,16812,99,70.91
51.5847,17664,100,69.36
51.6024,17664,100,72.89
51.6199,17664,100,71.45
51.6373,17664,100,71.53
51.6548,17664,100,69.11
51.6721,17664,100,69.64
51.6895,17664,100,70.29
51.7069,17664,100,70.51
51.7245,17664,100,71.63
51.7420,17664,100,69.55
51.7596,17664,100,72.32
51.7769,17664,100,71.84
51.7944,17664,100,69.00
51.8117,17664,100,73.23
51.8295,17664,100,71.87
51.8469,18550,100,68.35
51.8643,18550,100,70.99
51.8821,18550,100,71.87
51.9000,18550,100,73.60
51.9173,18550,100,68.95
51.9347,18550,100,70.37
51.9521,16066,100,71.98
51.9696,16996,100,72.78
51.9871,14724,0,43.09
52.0044,14724,0,31.39
52.0218,14724,0,31.06
52.0396,14724,0,31.06
52.0569,14724,0,30.94
52.0743,14724,0,30.89
52.0917,14724,0,30.64
52.1091,14724,0,30.55
52.1276,14724,0,30.55
52.1462,14724,0,30.54
52.1641,15586,23,33.70
52.1816,16854,100,74.68
52.1990,17584,100,71.79
52.2164,18454,100,70.80
52.2341,18454,100,72.36
52.2517,18454,100,71.12
52.2694,18454,100,71.83
52.2867,18454,100,69.00
52.3043,18454,100,72.69
52.3217,18454,100,71.31
52.3390,18454,100,72.66
52.3568,18454,100,68.66
52.3747,18454,100,70.45
52.3921,18454,100,71.02
52.4096,18454,100,70.08
52.4270,18454,100,67.58
52.4445,18454,100,73.71
52.4623,18454,100,70.35
52.4797,18454,100,71.44
52.4971,18454,100,72.52
52.5148,18454,100,69.67
52.5324,18454,100,69.06
52.5498,18454,100,70.17
52.5672,18454,100,70.29
52.5847,18454,100,72.17
52.6023,19374,100,70.38
52.6197,19374,100,69.69
52.6378,19374,100,73.05
52.6553,19374,100,70.21
52.6727,19374,100,74.19
52.6906,20312,100,73.41
52.7083,20312,100,69.40
52.7261,20312,100,70.65
52.7435,20312,100,68.10
52.7609,20312,100,70.15
52.7784,20312,100,71.99
52.7960,20312,100,73.22
52.8133,20312,100,72.50
52.8307,20312,100,70.42
52.8481,20312,100,71.99
52.8656,20312,100,71.66
52.8829,20312,99,72.24
52.9004,20312,100,71.66
52.9179,20312,100,72.59
52.9353,20312,100,69.10
52.9527,20312,100,70.91
52.9704,20312,100,73.97
52.9882,20312,100,71.02
53.0057,20312,100,71.46
53.0232,20312,100,72.08
53.0409,20312,100,70.50
53.0584,20312,100,72.90
53.0762,20312,100,69.71
53.0936,20312,100,71.77
53.1111,20312,100,69.87
53.1285,20312,100,70.58
53.1460,20312,100,70.09
53.1637,20312,100,71.86
53.1811,20312,100,72.20
53.1989,20312,100,73.06
53.2163,20312,100,71.07
53.2337,20312,100,74.16
53.2511,20312,100,68.10
53.2687,20312,100,71.17
53.2861,20312,100,72.19
53.3036,20312,100,72.06
53.3215,20312,100,72.95
53.3389,20312,100,72.24
53.3564,20312,100,71.53
53.3742,20312,100,72.22
53.3923,20312,100,69.85
53.4101,20312,100,70.39
53.4275,20312,100,72.04
53.4454,20312,100,70.71
53.4631,20312,100,69.13
53.4810,20312,100,71.83
53.4984,20312,100,71.43
53.5159,20312,100,70.19
53.5337,20312,100,72.18
53.5511,20312,100,73.82
53.5689,20312,100,71.26
53.5863,20312,100,69.06
53.6042,20312,100,70.62
53.6216,20312,100,69.59
53.6390,20312,100,69.94
53.6571,20312,100,72.97
53.6751,20312,100,71.76
53.6932,20312,100,69.93
53.7113,20312,100,72.62
53.7287,20312,100,68.95
53.7461,20312,100,70.52
53.7637,20312,100,71.09
53.7811,20312,100,73.83
53.7991,20312,100,70.87
53.8166,20312,100,72.69
53.8340,20312,100,70.26
53.8514,20312,100,71.43
53.8688,20312,100,71.31
53.8865,20312,100,70.85
53.9047,20312,100,70.12
53.9228,20312,100,70.75
53.9405,20312,100,68.51
53.9579,20312,100,69.94
53.9757,20312,100,72.64
53.9931,20312,100,72.67
54.0105,20312,100,71.32
54.0280,20312,100,70.98
54.0454,20312,100,70.25
54.0629,20312,99,70.64
54.0804,20312,100,68.68
54.0980,20312,100,71.85
54.1155,20312,100,73.32
54.1330,20312,100,69.14
54.1506,20312,100,71.50
54.1687,20312,100,72.72
54.1864,20312,100,71.65
54.2046,20312,100,68.78
54.2220,20312,100,72.21
54.2395,20312,100,72.14
54.2569,20312,100,68.99
54.2751,20312,100,70.85
54.2925,20312,100,70.57
54.3101,20312,100,69.15
54.3278,20312,99,70.93
54.3452,20312,100,72.19
54.3627,20312,100,72.46
54.3810,20312,100,71.03
54.3988,20312,100,73.54
54.4165,20312,100,71.04
54.4338,20312,100,72.33
54.4516,20312,100,71.23
54.4690,20312,100,71.22
54.4865,20312,100,72.28
54.5048,20312,100,69.64
54.5226,20312,100,72.30
54.5401,20312,100,69.09
54.5578,20312,100,71.45
54.5760,20312,100,70.70
54.5934,20312,100,73.58
54.6108,20312,100,72.38
54.6285,20312,100,70.80
54.6466,20312,100,70.04
54.6645,20312,100,70.42
54.6819,20312,100,70.90
54.6994,20312,100,71.12
54.7176,20312,100,73.14
54.7351,20312,100,68.53
54.7526,20312,100,72.53
54.7702,20312,100,69.62
54.7877,20312,100,71.68
54.8052,20312,100,71.97
54.8234,20312,100,70.15
54.8411,20312,100,69.95
54.8592,20312,100,69.43
54.8773,20312,100,73.20
54.8951,20312,100,70.78
54.9132,20312,100,70.87
54.9309,20312,100,72.40
54.9491,20312,100,70.12
54.9666,20312,100,70.27
54.9843,20312,100,72.52
55.0018,20312,100,72.81
55.0191,20312,100,70.01
55.0368,20312,100,72.42
55.0543,20312,100,71.58
55.0720,20312,100,68.08
55.0899,20312,100,70.04
55.1080,20312,100,73.26
55.1259,20312,100,68.60
55.1436,20312,100,69.31
55.1610,20312,100,70.91
55.1785,20312,100,71.45
55.1959,20312,100,69.27
55.2136,20312,100,68.91
55.2315,20312,100,71.58
55.2489,20312,100,70.23
55.2663,20312,100,71.17
55.2837,20312,100,70.97
55.3015,20312,100,68.98
55.3189,20312,100,71.52
55.3370,20312,100,71.58
55.3548,20312,100,72.72
55.3724,20312,100,70.85
55.3901,20312,100,71.61
55.4075,20312,100,72.32
55.4252,20312,100,72.36
55.4426,20312,100,72.35
55.4601,20312,100,71.34
55.4777,20312,100,70.25
55.4951,20312,100,71.36
55.5126,20312,100,71.75
55.5301,20312,100,69.91
55.5481,20312,100,69.78
55.5657,20312,100,71.83
55.5835,20312,100,71.73
55.6009,20312,100,70.68
55.6185,20312,100,72.10
55.6362,20312,100,68.93
55.6543,20312,100,71.54
55.6717,20312,100,71.85
55.6899,20312,100,70.14
55.7073,20312,100,73.76
55.7247,20312,100,70.76
55.7420,20312,100,70.89
55.7596,20312,100,69.69
55.7773,20312,100,71.04
55.7950,20312,100,72.67
55.8125,20312,100,70.69
55.8300,20312,100,70.43
55.8479,20312,100,71.64
55.8656,20312,100,70.47
55.8833,20312,100,70.78
55.9008,20312,100,70.46
55.9185,20312,100,69.96
55.9362,20312,100,71.39
55.9544,20312,100,73.29
55.9721,20312,100,69.74
55.9900,20312,100,73.43
56.0076,20312,100,68.84
56.0250,20312,100,71.91
56.0424,20312,100,70.79
56.0600,20312,100,70.88
56.0774,20312,100,71.87
56.0955,20312,100,73.97
56.1136,20312,100,71.62
56.1311,20312,100,70.08
56.1486,20312,100,73.10
56.1668,20312,100,71.66
56.1841,20312,100,70.65
56.2019,20312,100,73.36
56.2193,20312,100,71.38
56.2368,20312,99,72.26
56.2542,20312,100,70.59
56.2720,20312,100,71.44
56.2895,20312,100,68.18
56.3075,20312,100,73.72
56.3253,20312,100,71.32
56.3430,20312,100,71.89
56.3611,20312,100,70.99
56.3785,20312,100,73.28
56.3960,20312,100,68.17
56.4134,20312,100,71.18
56.4308,20312,100,71.17
56.4486,20312,100,69.85
56.4664,20312,100,72.20
56.4838,20312,100,70.36
56.5016,20312,100,71.16
56.5195,20312,100,72.65
56.5376,20312,100,68.39
56.5558,20312,100,71.12
56.5734,20312,100,69.95
56.5910,20312,100,70.82
56.6085,20312,100,69.79
56.6259,20312,100,71.60
56.6435,20312,100,71.87
56.6616,20312,100,72.11
56.6796,20312,100,70.82
56.6971,20312,100,69.09
56.7148,20312,100,71.55
56.7323,20312,100,71.22
56.7497,20312,100,71.13
56.7671,20312,100,74.07
56.7881,20312,100,69.80
56.8061,20312,100,69.70
56.8237,20312,100,72.03
56.8418,20312,100,72.94
56.8592,20312,100,71.28
56.8766,20312,100,74.95
56.8943,20312,100,71.48
56.9125,20312,100,70.96
56.9299,20312,100,69.17
56.9475,20312,100,70.65
56.9649,20312,100,70.16
56.9826,20312,100,71.90
57.0007,20312,100,71.10
57.0185,20312,100,72.85
57.0366,20312,100,70.96
57.0546,20312,100,72.94
57.0722,20312,100,71.73
57.0904,20312,100,68.68
57.1085,20312,100,72.53
57.1260,20312,100,72.33
57.1434,20312,100,71.06
57.1611,20312,100,71.04
57.1785,20312,100,69.12
57.1960,20312,100,69.46
57.2138,20312,100,72.94
57.2317,20312,100,71.02
57.2491,20312,100,72.26
57.2666,20312,100,69.61
57.2844,20312,100,71.85
57.3020,20312,100,70.52
57.3197,20312,100,70.75
57.3371,20312,100,68.18
57.3546,20312,100,70.89
57.3725,20312,100,68.76
57.3899,20312,100,70.94
57.4074,20312,100,68.32
57.4248,20312,100,71.05
57.4422,20312,100,69.92
57.4601,20312,100,71.16
57.4776,20312,100,71.21
57.4955,20312,100,71.48
57.5129,20312,100,69.27
57.5304,20312,100,71.39
57.5478,20312,100,71.71
57.5654,20312,100,69.19
57.5833,20312,100,71.56
57.6010,20312,100,71.40
57.6191,20312,100,72.00
57.6366,20312,100,72.13
57.6540,20312,100,72.75
57.6715,20312,100,72.39
57.6893,20312,100,73.49
57.7069,20312,100,72.02
57.7252,20312,100,71.54
57.7427,20312,100,72.12
57.7609,20312,100,70.65
57.7783,20312,100,70.59
57.7961,20312,100,73.66
57.8142,20312,100,70.92
57.8315,20312,100,74.71
57.8491,20312,100,73.51
57.8669,20312,100,70.12
57.8846,20312,100,73.87
57.9024,20312,100,72.09
57.9198,20312,100,72.16
57.9372,20312,100,70.26
57.9547,20312,100,71.53
57.9721,20312,100,71.42
57.9902,20312,100,71.43
58.0079,20312,100,70.35
58.0253,20312,100,74.08
58.0428,20312,100,70.74
58.0607,20312,100,70.58
58.0780,20312,100,70.51
58.0954,20312,100,70.50
58.1129,20312,100,71.28
58.1308,20312,100,68.92
58.1485,20312,100,70.92
58.1662,20312,100,70.36
58.1841,20312,100,72.80
58.2016,20312,100,71.94
58.2195,20312,100,71.13
58.2369,20312,100,69.70
58.2546,20312,100,70.67
58.2721,20312,100,75.88
58.2897,20312,100,70.77
58.3071,20312,100,71.07
58.3245,20312,100,72.11
58.3423,20312,100,71.46
58.3599,20312,100,73.48
58.3773,20312,100,69.81
58.3947,20312,100,67.35
58.4121,20312,100,69.24
58.4299,20312,100,71.71
58.4474,20312,100,71.04
58.4648,20312,100,72.71
58.4822,20312,100,69.60
58.4996,20312,100,69.16
58.5171,20312,100,70.61
58.5346,20312,100,76.92
58.5520,20312,100,71.46
58.5696,20312,100,73.27
58.5873,20312,100,71.24
58.6047,20312,100,68.87
58.6225,20312,100,70.29
58.6399,20312,100,70.52
58.6574,20312,100,71.62
58.6748,20312,100,73.29
58.6922,20312,100,73.44
58.7096,20312,100,71.41
58.7274,20312,100,69.70
58.7448,20312,100,68.99
58.7622,20312,100,71.24
58.7796,20312,100,69.86
58.7975,20312,100,71.59
58.8149,20312,100,69.07
58.8323,20312,100,71.30
58.8499,20312,100,68.23
58.8677,20312,100,75.55
58.8852,20312,100,69.64
58.9026,20312,100,71.14
58.9200,20312,99,73.16
58.9374,20312,100,71.14
58.9549,20312,100,70.95
58.9723,20312,100,69.90
58.9897,20312,100,68.20
59.0072,20312,100,70.59
59.0246,20312,100,70.28
59.0423,20312,100,69.65
59.0601,20312,100,72.09
59.0775,20312,100,71.46
59.0949,20312,100,72.39
59.1124,20312,100,70.97
59.1299,20312,100,72.01
59.1473,20312,100,73.04
59.1647,20312,100,72.65
59.1823,20312,100,70.98
59.1998,20312,100,70.51
59.2174,20312,100,70.67
59.2348,20312,100,70.87
59.2525,20312,100,71.97
59.2703,20312,100,71.13
59.2877,20312,100,67.10
59.3051,20312,100,71.11
59.3226,20312,100,72.00
59.3400,20312,100,71.38
59.3574,20312,100,71.39
59.3749,20312,100,68.78
59.3925,20312,100,72.25
59.4099,20312,100,70.95
59.4273,20312,100,70.44
59.4447,20312,100,75.62
59.4622,20312,100,72.09
59.4798,20312,100,69.14
59.4972,20312,100,70.86
59.5146,20312,100,72.62
59.5326,20312,100,71.11
59.5502,20312,100,72.01
59.5677,20312,100,72.45
59.5851,20312,100,70.55
59.6029,20312,100,73.67
59.6210,20312,100,70.32
59.6384,20312,100,72.44
59.6560,20312,100,69.95
59.6734,20312,100,69.75
59.6908,20312,100,73.34
59.7082,20312,100,70.98
59.7256,20312,100,72.83
59.7431,20312,100,68.78
59.7606,20312,100,71.51
59.7780,20312,100,67.52
59.7954,20312,99,71.36
59.8131,20312,100,72.09
59.8305,20312,100,69.21
59.8479,20312,100,72.38
59.8653,20312,100,71.46
59.8827,20312,100,70.44
59.9001,20312,100,70.84
59.9176,20312,100,70.66
59.9352,20312,100,71.43
59.9527,20312,100,70.39
59.9704,20312,100,72.23
59.9879,20312,100,67.72
60.0053,20312,100,69.61
60.0228,20312,100,69.79
60.0403,20312,100,72.23
60.0578,20312,100,70.75
60.0752,20312,100,70.24
60.0929,20312,100,69.36
60.1103,20312,100,75.06
60.1280,20312,100,73.04
60.1455,20312,100,71.60
60.1630,20312,100,74.78
60.1804,20312,100,70.96
60.1980,20312,100,70.24
60.2155,20312,100,72.79
60.2329,20312,100,73.44
60.2503,20312,100,73.83
60.2678,20312,100,71.21
60.2853,20312,100,75.21
60.3027,20312,100,73.64
60.3201,20312,100,67.82
60.3375,20312,100,70.13
60.3549,20312,100,69.59
60.3728,20312,100,71.01
60.3902,20312,100,71.01
60.4078,20312,100,72.14
60.4252,20312,100,71.25
60.4429,20312,100,70.74
60.4603,20312,100,72.01
60.4782,20312,100,74.87
60.4957,20312,100,71.37
60.5132,20312,100,70.86
60.5310,20312,100,69.76
60.5484,20312,100,69.35
60.5662,20312,100,69.64
60.5836,20312,100,70.84
60.6012,20312,100,72.80
60.6186,20312,100,70.70
60.6363,20312,100,71.78
60.6537,20312,100,68.36
60.6711,20312,100,71.71
60.6886,20312,100,70.97
60.7064,20312,100,67.63
60.7237,20312,100,72.07
60.7413,20312,100,69.31
60.7592,20312,100,68.64
60.7770,20312,100,72.08
60.7944,20312,100,74.44
60.8118,20312,100,65.98
60.8292,20312,100,72.33
60.8466,20312,99,68.32
60.8640,20312,100,73.78
60.8814,20312,100,70.84
60.8988,20312,100,71.61
60.9164,20312,100,71.24
60.9339,20312,100,72.14
60.9514,20312,100,71.48
60.9692,20312,100,72.59
60.9870,20312,100,68.63
61.0044,20312,100,70.12
61.0219,20312,99,67.50
61.0394,20312,100,73.02
61.0571,20312,100,71.65
61.0746,20312,100,73.40
61.0922,20312,99,73.13
61.1095,20312,100,71.47
61.1274,20312,100,70.97
61.1448,20312,100,73.41
61.1624,20312,100,73.53
61.1798,20312,100,69.09
61.1972,20312,100,74.47
61.2146,20312,100,69.10
61.2321,20312,100,73.74
61.2495,20312,100,68.99
61.2670,20312,100,73.79
61.2844,20312,100,69.07
61.3018,20312,100,72.40
61.3195,20312,100,74.43
61.3370,20312,100,71.03
61.3545,20312,100,68.12
61.3720,20312,100,75.14
61.3898,20312,100,69.82
61.4073,20312,100,67.80
61.4249,20312,100,70.60
61.4423,20312,100,71.60
61.4601,20312,100,71.93
61.4778,20312,100,70.93
61.4955,20312,100,71.43
61.5130,20312,100,72.12
61.5304,20312,100,72.02
61.5480,20312,100,70.68
61.5654,20312,100,77.03
61.5828,20312,100,68.09
61.6002,20312,100,71.29
61.6176,20312,100,70.49
61.6351,20312,100,71.59
61.6528,20312,100,70.88
61.6702,20312,100,68.96
61.6877,20312,100,69.74
61.7052,20312,100,80.58
61.7226,20312,100,72.58
61.7404,20312,100,74.58
61.7578,20312,100,74.24
61.7753,20312,100,71.08
61.7932,20312,100,72.68
61.8107,20312,100,69.45
61.8282,20312,100,71.70
61.8456,20312,99,71.38
61.8629,20312,100,72.59
61.8803,20312,100,75.21
61.8978,20312,100,72.21
61.9153,20312,100,68.84
61.9326,20312,100,74.07
61.9505,20312,100,66.42
61.9681,20312,100,73.99
61.9856,20312,100,71.30
62.0031,20312,100,70.27
62.0205,20312,100,69.18
62.0379,20312,100,70.80
62.0555,20312,100,70.32
62.0729,20312,100,73.66
62.0906,20312,100,71.56
62.1080,20312,100,72.92
62.1254,20312,100,71.21
62.1428,20312,100,72.10
62.1603,20312,100,71.87
62.1778,20312,100,70.01
62.1951,20312,100,72.24
62.2125,20312,100,72.74
62.2306,20312,100,70.46
62.2481,20312,100,70.33
62.2659,20312,100,74.27
62.2835,20312,100,71.06
62.3008,20312,100,72.46
62.3183,20312,100,70.49
62.3357,20312,100,71.50
62.3530,20312,100,68.09
62.3705,20312,100,73.50
62.3880,20312,100,70.04
62.4057,20312,100,69.77
62.4232,20312,100,70.82
62.4408,20312,100,71.24
62.4585,20312,100,72.56
62.4761,20312,100,70.92
62.4935,20312,100,69.87
62.5109,20312,100,72.24
62.5283,20312,100,72.81
62.5459,20312,100,70.53
62.5633,20312,100,70.78
62.5811,20312,100,71.10
62.5986,20312,100,68.23
62.6162,20312,100,72.90
62.6338,20312,100,68.54
62.6514,20312,100,73.49
62.6689,20312,100,70.48
62.6865,20312,100,68.39
62.7040,20312,100,71.25
62.7219,20312,100,70.69
62.7393,20312,100,70.53
62.7571,20312,100,71.91
62.7745,20312,99,71.88
62.7919,20312,100,71.58
62.8094,20312,100,69.83
62.8268,20312,100,70.54
62.8446,20312,100,70.74
62.8620,20312,100,72.08
62.8794,20312,100,69.66
62.8970,20312,100,72.00
62.9145,20312,100,75.46
62.9320,20312,100,69.38
62.9498,20312,100,70.36
62.9674,20312,100,70.12
62.9848,20312,100,69.82
63.0022,20312,100,72.05
63.0201,20312,100,67.83
63.0380,20312,100,71.40
63.0555,20312,100,70.47
63.0730,20312,100,72.73
63.0909,20312,100,74.35
63.1084,20312,100,69.14
63.1259,20312,100,69.94
63.1433,20312,100,71.29
63.1606,20312,100,69.35
63.1784,20312,100,73.36
63.1961,20312,100,69.32
63.2135,20312,100,70.26
63.2309,20312,100,71.19
63.2484,20312,100,74.32
63.2665,20312,100,69.78
63.2839,20312,100,73.96
63.3016,20312,100,69.61
63.3193,20312,100,72.90
63.3374,20312,100,68.90
63.3551,20312,100,75.12
63.3734,20312,100,71.84
63.3912,20312,100,67.99
63.4089,20312,100,75.08
63.4271,20312,100,71.67
63.4446,20312,99,71.12
63.4623,20312,100,70.93
63.4798,20312,100,71.93
63.4973,20312,100,70.33
63.5153,20312,100,73.05
63.5327,20312,100,72.57
63.5505,20312,99,70.22
63.5679,20312,100,68.74
63.5859,20312,100,69.81
63.6036,20312,100,73.41
63.6218,20312,99,69.93
63.6393,20312,100,76.21
63.6574,20312,100,70.64
63.6751,20312,100,71.84
63.6926,20312,99,73.33
63.7100,20312,100,68.42
63.7275,20312,100,72.51
63.7449,20312,100,67.64
63.7629,20312,100,70.06
63.7803,20312,100,69.97
63.7978,20312,99,70.53
63.8154,20312,100,71.43
63.8328,20312,100,71.17
63.8506,20312,100,71.20
63.8680,20312,100,70.22
63.8854,20312,100,67.78
63.9028,20312,100,72.33
63.9202,20312,100,72.51
63.9376,20312,100,70.59
63.9550,20312,100,71.81
63.9725,20312,100,71.73
63.9900,20312,100,70.10
64.0078,20312,100,75.51
64.0255,20312,100,69.89
64.0432,20312,100,71.42
64.0609,20312,100,68.37
64.0783,20312,100,73.39
64.0965,20312,100,69.97
64.1143,20312,100,68.73
64.1318,20312,100,73.73
64.1495,20312,100,70.08
64.1669,20312,100,74.77
64.1844,20312,100,71.78
64.2022,20312,100,67.44
64.2198,20312,100,71.64
64.2375,20312,100,74.66
64.2550,20312,100,72.87
64.2731,20312,100,71.21
64.2906,20312,100,67.10
64.3081,20312,100,74.62
64.3255,20312,100,72.32
64.3436,20312,100,72.37
64.3614,20312,100,70.23
64.3789,20312,100,72.14
64.3966,20312,100,70.86
64.4143,20312,99,69.21
64.4318,20312,100,78.23
64.4492,20312,100,67.87
64.4669,20312,100,71.85
64.4850,20312,100,70.24
64.5025,20312,100,72.51
64.5203,20312,100,69.90
64.5379,20312,100,69.90
64.5554,20312,100,72.71
64.5735,20312,100,69.98
64.5913,20312,100,71.08
64.6087,20312,100,73.50
64.6266,20312,100,74.39
64.6441,20312,100,74.56
64.6619,20312,100,76.03
64.6793,20312,100,67.61
64.6974,20312,100,71.23
64.7148,20312,100,68.30
64.7326,20312,100,72.73
64.7504,20312,100,69.03
64.7684,20312,100,73.11
64.7858,20312,100,66.85
64.8040,20312,100,73.68
64.8214,20312,100,69.36
64.8388,20312,100,68.10
64.8566,20312,100,71.19
64.8747,20312,100,71.72
64.8924,20312,99,68.71
64.9099,20312,100,76.13
64.9273,20312,100,68.39
64.9448,20312,100,75.49
64.9625,20312,100,72.05
64.9799,20312,100,70.42
64.9973,20312,99,67.75
65.0153,20312,100,72.85
65.0331,20312,99,71.62
65.0512,20312,100,69.97
65.0690,20312,100,71.40
65.0864,20312,100,67.61
65.1038,20312,99,72.43
65.1212,20312,100,68.17
65.1386,20312,100,71.81
65.1560,20312,100,75.11
65.1741,20312,99,70.93
65.1916,20312,100,72.33
65.2091,20312,99,74.42
65.2272,20312,100,71.56
65.2451,20312,99,73.82
65.2628,20312,100,70.57
65.2803,20312,99,70.52
65.2981,20312,100,69.31
65.3163,20312,99,75.91
65.3337,20312,100,71.56
65.3511,20312,100,71.29
65.3686,20312,100,73.10
65.3863,20312,100,69.35
65.4046,20312,100,75.92
65.4226,20312,99,68.11
65.4403,20312,100,74.34
65.4578,20312,100,70.40
65.4758,20312,100,70.62
65.4933,20312,100,75.04
65.5113,20312,100,68.16
65.5291,20312,100,69.82
65.5465,20312,100,75.19
65.5639,20312,100,74.73
65.5813,20312,100,66.58
65.5991,20312,100,78.26
65.6168,20312,100,68.75
65.6345,20312,100,72.53
65.6523,20312,100,68.40
65.6700,20312,100,75.35
65.6875,20312,100,70.46
65.7056,20312,100,73.55
65.7234,20312,100,70.13
65.7412,20312,100,75.08
65.7590,20312,100,66.04
65.7764,20312,100,76.13
65.7938,20312,100,67.50
65.8119,20312,100,72.38
65.8297,20312,100,67.91
65.8475,20312,100,75.22
65.8649,20312,100,73.18
65.8827,20312,100,77.48
65.9003,20312,100,70.72
65.9185,20312,100,73.76
65.9359,20312,100,70.31
65.9535,20312,100,74.25
65.9710,20312,100,73.59
65.9885,20312,100,72.54
66.0061,20312,100,67.50
66.0242,20312,100,73.33
66.0419,20312,100,70.07
66.0597,20312,100,73.92
66.0774,20312,100,67.99
66.0948,20312,100,77.06
66.1125,20312,100,74.43
66.1304,20312,100,72.18
66.1480,20312,100,68.38
66.1657,20312,100,69.97
66.1835,20312,100,72.26
66.2014,20312,100,72.77
66.2190,20312,100,69.42
66.2367,20312,100,74.80
66.2544,20312,100,71.08
66.2720,20312,100,71.71
66.2896,20312,100,70.75
66.3074,20312,100,76.33
66.3250,20312,100,67.88
66.3424,20312,100,71.96
66.3599,20312,100,72.50
66.3777,20312,100,68.31
66.3951,20312,100,70.60
66.4132,20312,100,71.48
66.4309,20312,100,74.26
66.4491,20312,100,70.32
66.4668,20312,100,70.74
66.4842,20312,100,67.93
66.5017,20312,99,67.49
66.5198,20312,100,72.62
66.5372,20312,100,68.18
66.5552,20312,100,71.07
66.5733,20312,100,68.55
66.5912,20312,100,72.02
66.6091,20312,100,71.89
66.6271,20312,100,68.32
66.6449,20312,100,66.74
66.6626,20312,100,74.62
66.6808,20312,100,69.98
66.6984,20312,100,73.08
66.7159,20312,100,66.94
66.7334,20312,100,70.82
66.7512,20312,100,73.28
66.7688,20312,100,69.56
66.7867,20312,100,74.01
66.8042,20312,100,68.89
66.8218,20312,100,66.04
66.8392,20312,100,70.72
66.8569,20312,100,75.16
66.8743,20312,100,72.14
66.8918,20312,100,70.61
66.9101,20312,100,72.72
66.9277,20312,100,66.65
66.9451,20312,100,71.10
66.9626,20312,100,71.79
66.9800,20312,100,70.47
66.9981,20312,100,67.56
67.0161,20312,100,72.56
67.0340,20312,100,73.30
67.0514,20312,100,68.92
67.0688,20312,100,73.36
67.0863,20312,100,74.50
67.1039,20312,100,70.78
67.1215,20312,100,72.93
67.1394,20312,100,67.06
67.1570,20312,100,72.70
67.1744,20312,100,77.39
67.1918,20312,100,67.49
67.2095,20312,100,71.04
67.2273,20312,100,74.08
67.2451,20312,100,69.45
67.2626,20312,100,66.87
67.2805,20312,100,72.71
67.2982,20312,100,65.55
67.3157,20312,100,76.42
67.3331,20312,99,69.71
67.3509,20312,100,76.43
67.3683,20312,100,68.49
67.3865,20312,100,70.97
67.4039,20312,99,69.38
67.4213,20312,100,73.39
67.4387,20312,99,71.21
67.4561,20312,100,73.27
67.4735,20312,100,69.72
67.4910,20312,100,70.62
67.5092,20312,100,66.41
67.5265,20312,100,66.93
67.5441,20312,100,68.79
67.5616,20312,100,75.90
67.5795,20312,100,71.19
67.5969,20312,100,66.14
67.6147,20312,100,67.71
67.6326,20312,100,76.06
67.6502,20312,100,70.92
67.6677,20312,100,67.25
67.6852,20312,100,76.93
67.7029,20312,100,71.62
67.7203,20312,100,66.52
67.7381,20312,100,73.00
67.7558,20312,100,71.42
67.7733,20312,100,70.58
67.7908,20312,100,76.52
67.8089,20312,100,70.99
67.8265,20312,100,75.76
67.8440,20312,100,68.84
67.8614,20312,100,68.98
67.8790,20312,100,71.28
67.8964,20312,100,72.15
67.9139,20312,100,71.21
67.9313,20312,100,69.08
67.9489,20312,100,68.30
67.9670,20312,100,75.44
67.9845,20312,100,67.88
68.0019,20312,100,73.59
68.0194,20312,100,74.90
68.0367,20312,100,69.39
68.0544,20312,100,76.14
68.0719,20312,100,73.00
68.0893,20312,100,67.63
68.1067,20312,100,74.43
68.1241,20312,100,70.85
68.1420,20312,100,74.52
68.1594,20312,100,75.12
68.1773,20312,100,70.31
68.1948,20312,100,73.26
68.2123,20312,100,68.52
68.2298,20312,100,72.79
68.2472,20312,100,69.68
68.2647,20312,100,66.30
68.2821,20312,100,77.52
68.2995,20312,100,74.35
68.3169,20312,100,67.57
68.3343,20312,100,73.36
68.3517,20312,100,68.19
68.3691,20312,100,73.21
68.3865,20312,100,68.84
68.4039,20312,100,66.59
68.4213,20312,100,73.45
68.4387,20312,100,67.43
68.4562,20312,100,70.29
68.4736,20312,100,71.97
68.4912,20312,100,74.92
68.5087,20312,100,68.73
68.5265,20312,100,73.67
68.5440,20312,100,70.91
68.5614,20312,100,71.23
68.5790,20312,100,75.16
68.5964,20312,100,65.53
68.6138,20312,100,66.23
68.6312,20312,100,69.76
68.6487,20312,100,67.40
68.6661,20312,100,65.91
68.6838,20312,100,75.68
68.7013,20312,100,70.93
68.7187,20312,100,67.60
68.7361,20312,100,74.61
68.7534,20312,100,74.11
68.7709,20312,100,68.30
68.7883,20312,100,72.67
68.8057,20312,100,65.65
68.8230,20312,100,68.72
68.8406,20312,100,67.86
68.8581,20312,100,73.18
68.8759,20312,100,75.35
68.8933,20312,100,69.55
68.9107,20312,100,73.90
68.9281,20312,100,67.55
68.9455,20312,100,75.98
68.9629,20312,100,68.20
68.9803,20312,100,73.16
68.9977,20312,100,76.31
69.0151,20312,100,72.58
69.0325,20312,100,69.45
69.0501,20312,100,67.41
69.0675,20312,100,65.96
69.0849,20312,100,73.09
69.1024,20312,100,69.43
69.1201,20312,100,70.01
69.1375,20312,100,74.47
69.1549,20312,100,74.14
69.1727,20312,100,67.30
69.1901,20312,100,74.43
69.2074,20312,100,76.90
69.2248,20312,100,74.68
69.2423,20312,100,70.72
69.2598,20312,100,77.26
69.2776,20312,100,67.10
69.2953,20312,100,73.88
69.3131,20312,100,67.90
69.3304,20312,100,74.73
69.3480,20312,100,67.82
69.3656,20312,100,70.80
69.3830,20312,100,73.57
69.4005,20312,100,66.86
69.4182,20312,100,66.22
69.4356,20312,99,68.59
69.4530,20312,100,73.79
69.4704,20312,100,70.94
69.4879,20312,100,67.93
69.5053,20312,100,75.55
69.5229,20312,100,68.92
69.5404,20312,100,73.61
69.5579,20312,100,73.89
69.5753,20312,100,75.57
69.5927,20312,100,66.80
69.6101,20312,100,75.72
69.6275,20312,100,74.73
69.6449,20312,100,70.35
69.6623,20312,100,76.83
69.6796,20312,100,70.98
69.6970,20312,100,68.05
69.7146,20312,100,69.35
69.7321,20312,100,70.46
69.7513,20312,100,70.69
69.7687,20312,100,66.27
69.7861,20312,100,76.57
69.8035,20312,100,67.11
69.8209,20312,100,71.24
69.8383,20312,100,71.98
69.8557,20312,100,66.61
69.8732,20312,100,67.48
69.8907,20312,100,75.53
69.9081,20312,100,73.32
69.9258,20312,100,67.38
69.9432,20312,100,66.04
69.9606,20312,100,66.92
69.9780,20312,100,66.58
69.9955,20312,100,70.21
70.0132,20312,100,77.07
70.0306,20312,100,77.89
70.0480,20312,100,69.10
70.0654,20312,100,76.72
70.0828,20312,100,72.41
70.1002,20312,100,68.86
70.1176,20312,100,69.34
70.1350,20312,100,72.55
70.1525,15426,99,77.71
70.1700,16982,100,73.43
70.1874,15426,0,53.92
70.2048,15426,0,31.41
70.2222,15426,0,30.96
70.2395,15426,0,30.94
70.2569,15426,0,30.94
70.2743,15426,0,30.89
70.2920,15426,0,30.66
70.3094,15426,0,30.69
70.3280,15426,0,30.57
70.3469,15426,0,30.52
70.3650,15426,0,30.37
70.3836,16922,99,49.62
70.4011,16922,100,72.63
70.4185,16922,100,75.75
70.4359,16922,100,69.12
70.4533,16922,100,69.78
70.4707,16922,100,68.70
70.4886,16922,100,74.08
70.5061,16922,99,74.21
70.5236,16922,100,69.61
70.5414,16922,99,75.60
70.5589,16922,100,73.95
70.5763,16922,100,76.29
70.5938,16922,100,72.93
70.6113,16922,100,75.08
70.6287,16922,100,77.21
70.6461,16922,100,71.60
70.6635,16922,100,69.74
70.6809,16922,100,65.89
70.6985,16922,100,71.85
70.7161,16922,100,69.63
70.7340,16922,100,65.76
70.7513,16922,99,67.85
70.7687,17794,100,75.76
70.7861,17794,100,72.62
70.8035,17794,100,68.50
70.8210,17794,100,67.07
70.8386,17794,100,72.43
70.8561,17794,100,70.00
70.8735,17794,100,68.14
70.8909,17794,100,68.71
70.9087,17794,100,72.70
70.9264,17794,100,69.03
70.9438,17794,100,77.73
70.9612,17794,100,77.09
70.9788,17794,100,76.86
70.9966,17794,100,73.22
71.0140,17794,100,67.92
71.0314,17794,100,70.44
71.0488,17794,100,72.60
71.0662,17794,100,65.03
71.0836,17794,100,74.13
71.1010,17794,100,68.60
71.1184,17794,100,77.79
71.1358,17794,100,74.06
71.1532,17794,100,67.99
71.1706,17794,100,69.43
71.1881,17794,99,67.15
71.2056,17794,100,67.46
71.2229,17794,99,72.92
71.2403,17794,100,76.71
71.2577,17794,100,70.49
71.2751,17794,100,70.76
71.2927,17794,100,79.00
71.3101,17794,100,76.10
71.3275,17794,100,67.51
71.3449,17794,100,66.77
71.3623,17794,100,67.09
71.3799,17794,100,66.79
71.3973,17794,99,78.87
71.4148,17794,100,77.75
71.4322,17794,100,67.92
71.4496,17794,100,69.39
71.4670,17794,100,67.25
71.4845,17794,100,73.08
71.5019,17794,100,75.06
71.5193,17794,100,75.19
71.5366,17794,100,68.45
71.5545,17794,100,66.34
71.5721,17794,100,77.84
71.5895,17794,100,74.68
71.6069,17794,100,67.10
71.6247,17794,100,66.63
71.6421,17794,100,72.92
71.6595,17794,100,71.66
71.6769,17794,100,70.15
71.6945,17794,100,68.02
71.7119,17794,100,74.12
71.7295,17794,99,71.04
71.7469,17794,100,70.21
71.7644,17794,99,76.85
71.7818,17794,100,73.80
71.7995,17794,100,66.55
71.8169,17794,100,67.28
71.8351,17794,100,70.79
71.8525,17794,100,74.93
71.8702,17794,100,71.26
71.8876,17794,100,68.42
71.9050,17794,100,67.69
71.9225,17794,100,69.48
71.9404,17794,100,71.90
71.9578,17794,100,66.97
71.9753,17794,100,77.35
71.9928,17794,100,70.88
72.0105,17794,100,71.63
72.0279,17794,100,71.01
72.0457,17794,100,71.25
72.0631,17794,100,67.52
72.0804,17794,100,66.78
72.0980,17794,100,70.00
72.1159,17794,100,73.60
72.1333,17794,100,77.92
72.1507,17794,100,69.98
72.1681,17794,100,67.28
72.1856,17794,100,67.77
72.2032,17794,100,71.83
72.2206,17794,100,74.66
72.2380,17794,100,73.71
72.2559,17794,100,69.30
72.2733,17794,100,66.87
72.2908,17794,100,71.70
72.3082,17794,100,68.58
72.3256,17794,100,75.56
72.3430,17794,100,76.83
72.3605,17794,100,73.71
72.3781,17794,100,68.99
72.3955,17794,100,74.00
72.4129,17794,99,70.28
72.4303,17794,100,74.41
72.4477,17794,100,70.76
72.4657,17794,100,68.32
72.4834,17794,100,73.76
72.5012,17794,99,75.64
72.5186,17794,100,70.83
72.5365,17794,100,68.11
72.5539,17794,100,67.97
72.5713,17794,100,70.60
72.5887,17794,100,68.67
72.6063,17794,100,72.87
72.6239,17794,100,72.75
72.6414,17794,100,70.17
72.6587,17794,100,65.86
72.6765,17794,100,66.07
72.6939,17794,100,70.51
72.7114,17794,100,67.42
72.7292,17794,100,69.43
72.7467,17794,100,72.44
72.7640,17794,100,70.23
72.7815,17794,100,70.76
72.7990,17794,100,76.65
72.8165,17794,100,69.57
72.8339,17794,100,67.18
72.8513,17794,99,67.35
72.8687,17794,100,75.43
72.8861,17794,100,70.33
72.9038,17794,100,66.68
72.9215,17794,100,66.77
72.9389,17794,100,72.20
72.9565,17794,100,75.42
72.9740,17794,100,70.90
72.9915,17794,100,67.33
73.0089,17794,100,66.41
73.0263,17794,100,69.04
73.0437,17794,100,67.19
73.0612,17794,100,69.58
73.0786,17794,100,66.03
73.0960,17794,100,69.26
73.1134,17794,100,74.47
73.1308,17794,100,76.36
73.1484,17794,100,70.97
73.1658,17794,100,69.95
73.1836,17794,100,66.34
73.2010,17794,100,67.99
73.2185,17794,100,69.20
73.2360,17794,100,69.37
73.2536,17794,99,68.36
73.2713,17794,100,73.59
73.2888,17794,100,72.74
73.3063,17794,100,73.98
73.3244,17794,100,75.02
73.3418,17794,100,67.17
73.3596,17794,100,65.94
73.3772,17794,100,73.09
73.3947,17794,100,73.70
73.4125,17794,100,72.57
73.4299,17794,100,71.28
73.4474,17794,100,67.17
73.4648,17794,100,67.67
73.4829,17794,100,68.69
73.5004,17794,100,67.37
73.5178,17794,100,74.09
73.5352,17794,100,68.72
73.5526,17794,100,66.64
73.5701,17794,100,68.11
73.5877,17794,100,71.70
73.6055,17794,100,76.69
73.6233,17794,100,76.86
73.6407,17794,100,73.16
73.6582,17794,99,73.23
73.6763,17794,100,67.61
73.6942,17794,100,70.05
73.7119,17794,100,67.60
73.7293,17794,100,66.22
73.7467,17794,100,67.39
73.7645,17794,100,67.88
73.7819,17794,100,66.03
73.7993,17794,100,69.32
73.8173,17794,100,70.58
73.8351,17794,100,68.19
73.8525,17794,100,67.47
73.8699,17794,100,68.70
73.8877,17794,100,66.60
73.9051,17794,100,69.69
73.9233,17794,100,74.30
73.9407,17794,100,69.82
73.9582,17794,99,76.95
73.9759,17794,99,70.04
73.9937,17794,100,69.86
74.0119,17794,100,73.35
74.0294,17794,100,69.09
74.0471,17794,100,72.18
74.0652,17794,100,72.02
74.0826,17794,100,65.34
74.1004,17794,100,66.38
74.1186,17794,100,66.29
74.1363,17794,100,65.95
74.1537,17794,100,65.82
74.1711,17794,100,66.89
74.1893,17794,100,66.56
74.2068,17794,100,72.18
74.2242,17794,100,67.82
74.2425,17794,100,73.96
74.2600,17794,99,73.34
74.2774,17794,100,69.51
74.2951,17794,100,70.90
74.3129,17794,100,70.41
74.3310,17794,100,71.58
74.3484,17794,100,68.42
74.3660,17794,100,76.96
74.3838,17794,100,80.39
74.4015,17794,100,74.56
74.4189,17794,100,66.35
74.4364,17794,100,66.73
74.4539,17794,100,67.19
74.4716,17794,100,69.35
74.4890,17794,100,75.14
74.5068,17794,100,73.42
74.5245,17794,100,67.91
74.5419,17794,100,65.42
74.5597,17794,100,69.06
74.5772,17794,100,66.99
74.5947,17794,99,68.03
74.6121,17794,100,66.64
74.6304,17794,100,66.33
74.6484,17794,100,67.76
74.6661,17794,100,71.49
74.6835,17794,100,71.68
74.7017,17794,100,67.62
74.7192,17794,100,66.87
74.7370,17794,100,66.29
74.7548,17794,100,78.98
74.7722,17794,100,80.14
74.7896,17794,100,71.48
74.8070,17794,100,76.70
74.8245,17794,100,76.46
74.8423,17794,100,73.43
74.8597,17794,100,68.17
74.8773,17794,99,72.16
74.8951,17794,99,73.61
74.9125,17794,100,77.06
74.9299,17794,100,72.98
74.9474,17794,100,69.54
74.9652,17794,100,75.40
74.9829,17794,100,74.27
75.0003,17794,100,74.69
75.0181,17794,100,75.51
75.0359,17794,100,70.37
75.0536,17794,100,71.51
75.0712,17794,100,72.08
75.0893,17794,100,66.87
75.1074,17794,100,67.91
75.1256,17794,100,69.53
75.1433,17794,100,67.64
75.1607,17794,100,69.86
75.1783,17794,100,70.70
75.1958,17794,100,66.75
75.2139,17794,100,71.10
75.2317,17794,100,69.59
75.2491,17794,100,66.63
75.2668,17794,100,74.22
75.2847,17794,100,73.61
75.3028,17794,100,68.93
75.3202,17794,100,65.99
75.3376,17794,100,68.44
75.3552,17794,100,66.97
75.3725,17794,100,66.44
75.3903,17794,100,66.30
75.4077,17794,100,66.32
75.4253,17794,100,67.10
75.4428,17794,100,66.28
75.4605,17794,100,68.41
75.4787,17794,100,71.40
75.4962,17794,99,70.68
75.5135,17794,100,73.37
75.5309,17794,100,73.92
75.5483,17794,100,74.41
75.5662,17794,100,70.85
75.5841,17794,100,69.15
75.6015,17794,100,66.00
75.6189,17794,100,65.81
75.6364,17794,100,71.53
75.6538,17794,100,72.43
75.6712,17794,100,73.02
75.6889,17794,100,71.22
75.7066,17794,100,68.35
75.7241,17794,100,71.87
75.7421,17794,100,75.19
75.7595,17794,100,67.23
75.7769,17794,100,67.56
75.7944,17794,99,71.76
75.8119,17794,100,79.25
75.8297,17794,100,74.75
75.8473,17794,100,66.50
75.8647,17794,100,65.38
75.8821,17794,100,67.28
75.9002,17794,100,68.14
75.9176,17794,100,69.68
75.9356,17794,100,67.72
75.9532,17794,100,73.54
75.9707,17794,100,76.04
75.9884,17794,100,74.62
76.0059,17794,100,71.94
76.0234,17794,100,74.32
76.0415,17794,100,75.25
76.0593,17794,100,67.93
76.0768,17794,100,72.11
76.0942,17794,100,76.75
76.1120,17794,100,74.64
76.1301,17794,100,70.04
76.1482,17794,100,67.73
76.1659,17794,100,72.03
76.1840,17794,100,72.84
76.2015,17794,100,69.11
76.2189,17794,100,67.35
76.2367,17794,100,66.40
76.2542,17794,100,66.35
76.2719,17794,100,69.07
76.2893,17794,100,70.22
76.3071,17794,100,71.42
76.3253,17794,100,70.30
76.3428,17794,100,73.60
76.3605,17794,100,70.15
76.3784,17794,100,66.29
76.3962,17794,100,72.40
76.4139,17794,100,75.45
76.4318,17794,100,67.72
76.4493,17794,100,70.80
76.4671,17794,100,68.07
76.4850,17794,100,68.85
76.5025,17794,100,67.91
76.5199,17794,100,69.09
76.5378,17794,100,70.42
76.5555,17794,100,75.05
76.5730,17794,100,66.82
76.5907,17794,99,66.56
76.6088,17794,100,68.32
76.6270,17794,100,68.44
76.6445,17794,99,74.46
76.6619,17794,100,76.25
76.6794,17794,100,72.24
76.6967,17794,100,70.53
76.7143,17794,100,75.52
76.7318,17794,100,74.21
76.7494,17794,100,68.81
76.7669,17794,100,69.58
76.7843,17794,100,67.73
76.8017,17794,100,66.88
76.8193,17794,100,68.41
76.8368,17794,100,74.62
76.8542,17794,100,76.91
76.8718,17794,100,78.91
76.8895,17794,100,68.46
76.9073,17794,100,66.87
76.9248,17794,100,66.73
76.9422,17794,100,69.99
76.9600,17794,100,68.71
76.9776,17794,100,70.61
76.9953,17794,100,69.97
77.0127,17794,100,72.28
77.0306,17794,100,75.64
77.0481,17794,100,74.22
77.0655,17794,100,74.70
77.0829,17794,100,70.96
77.1008,17794,100,69.70
77.1185,17794,100,74.21
77.1359,17794,100,68.39
77.1534,17794,100,71.26
77.1710,17794,100,70.53
77.1884,17794,100,66.83
77.2063,17794,100,71.20
77.2237,17794,100,75.23
77.2419,17794,100,71.32
77.2593,17794,100,77.66
77.2768,17794,100,75.36
77.2942,17794,100,75.10
77.3120,17794,100,67.75
77.3300,17794,100,67.92
77.3477,17794,100,71.56
77.3655,17794,100,72.89
77.3829,17794,100,71.13
77.4003,17794,100,69.27
77.4178,17794,99,72.91
77.4358,17794,100,71.09
77.4534,17794,100,71.47
77.4709,17794,100,68.52
77.4892,17794,100,70.01
77.5070,17794,100,67.09
77.5244,17794,100,66.36
77.5422,17794,100,67.30
77.5598,17794,100,69.32
77.5772,17794,100,67.64
77.5949,17794,100,66.00
77.6123,17794,100,70.13
77.6299,17794,100,72.94
77.6477,17794,100,68.76
77.6655,17794,100,70.89
77.6835,17794,100,71.72
77.7014,17794,100,69.96
77.7191,17794,100,74.07
77.7373,17794,100,77.35
77.7554,17794,100,70.11
77.7730,17794,100,71.82
77.7906,17794,100,76.98
77.8082,17794,100,70.91
77.8262,17794,100,69.67
77.8436,17794,100,72.18
77.8615,17794,100,74.14
77.8789,17794,99,78.27
77.8966,17794,100,79.43
77.9140,17794,100,77.75
77.9316,17794,100,75.03
77.9492,17794,100,67.80
77.9665,17794,100,65.76
77.9840,17794,100,67.76
78.0019,17794,100,71.77
78.0198,17794,100,78.17
78.0379,17794,100,75.32
78.0558,17794,100,73.48
78.0733,17794,100,68.16
78.0911,17794,100,65.13
78.1085,17794,100,66.89
78.1260,17794,100,67.03
78.1435,17794,100,73.48
78.1613,17794,100,78.36
78.1791,17794,100,76.53
78.1965,17794,100,78.48
78.2139,17794,100,71.35
78.2317,17794,100,67.77
78.2491,17794,100,69.00
78.2665,17794,100,68.47
78.2840,17794,100,67.47
78.3014,17794,100,70.76
78.3188,17794,100,71.81
78.3364,17794,100,70.36
78.3541,17794,100,65.37
78.3715,17794,100,70.67
78.3890,17794,100,73.98
78.4064,17794,100,70.82
78.4240,17794,100,67.54
78.4414,17794,100,71.23
78.4589,17794,100,71.87
78.4764,17794,100,75.84
78.4939,17794,100,66.88
78.5113,17794,100,66.27
78.5288,17794,100,77.42
78.5462,17794,100,80.44
78.5636,17794,100,68.63
78.5811,17794,100,70.88
78.5985,17794,100,75.89
78.6164,17794,100,77.60
78.6338,17794,99,76.59
78.6511,17794,100,70.36
78.6687,17794,100,67.23
78.6861,17794,100,68.42
78.7035,17794,100,66.40
78.7209,17794,100,67.80
78.7383,17794,100,71.92
78.7557,17794,100,69.17
78.7737,17794,100,65.83
78.7911,17794,100,67.59
78.8086,17794,100,73.00
78.8264,17794,100,75.46
78.8438,17794,100,72.56
78.8614,17794,100,73.18
78.8789,17794,100,68.86
78.8967,17794,100,68.06
78.9141,17794,100,74.53
78.9315,17794,100,67.10
78.9490,17794,100,67.74
78.9668,17794,100,65.66
78.9842,17794,100,69.40
79.0018,17794,100,74.35
79.0192,17794,100,71.50
79.0366,17794,100,67.35
79.0544,17794,100,68.62
79.0718,17794,100,70.26
79.0892,17794,100,72.06
79.1070,17794,100,69.59
79.1244,17794,100,66.70
79.1419,17794,100,65.84
79.1593,17794,100,65.67
79.1767,17794,100,69.63
79.1942,17794,99,74.05
79.2116,17794,100,68.73
79.2290,17794,100,74.08
79.2464,17794,100,70.45
79.2640,17794,100,70.58
79.2814,17794,100,68.87
79.2988,17794,100,67.64
79.3162,17794,100,72.73
79.3336,17794,100,78.47
79.3510,17794,100,68.66
79.3686,17794,100,73.34
79.3860,17794,100,75.88
79.4037,17794,100,70.56
79.4212,17794,100,67.52
79.4386,17794,100,73.72
79.4561,17794,100,70.30
79.4736,17794,100,67.04
79.4910,17794,100,67.28
79.5083,17794,100,72.16
79.5258,17794,100,72.07
79.5433,17794,100,70.62
79.5609,17794,100,69.25
79.5783,17794,100,68.75
79.5957,17794,100,68.86
79.6132,17794,100,75.14
79.6306,17794,100,69.14
79.6481,17794,99,75.07
79.6659,17794,100,69.36
79.6832,17794,100,67.62
79.7007,17794,100,71.34
79.7181,17794,100,69.54
79.7358,17794,100,74.43
79.7539,17794,100,65.82
79.7713,17794,100,71.35
79.7888,17794,100,72.24
79.8063,17794,100,71.09
79.8238,17794,100,68.59
79.8413,17794,100,67.07
79.8587,17794,100,71.36
79.8762,17794,99,78.40
79.8937,17794,100,76.11
79.9111,17794,100,68.60
79.9286,17794,100,67.91
79.9461,17794,100,68.09
79.9635,17794,100,74.03
79.9810,17794,100,70.75
79.9990,17794,100,72.81
80.0170,17794,100,65.50
80.0344,17794,100,67.91
80.0520,17794,100,73.56
80.0697,17794,100,74.09
80.0871,17794,100,79.04
80.1046,17794,99,76.92
80.1220,17794,100,77.13
80.1394,17794,100,75.17
80.1568,17794,100,71.21
80.1743,17794,100,66.63
80.1917,17794,100,70.27
80.2093,17794,100,71.88
80.2267,17794,100,71.65
80.2442,17794,100,69.03
80.2617,17794,100,75.38
80.2791,17794,100,75.79
80.2965,17794,100,71.29
80.3140,17794,100,67.94
80.3318,17794,100,68.85
80.3492,17794,100,70.73
80.3667,17794,99,75.09
80.3841,17794,100,69.36
80.4015,17794,100,71.62
80.4190,17794,100,74.57
80.4365,17794,100,68.43
80.4539,17794,100,74.74
80.4717,17794,100,72.12
80.4898,17794,100,71.19
80.5073,17794,100,68.25
80.5248,17794,100,67.31
80.5423,17794,100,66.46
80.5599,17794,100,72.14
80.5773,17794,100,65.61
80.5948,17794,100,66.65
80.6122,17794,100,65.83
80.6300,17794,99,65.69
80.6474,17794,100,71.51
80.6648,17794,100,69.30
80.6825,17794,100,74.58
80.6999,17794,100,70.39
80.7174,17794,100,71.14
80.7349,17794,100,69.51
80.7523,17794,100,72.01
80.7697,17794,100,68.71
80.7872,17794,100,69.94
80.8046,17794,100,74.65
80.8222,17794,100,69.56
80.8396,17794,100,70.78
80.8570,17794,100,71.67
80.8744,17794,100,69.44
80.8918,17794,100,66.95
80.9097,17794,100,72.12
80.9271,17794,100,68.62
80.9446,17794,100,67.44
80.9620,17794,100,75.59
80.9794,17794,100,69.91
80.9969,17794,100,67.96
81.0143,17794,100,74.19
81.0318,17794,100,71.46
81.0492,17794,100,67.94
81.0667,17794,100,67.48
81.0842,17794,100,71.41
81.1017,17794,100,77.33
81.1191,17794,100,72.50
81.1365,17794,100,69.03
81.1540,17794,100,73.25
81.1715,17794,100,73.30
81.1889,17794,100,70.06
81.2065,17794,100,69.56
81.2239,17794,100,75.56
81.2413,17794,100,74.86
81.2587,17794,100,66.78
81.2761,17794,100,73.68
81.2937,17794,100,75.61
81.3112,17794,100,68.32
81.3286,17794,100,65.41
81.3461,17794,100,69.83
81.3635,17794,100,75.64
81.3809,17794,100,71.38
81.3984,17794,100,71.84
81.4158,17794,100,69.43
81.4332,17794,100,71.80
81.4506,17794,100,68.42
81.4682,17794,100,67.00
81.4859,17794,100,72.39
81.5034,17794,100,75.84
81.5208,17794,100,74.09
81.5382,17794,100,75.74
81.5556,17794,100,69.16
81.5733,17794,100,74.74
81.5907,17794,100,71.99
81.6086,17794,100,67.22
81.6260,17794,100,68.48
81.6434,17794,100,75.35
81.6608,17794,100,68.07
81.6782,17794,100,75.21
81.6957,17794,99,73.81
81.7131,17794,100,69.29
81.7306,17794,100,70.85
81.7483,17794,100,70.96
81.7657,17794,100,66.67
81.7835,17794,100,69.65
81.8009,17794,100,75.78
81.8185,17794,100,70.11
81.8359,17794,100,66.33
81.8537,17794,100,67.46
81.8712,17794,100,70.75
81.8887,17794,100,70.88
81.9065,17794,100,72.56
81.9242,17794,100,70.42
81.9416,17794,100,67.71
81.9591,17794,100,72.70
81.9765,17794,100,72.55
81.9941,17794,100,78.22
82.0115,17794,100,69.38
82.0289,17794,100,68.57
82.0467,17794,100,72.47
82.0644,17794,100,68.93
82.0819,17794,100,73.47
82.0993,17794,100,75.87
82.1172,17794,100,69.67
82.1349,17794,100,75.34
82.1524,17794,100,69.32
82.1702,17794,100,73.00
82.1877,17794,100,73.65
82.2052,17794,100,73.83
82.2226,17794,100,68.85
82.2401,17794,100,75.12
82.2575,17794,100,72.50
82.2753,17794,100,77.32
82.2927,17794,100,71.86
82.3107,17794,100,66.79
82.3282,17794,100,66.49
82.3458,17794,100,71.42
82.3635,17794,100,77.08
82.3809,17794,100,68.68
82.3990,17794,100,67.73
82.4164,17794,100,73.81
82.4338,17794,100,71.29
82.4513,17794,100,73.05
82.4688,17794,100,69.89
82.4861,17794,100,67.73
82.5036,17794,100,71.20
82.5211,17794,100,71.74
82.5384,17794,100,67.37
82.5560,17794,100,78.28
82.5734,17794,100,70.65
82.5910,17794,100,75.30
82.6083,17794,100,70.80
82.6261,17794,100,71.72
82.6435,17794,100,67.46
82.6609,17794,100,67.04
82.6782,17794,100,70.13
82.6958,17794,100,68.88
82.7132,17794,100,76.57
82.7307,17794,99,70.36
82.7482,17794,100,74.83
82.7656,17794,100,77.24
82.7832,17794,100,68.24
82.8012,17794,100,69.01
82.8187,17794,100,68.71
82.8361,17794,100,74.32
82.8537,17794,100,69.71
82.8711,17794,100,71.83
82.8886,17794,99,71.52
82.9064,17794,100,66.61
82.9239,17794,100,71.83
82.9413,17794,100,73.20
82.9589,17794,100,66.09
82.9763,17794,100,65.35
82.9937,17794,100,68.59
83.0111,17794,100,75.36
83.0285,17794,100,72.20
83.0463,17794,100,67.25
83.0639,17794,100,68.41
83.0812,17794,100,70.18
83.0988,17794,100,77.85
83.1162,17794,100,71.57
83.1341,17794,100,69.75
83.1519,17794,100,74.49
83.1693,17794,100,69.60
83.1870,17794,100,73.50
83.2045,17794,100,78.75
83.2227,17794,100,73.39
83.2404,17794,100,66.52
83.2582,17794,100,68.27
83.2765,17794,100,68.85
83.2939,17794,100,68.37
83.3113,17794,100,77.56
83.3291,17794,100,74.44
83.3472,17794,100,69.53
83.3653,17794,100,74.01
83.3831,17794,100,67.57
83.4005,17794,100,73.21
83.4187,17794,100,67.41
83.4361,17794,100,68.95
83.4539,17794,100,70.31
83.4717,17794,99,70.86
83.4894,17794,100,78.62
83.5071,17794,100,69.77
83.5246,17794,100,69.19
83.5429,17794,100,70.88
83.5611,17794,100,68.00
83.5792,17794,100,72.61
83.5970,17794,100,68.00
83.6144,17794,100,71.14
83.6325,17794,99,74.31
83.6500,17794,100,71.28
83.6674,17794,100,68.37
83.6852,17794,100,66.07
83.7027,17794,100,71.67
83.7201,17794,100,68.13
83.7379,17794,100,72.77
83.7552,17794,100,71.23
83.7730,17794,100,67.06
83.7906,17794,100,75.38
83.8083,17794,100,67.42
83.8261,17794,100,70.15
83.8441,17794,100,67.77
83.8623,17794,100,65.61
83.8797,17794,100,71.33
83.8978,17794,100,71.09
83.9152,17794,100,66.50
83.9328,17794,100,71.56
83.9504,17794,100,66.68
83.9682,17794,100,66.97
83.9859,17794,100,70.56
84.0037,17794,100,68.09
84.0211,17794,100,73.39
84.0390,17794,100,70.23
84.0565,17794,100,71.90
84.0745,17794,100,74.95
84.0924,17794,100,72.64
84.1101,17794,100,76.28
84.1277,17794,100,68.63
84.1455,17794,100,69.39
84.1636,17794,100,69.91
84.1809,17794,100,70.24
84.1985,17794,100,66.54
84.2159,17794,100,72.88
84.2334,17794,100,68.38
84.2514,17794,100,72.47
84.2688,17794,100,74.05
84.2863,17794,100,68.64
84.3038,17794,100,68.63
84.3220,17794,100,72.03
84.3398,17794,100,68.85
84.3579,17794,100,73.79
84.3754,17794,100,68.85
84.3937,17794,100,74.74
84.4117,17794,100,72.00
84.4293,17794,100,67.77
84.4467,17794,100,72.94
84.4643,17794,100,67.66
84.4817,17794,100,73.87
84.4996,17794,99,68.36
84.5171,17794,100,75.09
84.5348,17794,100,67.70
84.5523,17794,100,75.75
84.5704,17794,100,70.07
84.5886,17794,100,76.50
84.6060,17794,100,66.98
84.6237,17794,100,74.76
84.6411,17794,100,72.20
84.6592,17794,100,70.93
84.6767,17794,100,75.30
84.6944,17794,100,68.96
84.7119,17794,100,75.53
84.7297,17794,100,68.64
84.7471,17794,100,75.14
84.7645,17794,100,69.62
84.7821,17794,100,68.76
84.8001,17794,100,70.71
84.8176,17794,99,69.70
84.8351,17794,100,69.68
84.8526,17794,100,76.81
84.8703,17794,100,74.32
84.8882,17794,100,69.03
84.9056,17794,100,74.95
84.9232,17794,100,74.39
84.9406,17794,100,70.21
84.9588,17794,100,72.73
84.9762,17794,99,71.55
84.9945,17794,100,69.34
85.0123,17794,100,74.35
85.0307,17794,100,65.99
85.0487,17794,100,68.01
85.0667,17794,100,72.00
85.0844,17794,100,67.61
85.1019,17794,100,76.05
85.1193,17794,100,67.95
85.1376,17794,100,68.48
85.1550,17794,100,68.26
85.1724,17794,100,72.17
85.1901,17794,100,70.94
85.2079,17794,100,76.23
85.2257,17794,100,69.25
85.2432,17794,100,76.24
85.2610,17794,100,68.68
85.2792,17794,100,72.95
85.2966,17794,100,71.88
85.3144,17794,100,67.33
85.3325,17794,100,65.59
85.3501,17794,100,73.49
85.3675,17794,100,72.46
85.3850,17794,100,71.63
85.4027,17794,100,67.62
85.4209,17794,100,76.63
85.4388,17794,100,69.24
85.4568,17794,100,69.28
85.4743,17794,100,77.64
85.4925,17794,100,71.31
85.5103,17794,100,74.11
85.5280,17794,100,71.38
85.5460,17794,100,70.56
85.5640,17794,100,73.01
85.5814,17794,100,68.62
85.5988,17794,100,71.23
85.6165,17794,100,71.43
85.6348,17794,100,67.28
85.6521,17794,100,75.15
85.6697,17794,100,70.77
85.6871,17794,100,70.57
85.7051,17794,100,69.17
85.7230,17794,100,76.22
85.7405,17794,100,69.34
85.7583,17794,100,73.94
85.7760,17794,99,67.69
85.7934,17794,100,74.95
85.8109,17794,100,69.88
85.8289,17794,100,68.73
85.8465,17794,100,71.00
85.8640,17794,100,76.07
85.8818,17794,100,72.38
85.8997,17794,100,70.96
85.9174,17794,100,67.03
85.9355,17794,99,73.61
85.9532,17794,100,70.50
85.9707,17794,100,74.06
85.9889,17794,100,70.32
86.0070,17794,100,75.19
86.0245,17794,100,73.33
86.0423,17794,100,68.42
86.0600,17794,100,75.13
86.0775,17794,100,67.92
86.0953,17794,99,70.75
86.1127,17794,100,73.03
86.1303,17794,100,66.89
86.1477,17794,100,73.28
86.1659,17794,100,68.61
86.1833,17794,100,71.10
86.2013,17794,100,69.34
86.2193,17794,100,76.55
86.2373,17794,100,69.56
86.2551,17794,99,73.85
86.2725,17794,100,67.77
86.2906,17794,100,72.12
86.3082,17794,100,72.59
86.3259,17794,100,69.67
86.3438,17794,100,67.02
86.3619,17794,100,72.32
86.3794,17794,100,70.32
86.3976,17794,100,70.22
86.4153,17794,100,76.64
86.4332,17794,100,70.45
86.4510,17794,100,76.16
86.4689,17794,100,68.73
86.4867,17794,100,74.52
86.5042,17794,100,66.55
86.5217,17794,100,69.91
86.5399,17794,100,67.05
86.5576,17794,100,70.81
86.5755,17794,100,68.86
86.5933,17794,100,71.78
86.6107,17794,100,67.35
86.6281,17794,100,72.86
86.6456,17794,100,68.75
86.6634,17794,100,71.12
86.6815,17794,100,67.28
86.6994,17794,99,74.54
86.7168,17794,100,67.92
86.7344,17794,100,70.51
86.7526,17794,100,75.00
86.7707,17794,100,69.04
86.7889,17794,100,74.07
86.8070,16896,100,70.20
86.8248,15398,13,61.39
86.8425,15398,0,31.39
86.8603,15398,0,31.04
86.8777,15398,0,30.98
86.8951,15398,0,30.94
86.9125,15398,0,30.90
86.9306,15398,0,30.65
86.9481,15398,0,30.65
86.9661,15398,0,30.66
86.9847,15398,0,30.61
87.0033,15398,0,30.46
87.0222,15694,100,46.10
87.0403,16444,100,71.21
87.0580,16444,99,71.57
87.0755,17208,99,68.98
87.0929,17208,100,74.35
87.1103,17208,100,68.59
87.1285,17208,100,72.90
87.1466,17208,100,69.39
87.1647,17208,100,74.07
87.1822,17208,100,66.04
87.1996,17208,100,69.07
87.2175,17208,100,70.49
87.2349,18042,100,71.75
87.2527,18042,100,68.23
87.2708,18042,100,69.04
87.2885,18042,100,69.75
87.3064,18042,100,68.21
87.3245,18042,100,74.46
87.3423,18042,100,69.76
87.3597,18042,100,70.15
87.3772,18042,100,72.61
87.3950,18042,100,71.46
87.4125,18042,100,73.44
87.4302,18042,100,79.70
87.4476,18042,100,70.80
87.4651,18042,100,69.70
87.4825,18042,100,72.97
87.5002,18042,100,68.30
87.5180,18042,100,72.68
87.5354,18042,100,66.81
87.5532,18042,100,70.12
87.5713,18042,100,70.57
87.5894,18042,100,73.10
87.6073,18042,100,78.92
87.6248,18042,100,71.66
87.6424,18042,100,72.03
87.6598,18042,100,70.56
87.6774,18042,99,76.00
87.6952,18042,100,71.26
87.7126,18042,100,73.26
87.7301,18042,100,72.74
87.7479,18042,100,68.58
87.7657,18042,100,73.49
87.7832,18042,100,69.18
87.8013,18042,100,72.11
87.8190,18042,100,70.37
87.8364,18042,100,72.14
87.8546,18042,100,70.03
87.8726,18042,100,72.85
87.8903,18042,100,68.82
87.9078,18042,100,75.00
87.9256,18042,100,73.13
87.9437,18042,100,69.41
87.9615,18042,100,74.32
87.9792,18042,100,70.62
87.9975,18042,99,70.71
88.0150,18042,100,74.18
88.0332,18042,100,67.51
88.0506,18042,100,70.77
88.0687,18042,100,75.24
88.0862,18042,100,66.06
88.1037,18042,100,69.93
88.1214,18042,100,69.75
88.1395,18042,100,70.43
88.1570,18042,100,70.64
88.1744,18042,100,69.80
88.1920,18042,100,70.40
88.2101,18042,100,75.24
88.2279,18042,100,72.36
88.2458,18042,100,72.55
88.2633,18042,100,71.87
88.2807,18042,100,73.77
88.2982,18042,100,70.29
88.3157,18042,100,69.99
88.3332,18042,100,71.84
88.3507,18042,100,71.10
88.3685,18042,100,70.80
88.3860,18042,100,70.83
88.4038,18042,100,70.38
88.4213,18042,100,69.29
88.4391,18042,100,70.49
88.4565,18042,100,70.87
88.4739,18042,100,73.29
88.4914,18042,100,68.22
88.5088,18042,100,74.20
88.5264,18042,100,71.29
88.5437,18042,100,74.26
88.5616,18042,100,69.18
88.5790,18042,100,72.68
88.5965,18042,99,70.84
88.6139,18042,100,68.90
88.6314,18042,100,72.65
88.6492,18042,100,71.54
88.6666,18042,100,68.03
88.6845,18042,100,71.66
88.7022,18042,100,73.07
88.7198,18042,100,68.03
88.7371,18042,100,71.37
88.7546,18042,99,72.89
88.7720,18042,100,70.89
88.7894,18042,100,68.37
88.8068,18042,100,73.85
88.8243,18042,100,74.49
88.8420,18042,100,70.57
88.8594,18042,100,70.46
88.8771,18042,100,70.95
88.8948,18042,100,69.11
88.9123,18042,100,72.59
88.9297,18042,100,68.28
88.9472,18042,100,75.52
88.9646,18042,100,67.28
88.9822,18042,100,74.76
88.9996,18042,100,69.64
89.0171,18042,100,71.57
89.0345,18042,100,70.77
89.0520,18042,100,68.32
89.0693,18042,100,71.32
89.0868,18042,100,70.48
89.1043,18042,100,70.32
89.1217,18042,100,70.21
89.1392,18042,100,70.87
89.1567,18042,100,71.69
89.1740,18042,100,69.54
89.1915,18042,100,75.36
89.2089,18042,100,71.41
89.2263,18042,100,74.67
89.2438,18042,100,70.46
89.2616,18042,100,73.81
89.2790,18042,100,70.33
89.2965,18042,100,70.29
89.3139,18042,100,72.88
89.3313,18042,100,71.44
89.3490,18042,100,74.82
89.3664,18042,100,69.31
89.3838,18042,100,67.72
89.4012,18042,100,74.14
89.4188,18042,100,74.94
89.4361,18042,100,71.34
89.4535,18042,100,69.61
89.4710,18042,100,71.77
89.4884,18042,100,70.12
89.5061,18042,100,74.32
89.5236,18042,100,71.10
89.5414,18042,99,76.84
89.5588,18042,100,70.91
89.5766,18042,100,75.98
89.5942,18042,100,72.67
89.6115,18042,100,69.83
89.6291,18042,100,70.61
89.6468,18042,100,69.79
89.6647,18042,100,71.52
89.6827,18042,100,67.88
89.7001,18042,100,70.72
89.7178,18042,100,71.32
89.7353,18042,100,69.30
89.7530,18042,100,68.18
89.7705,18042,100,72.33
89.7879,18042,100,71.32
89.8053,18042,100,70.09
89.8227,18042,100,65.10
89.8403,18042,100,71.43
89.8577,18042,100,70.86
89.8752,18042,100,68.28
89.8927,18042,100,71.72
89.9101,18042,100,69.72
89.9276,18042,100,69.43
89.9452,18042,100,66.31
89.9625,18042,100,72.77
89.9799,18042,100,68.47
89.9973,18042,100,70.31
90.0148,18042,100,69.87
90.0321,18042,100,71.17
90.0495,18042,100,73.78
90.0671,18042,100,71.49
90.0845,18042,100,68.73
90.1019,18042,100,68.91
90.1198,18042,100,73.82
90.1371,18042,100,68.26
90.1547,18042,100,70.38
90.1721,18042,100,70.75
90.1896,18042,100,73.00
90.2074,18042,100,70.78
90.2249,18042,100,71.22
90.2423,18042,100,71.87
90.2597,18042,100,66.05
90.2772,18042,100,72.56
90.2946,18042,100,69.89
90.3124,18042,100,70.67
90.3300,18042,100,77.72
90.3477,18042,100,73.29
90.3656,18042,100,70.88
90.3830,18042,100,70.19
90.4005,18042,100,71.05
90.4180,18042,100,72.58
90.4354,18042,100,72.59
90.4529,18042,99,70.90
90.4706,18042,100,67.99
90.4882,18042,100,75.71
90.5059,18042,100,70.44
90.5234,18042,100,70.22
90.5413,18042,100,69.42
90.5587,18042,100,66.55
90.5763,18042,100,70.25
90.5937,18042,100,72.11
90.6112,18042,100,71.71
90.6286,18042,100,67.49
90.6464,18042,100,72.63
90.6640,18042,100,69.07
90.6814,18042,100,72.34
90.6989,18042,100,68.00
90.7167,18042,100,74.35
90.7345,18042,100,74.13
90.7518,18042,100,70.51
90.7696,18042,100,71.47
90.7871,18042,100,70.85
90.8046,18042,100,69.34
90.8220,18042,100,72.24
90.8398,18042,100,68.02
90.8572,18042,100,73.50
90.8751,18042,100,70.29
90.8925,18042,100,70.74
90.9100,18042,100,72.60
90.9275,18042,100,70.28
90.9448,18042,100,71.50
90.9623,18042,100,68.63
90.9800,18042,100,72.30
90.9975,18042,100,71.39
91.0149,18042,100,70.38
91.0323,18042,100,71.49
91.0497,18042,100,68.27
91.0673,18042,100,71.14
91.0848,18042,100,73.08
91.1023,18042,100,71.21
91.1200,18042,100,71.23
91.1374,18042,100,70.97
91.1549,18042,100,67.94
91.1724,18042,100,72.01
91.1898,18042,100,70.39
91.2072,18042,100,72.61
91.2246,18042,100,71.40
91.2420,18042,100,72.95
91.2594,18042,100,66.72
91.2769,18042,100,75.07
91.2943,18042,100,71.71
91.3118,18042,100,71.48
91.3293,18042,100,72.56
91.3467,18042,100,70.90
91.3643,18042,100,69.27
91.3818,18042,100,73.22
91.3992,18042,100,69.29
91.4166,18042,100,71.28
91.4341,18042,100,69.50
91.4516,18042,100,72.17
91.4693,18042,100,72.60
91.4871,18042,100,67.73
91.5050,18042,100,74.67
91.5223,18042,100,71.68
91.5399,18042,100,74.65
91.5573,18042,100,71.63
91.5747,18042,100,71.12
91.5922,18042,100,76.02
91.6095,18042,100,68.51
91.6269,18042,100,72.60
91.6443,18042,100,69.77
91.6618,18042,100,73.34
91.6793,18042,100,74.50
91.6967,18042,100,71.71
91.7141,18042,100,71.19
91.7319,18042,100,71.86
91.7493,18042,100,70.99
91.7667,18042,100,71.92
91.7840,18042,100,71.67
91.8016,18042,100,70.02
91.8190,18042,100,71.39
91.8364,18042,100,73.06
91.8539,18042,100,70.96
91.8713,18042,100,71.57
91.8888,18042,100,73.60
91.9063,18042,100,71.34
91.9238,18042,100,69.32
91.9413,18042,100,68.28
91.9588,18042,100,69.61
91.9762,18042,100,73.50
91.9936,18042,100,69.92
92.0112,18042,100,72.50
92.0286,18042,100,65.52
92.0462,18042,100,71.73
92.0636,18042,100,71.54
92.0814,18042,100,67.46
92.0988,18042,100,74.06
92.1165,18042,100,69.08
92.1340,18042,100,70.01
92.1515,18042,100,71.64
92.1689,18042,100,69.72
92.1863,18042,100,74.58
92.2038,18042,99,70.91
92.2213,18042,100,68.89
92.2387,18042,100,71.83
92.2560,18042,100,71.16
92.2734,18042,100,70.36
92.2908,18042,100,71.62
92.3083,18042,100,69.98
92.3257,18042,99,68.45
92.3432,18042,100,73.42
92.3607,18042,100,73.43
92.3782,18042,100,69.96
92.3957,18042,100,73.19
92.4131,18042,100,68.17
92.4305,18042,100,72.87
92.4477,18042,100,69.47
92.4654,18042,100,73.25
92.4831,18042,99,68.46
92.5009,18042,100,71.90
92.5184,18042,100,69.68
92.5358,18042,100,69.00
92.5535,18042,100,71.50
92.5709,18042,100,69.95
92.5888,18042,100,71.04
92.6066,18042,100,74.09
92.6240,18042,100,69.17
92.6414,18042,100,70.86
92.6588,18042,100,70.99
92.6762,18042,100,71.32
92.6936,18042,100,70.33
92.7111,18042,100,72.58
92.7285,18042,100,71.08
92.7459,18042,100,69.63
92.7633,18042,99,71.93
92.7806,18042,100,70.52
92.7982,18042,100,72.11
92.8158,18042,100,70.35
92.8332,18042,100,71.34
92.8507,18042,100,71.91
92.8682,18042,100,68.65
92.8856,18042,100,71.74
92.9031,18042,100,71.72
92.9205,18042,100,69.66
92.9380,18042,100,69.75
92.9556,18042,100,71.66
92.9730,18042,100,69.43
92.9904,18042,100,72.26
93.0080,18042,100,69.55
93.0254,18042,100,69.10
93.0429,18042,99,69.54
93.0603,18042,100,69.13
93.0777,18042,100,69.78
93.0952,18042,100,70.14
93.1129,18042,100,75.26
93.1304,18042,100,69.88
93.1479,18042,100,71.88
93.1653,18042,100,68.38
93.1828,18042,100,70.75
93.2002,18042,100,73.39
93.2176,18042,100,72.04
93.2350,18042,100,71.08
93.2524,18042,100,70.12
93.2705,18042,100,68.91
93.2879,18042,100,69.95
93.3055,18042,99,76.41
93.3229,18042,100,67.77
93.3405,18042,100,76.18
93.3580,18042,100,68.82
93.3755,18042,100,74.71
93.3935,18042,100,71.56
93.4110,18042,100,72.53
93.4289,18042,100,72.21
93.4465,18042,99,71.63
93.4640,18042,100,69.44
93.4815,18042,100,77.54
93.4989,18042,100,71.49
93.5169,18042,100,68.92
93.5350,18042,100,69.44
93.5528,18042,100,72.12
93.5701,18042,99,70.88
93.5876,18042,100,70.67
93.6058,18042,100,72.65
93.6234,18042,100,70.14
93.6408,18042,100,71.67
93.6589,18042,100,72.51
93.6767,18042,100,71.76
93.6943,18042,100,73.40
93.7117,18042,100,72.63
93.7291,18042,100,71.30
93.7467,18042,100,71.87
93.7644,18042,100,72.27
93.7824,18042,100,69.56
93.7998,18042,100,71.63
93.8173,18042,100,71.00
93.8352,18042,100,74.88
93.8526,18042,100,67.15
93.8702,18042,100,71.18
93.8876,18042,100,68.81
93.9054,18042,100,69.54
93.9233,18042,100,71.27
93.9408,18042,100,74.01
93.9585,18042,100,71.73
93.9760,18042,100,68.04
93.9935,18042,100,72.55
94.0113,18042,100,70.24
94.0293,18042,100,68.93
94.0470,18042,100,71.39
94.0648,18042,100,70.73
94.0826,18042,100,71.45
94.1008,18042,100,75.40
94.1183,18042,100,68.19
94.1360,18042,100,72.21
94.1535,18042,100,70.84
94.1712,18042,100,71.37
94.1890,18042,100,70.78
94.2065,18042,100,68.12
94.2239,18042,100,69.72
94.2417,18042,100,70.08
94.2595,18042,100,69.74
94.2769,18042,100,72.38
94.2945,18042,100,70.87
94.3124,18042,100,71.22
94.3304,18042,100,71.43
94.3478,18042,100,71.59
94.3654,18042,100,75.20
94.3828,18042,100,71.52
94.4011,18042,100,78.44
94.4188,18042,100,67.67
94.4362,18042,100,71.51
94.4545,18042,100,68.69
94.4721,18042,99,77.68
94.4895,18042,100,75.03
94.5073,18042,100,71.96
94.5252,18042,100,71.33
94.5429,18042,100,68.82
94.5607,18042,100,69.65
94.5782,18042,100,72.20
94.5965,18042,100,69.71
94.6139,18042,100,72.24
94.6320,18042,100,69.21
94.6494,18042,100,70.63
94.6673,18042,100,72.19
94.6852,18042,100,71.73
94.7027,18042,100,71.96
94.7208,18042,100,69.61
94.7386,18042,100,70.68
94.7568,18042,100,71.50
94.7745,18042,100,71.59
94.7927,18042,100,70.08
94.8102,18042,100,70.98
94.8284,18042,100,69.79
94.8461,18042,100,70.91
94.8635,18042,100,72.99
94.8816,18042,100,68.55
94.8995,18042,100,70.13
94.9169,18042,100,71.77
94.9347,18042,100,71.18
94.9526,18042,100,71.15
94.9700,18042,100,73.43
94.9877,18042,100,71.18
95.0058,18042,100,71.07
95.0237,18042,100,71.29
95.0416,18042,100,72.93
95.0590,18042,100,69.30
95.0771,18042,100,70.86
95.0946,18042,100,69.23
95.1122,18042,100,72.10
95.1297,18042,100,70.29
95.1479,18042,100,70.30
95.1653,18042,100,71.96
95.1831,18042,100,71.52
95.2007,18042,100,70.99
95.2189,18042,100,73.37
95.2363,18042,100,74.81
95.2541,18042,100,71.78
95.2718,18042,100,72.18
95.2899,18042,100,71.04
95.3082,18042,100,71.33
95.3261,18042,100,68.89
95.3435,18042,100,69.56
95.3610,18042,100,71.21
95.3791,18042,100,72.64
95.3967,18042,100,72.97
95.4141,18042,100,67.42
95.4316,18042,100,70.63
95.4490,18042,100,70.30
95.4671,18042,100,71.74
95.4851,18042,100,69.57
95.5033,18042,100,71.11
95.5207,18042,100,68.88
95.5388,18042,100,70.86
95.5567,18042,100,71.74
95.5741,18042,100,69.68
95.5916,18042,100,67.62
95.6090,18042,100,70.33
95.6266,18042,100,68.47
95.6440,18042,100,71.33
95.6620,18042,100,73.25
95.6793,18042,100,71.97
95.6972,18042,100,71.82
95.7150,18042,100,70.42
95.7350,18042,100,71.52
95.7528,18042,100,71.77
95.7704,18042,100,70.06
95.7878,18042,100,69.58
95.8053,18042,100,73.89
95.8234,18042,100,72.18
95.8407,18042,100,69.31
95.8581,18042,100,69.65
95.8763,18042,100,74.22
95.8938,18042,100,70.42
95.9112,18042,100,69.42
95.9286,18042,100,71.08
95.9461,18042,100,72.31
95.9637,18042,100,70.68
95.9811,18042,100,69.17
95.9991,18042,100,67.04
96.0167,18042,100,70.77
96.0341,18042,100,71.27
96.0515,18042,100,69.71
96.0693,18042,100,71.57
96.0875,18042,100,72.56
96.1054,18042,100,72.04
96.1227,18042,100,72.38
96.1401,18042,100,72.28
96.1579,18042,100,71.43
96.1761,18042,100,69.37
96.1935,18042,100,72.59
96.2110,18042,100,71.15
96.2286,18042,100,72.08
96.2468,18042,100,69.24
96.2644,18042,100,72.97
96.2819,18042,100,69.14
96.2996,18042,100,70.90
96.3174,18042,100,69.50
96.3349,18042,100,66.84
96.3531,18042,100,69.36
96.3710,18042,100,70.26
96.3888,18042,100,69.17
96.4063,18042,100,70.68
96.4237,18042,100,71.89
96.4415,18042,100,70.29
96.4594,18042,100,73.70
96.4769,18042,100,70.54
96.4945,18042,100,70.87
96.5119,18042,100,72.50
96.5296,18042,100,70.17
96.5473,18042,100,70.66
96.5647,18042,99,70.84
96.5825,18042,100,71.44
96.6005,18042,100,71.66
96.6180,18042,100,73.01
96.6356,18042,100,71.44
96.6533,18042,100,68.58
96.6708,18042,100,70.69
96.6887,18042,100,70.15
96.7069,18042,100,71.13
96.7243,18042,100,70.13
96.7421,18042,100,69.54
96.7603,18042,100,73.70
96.7782,18042,100,68.68
96.7956,18042,100,70.58
96.8133,18042,100,69.85
96.8312,18042,100,70.35
96.8486,18042,100,71.96
96.8660,18042,100,70.46
96.8835,18042,100,72.53
96.9009,18042,100,70.32
96.9184,18042,100,71.42
96.9359,18042,100,73.04
96.9538,18042,100,71.63
96.9714,18042,100,72.51
96.9888,18042,100,70.63
97.0065,18042,100,72.16
97.0247,18042,100,73.75
97.0424,18042,100,71.47
97.0598,18042,100,71.00
97.0772,18042,100,70.69
97.0953,18042,100,71.20
97.1130,18042,100,70.18
97.1305,18042,100,70.15
97.1482,18042,100,69.83
97.1661,18042,100,72.52
97.1835,18042,100,71.30
97.2014,18042,100,71.01
97.2195,18042,100,70.92
97.2370,18042,100,72.48
97.2549,18042,100,70.52
97.2723,18042,100,70.86
97.2900,18042,100,70.56
97.3075,18042,100,70.64
97.3252,18042,100,74.73
97.3430,18042,100,71.06
97.3611,18042,99,70.39
97.3785,18042,100,68.59
97.3961,18042,100,73.07
97.4139,18042,100,73.04
97.4313,18042,100,71.28
97.4488,18042,100,70.58
97.4666,18042,100,72.85
97.4843,18042,100,72.50
97.5024,18042,100,71.90
97.5199,18042,100,69.89
97.5382,18042,100,70.73
97.5556,18042,100,70.99
97.5731,18042,100,70.45
97.5910,18042,100,69.99
97.6085,18042,100,67.96
97.6260,18042,100,71.27
97.6438,18042,100,71.01
97.6615,18042,100,71.33
97.6789,18042,100,69.65
97.6970,18042,100,69.13
97.7145,18042,100,69.66
97.7319,18042,100,71.81
97.7498,18042,99,71.29
97.7672,18042,100,68.18
97.7846,18042,100,70.99
97.8027,18042,100,70.64
97.8206,18042,100,73.32
97.8384,18042,100,71.69
97.8558,18042,100,68.79
97.8736,18042,100,75.11
97.8914,18042,100,69.64
97.9095,18042,100,70.91
97.9276,18042,100,70.96
97.9450,18042,100,71.32
97.9625,18042,100,69.96
97.9802,18042,100,71.10
97.9976,18042,100,70.68
98.0150,18042,100,70.28
98.0325,18042,100,70.44
98.0500,18042,100,71.85
98.0676,18042,100,72.98
98.0855,18042,100,71.72
98.1033,18042,100,71.81
98.1216,18042,100,68.87
98.1391,18042,100,71.96
98.1568,18042,100,70.52
98.1744,18042,100,69.39
98.1926,18042,100,73.59
98.2103,18042,100,70.00
98.2281,18042,100,72.18
98.2455,18042,100,72.30
98.2630,18042,100,71.70
98.2804,18042,99,70.38
98.2979,18042,100,68.56
98.3160,18042,100,71.77
98.3336,18042,100,71.31
98.3510,18042,100,73.22
98.3686,18042,100,71.28
98.3859,18042,100,71.85
98.4033,18042,100,68.40
98.4209,18042,100,70.72
98.4384,18042,100,70.56
98.4558,18042,100,70.76
98.4732,18042,100,71.82
98.4907,18042,100,68.95
98.5081,18042,100,72.14
98.5258,18042,100,71.39
98.5433,18042,100,71.22
98.5611,18042,100,72.19
98.5787,18042,100,70.40
98.5961,18042,100,71.79
98.6135,18042,100,73.15
98.6316,18042,100,72.36
98.6490,18042,100,73.45
98.6666,18042,100,72.93
98.6839,18042,100,69.98
98.7013,18042,100,69.71
98.7188,18042,100,72.26
98.7364,18042,100,70.84
98.7538,18042,100,68.72
98.7715,18042,100,69.26
98.7890,18042,100,71.36
98.8068,18042,100,69.62
98.8245,18042,100,73.59
98.8419,18042,100,71.58
98.8597,18042,100,69.46
98.8773,18042,100,72.89
98.8950,18042,100,71.71
98.9124,18042,100,74.53
98.9300,18042,100,70.87
98.9474,18042,100,69.60
98.9649,18042,100,70.93
98.9825,18042,100,70.68
99.0002,18042,100,69.82
99.0177,18042,100,71.58
99.0351,18042,100,72.78
99.0533,18042,100,70.06
99.0708,18042,100,71.82
99.0882,18042,100,71.46
99.1063,18042,100,74.81
99.1237,18042,100,72.78
99.1412,18042,100,70.05
99.1587,18042,100,70.92
99.1761,18042,100,70.94
99.1936,18042,100,69.37
99.2110,18042,100,69.85
99.2284,18042,99,73.43
99.2461,18042,100,71.93
99.2637,18042,100,70.00
99.2810,18042,100,71.52
99.2988,18042,100,71.50
99.3162,18042,100,71.89
99.3337,18042,100,71.40
99.3511,18042,100,71.89
99.3690,18042,100,71.79
99.3864,18042,100,71.13
99.4038,18042,100,71.28
99.4213,18042,100,71.34
99.4392,18042,100,68.91
99.4565,18042,100,70.65
99.4739,18042,100,72.96
99.4913,18042,100,68.94
99.5088,18042,100,69.50
99.5262,18042,100,71.67
99.5436,18042,100,69.95
99.5610,18042,100,70.27
99.5785,18042,100,72.43
99.5959,18042,100,73.09
99.6137,18042,100,70.82
99.6311,18042,100,71.52
99.6486,18042,100,72.72
99.6662,18042,100,70.77
99.6836,18042,99,72.11
99.7013,18042,100,69.59
99.7191,18042,100,69.18
99.7367,18042,100,73.00
99.7541,18042,100,71.60
99.7715,18042,100,72.05
99.7889,18042,100,72.07
99.8064,18042,100,71.25
99.8238,18042,100,72.57
99.8412,18042,100,70.28
99.8588,18042,100,71.65
99.8764,18042,100,70.39
99.8937,18042,100,71.78
99.9113,18042,100,68.56
99.9287,18042,100,71.45
99.9462,18042,100,69.42
99.9643,18042,100,73.33
99.9821,18042,100,71.63
99.9996,18042,100,69.32
100.0171,18042,100,71.64
100.0352,18042,100,70.21
100.0527,18042,99,73.98
100.0701,18042,100,71.00
100.0876,18042,100,71.54
100.1051,18042,100,72.66
100.1230,18042,100,68.84
100.1404,18042,100,72.28
100.1578,18042,100,72.67
100.1753,18042,100,70.43
100.1927,18042,100,70.53
100.2101,18042,100,71.61
100.2275,18042,100,71.17
100.2451,18042,100,71.71
100.2630,18042,100,71.47
100.2807,18042,100,71.74
100.2982,18042,100,71.10
100.3156,18042,100,72.75
100.3331,18042,100,70.97
100.3507,18042,100,70.95
100.3681,18042,100,71.84
100.3856,18042,100,71.55
100.4031,18042,100,72.58
100.4205,18042,100,72.30
100.4379,18042,100,70.27
100.4554,18042,100,70.08
100.4730,18042,100,71.31
100.4904,18042,100,71.98
100.5079,18042,100,70.49
100.5254,18042,100,72.60
100.5428,18042,100,69.69
100.5602,18042,100,71.22
100.5776,18042,100,71.88
100.5958,18042,100,72.41
100.6132,18042,100,70.81
100.6306,18042,100,70.85
100.6480,18042,100,71.59
100.6655,18042,100,70.66
100.6830,18042,100,72.14
100.7005,18042,100,71.62
100.7179,18042,100,69.68
100.7361,18042,100,71.69
100.7536,18042,100,69.42
100.7710,18042,100,70.59
100.7884,18042,100,71.57
100.8062,18042,100,72.34
100.8235,18042,100,74.53
100.8411,18042,100,70.66
100.8589,18042,100,72.15
100.8762,18042,100,70.22
100.8937,18042,100,73.72
100.9111,18042,100,71.26
100.9286,18042,100,67.97
100.9461,18042,100,71.61
100.9635,18042,99,72.04
100.9809,18042,100,71.14
100.9983,18042,100,71.01
101.0159,18042,100,69.04
101.0337,18042,100,71.73
101.0511,18042,100,72.62
101.0687,18042,100,69.06
101.0861,18042,100,72.38
101.1039,18042,100,70.06
101.1213,18042,100,73.38
101.1388,18042,100,71.65
101.1565,18042,100,71.50
101.1741,18042,100,72.76
101.1915,18042,100,69.96
101.2090,18042,100,70.60
101.2264,18042,100,71.11
101.2438,18042,100,70.69
101.2612,18042,100,70.27
101.2786,18042,100,71.28
101.2960,18042,100,71.94
101.3136,18042,100,71.25
101.3310,18042,100,69.52
101.3484,18042,100,70.78
101.3661,18042,100,71.91
101.3836,18042,100,71.46
101.4011,18042,100,70.78
101.4185,18042,99,71.73
101.4359,18042,100,72.36
101.4536,18042,100,70.79
101.4710,18042,100,73.05
101.4890,18042,100,70.25
101.5063,18042,100,74.23
101.5241,18042,100,70.05
101.5416,18042,100,71.32
101.5594,18042,100,69.31
101.5768,18042,100,73.63
101.5942,18042,100,68.60
101.6116,18042,100,69.15
101.6290,18042,100,70.22
101.6467,18042,100,70.84
101.6642,18042,100,70.41
101.6816,18042,100,71.08
101.6992,18042,100,72.01
101.7166,18042,100,71.91
101.7340,18042,100,72.67
101.7515,18042,100,70.24
101.7690,18042,100,71.15
101.7865,18042,100,71.11
101.8039,18042,100,70.89
101.8213,18042,100,70.64
101.8388,18042,100,69.78
101.8563,18042,100,72.04
101.8737,18042,100,71.05
101.8911,18042,100,73.05
101.9086,18042,100,74.02
101.9265,18042,100,69.76
101.9440,18042,100,72.28
101.9616,18042,100,70.93
101.9794,18042,100,71.40
101.9967,18042,100,71.81
102.0142,18042,100,71.89
102.0322,18042,100,71.35
102.0496,18042,100,69.59
102.0671,18042,100,72.24
102.0846,18042,100,70.08
102.1020,18042,100,73.68
102.1193,18042,100,71.50
102.1368,18042,100,69.88
102.1546,18042,100,72.72
102.1721,18042,100,72.22
102.1900,18042,100,69.32
102.2083,18042,99,73.43
102.2257,18042,100,69.14
102.2432,18042,100,70.91
102.2607,18042,100,72.06
102.2783,18042,100,70.61
102.2956,18042,100,68.45
102.3134,18042,100,69.53
102.3309,18042,100,73.76
102.3488,18042,100,71.93
102.3662,18042,100,69.85
102.3836,18042,100,69.32
102.4010,18042,100,70.91
102.4185,18042,100,70.12
102.4359,18042,100,70.62
102.4536,18042,100,72.08
102.4711,18042,100,71.73
102.4886,15342,100,70.84
102.5060,15342,100,70.22
102.5234,15342,0,33.73
102.5408,15342,0,31.08
102.5582,15342,0,31.12
102.5756,15342,0,31.19
102.5930,15342,0,30.94
102.6104,15342,0,30.94
102.6278,15342,0,31.03
102.6464,15342,0,30.64
102.6646,15342,0,30.67
102.6836,15342,0,30.67
102.7018,15306,1,30.41
