Time_Minutes,Memory_Used_MiB,GPU_Utilization_Pct,Power_Watts
0.0000,23,0,16.74
0.0182,23,0,16.73
0.0360,23,0,16.68
0.0538,25,0,16.88
0.0710,48,0,19.81
0.0888,1150,8,28.78
0.1062,2112,7,28.62
0.1243,3022,6,28.80
0.1423,3984,8,28.84
0.1602,4920,7,28.76
0.1778,5902,8,28.89
0.1958,6864,6,28.68
0.2141,7872,8,28.79
0.2323,8808,8,28.74
0.2504,9790,5,28.85
0.2685,10726,6,28.85
0.2863,11228,0,28.62
0.3045,11228,0,28.45
0.3225,12102,100,40.59
0.3402,12290,99,65.60
0.3576,12292,99,65.72
0.3750,12492,100,61.17
0.3928,12492,99,63.77
0.4102,12492,100,65.34
0.4282,12492,99,61.75
0.4460,12492,99,65.10
0.4641,12492,99,62.81
0.4822,12492,100,63.43
0.5003,12492,99,64.27
0.5177,12492,99,65.78
0.5351,12492,100,60.39
0.5525,12492,100,66.49
0.5703,12492,99,67.01
0.5883,12492,99,65.65
0.6060,12492,99,67.79
0.6234,12492,100,65.63
0.6412,12492,100,62.02
0.6586,12492,100,62.51
0.6760,12492,100,63.72
0.6934,12492,100,65.78
0.7112,12492,100,65.49
0.7289,12492,100,67.04
0.7463,12492,100,69.25
0.7637,12492,100,64.87
0.7814,12492,99,63.29
0.7995,12492,100,67.54
0.8169,12492,100,64.35
0.8346,12492,99,64.39
0.8520,12492,99,63.63
0.8694,12492,100,65.01
0.8872,12492,99,64.80
0.9046,12492,100,66.96
0.9220,12492,99,67.60
0.9398,12492,99,66.37
0.9575,12492,99,66.69
0.9755,12492,100,65.18
0.9930,12492,100,66.08
1.0109,12492,99,65.49
1.0288,12492,100,66.29
1.0462,12492,99,62.19
1.0639,12492,100,66.51
1.0813,12492,100,73.13
1.0987,12492,99,67.34
1.1161,12492,99,65.09
1.1335,12492,100,68.05
1.1512,12492,100,68.74
1.1686,12492,100,62.20
1.1864,12492,100,70.09
1.2038,12492,100,74.30
1.2212,12492,100,65.30
1.2389,12492,100,62.32
1.2563,12492,99,63.11
1.2737,12492,100,63.45
1.2911,12492,99,69.31
1.3085,12492,99,63.07
1.3259,12492,99,62.53
1.3433,12492,100,75.12
1.3607,12492,99,71.50
1.3781,12492,100,62.70
1.3959,12492,99,65.61
1.4132,12492,100,67.11
1.4306,12492,100,67.67
1.4480,12492,100,65.25
1.4654,12492,100,69.54
1.4828,12492,100,67.04
1.5002,12492,100,64.94
1.5177,12492,100,64.22
1.5351,12492,99,65.25
1.5525,12492,100,68.19
1.5699,12492,100,65.80
1.5873,12492,100,69.73
1.6048,12492,100,65.25
1.6222,12492,99,70.40
1.6396,12492,100,66.35
1.6570,12492,100,68.60
1.6744,12492,100,71.11
1.6918,12492,99,68.70
1.7092,12492,100,66.43
1.7266,12492,100,68.28
1.7441,12492,99,63.63
1.7614,12492,100,68.38
1.7788,12492,99,69.26
1.7966,12492,100,66.51
1.8140,12492,100,65.59
1.8314,12492,100,67.59
1.8491,12492,100,68.61
1.8665,12492,100,67.89
1.8839,12492,100,70.88
1.9013,12492,100,69.35
1.9188,12492,100,67.83
1.9362,12492,100,71.00
1.9536,12492,100,65.68
1.9711,12492,100,65.65
1.9884,12492,100,67.60
2.0058,12492,100,69.08
2.0232,12492,100,68.91
2.0407,12492,100,69.24
2.0589,12492,99,66.79
2.0763,12492,100,69.78
2.0938,12492,99,67.70
2.1112,12492,100,71.65
2.1286,12492,100,67.83
2.1460,12492,100,69.77
2.1635,12492,100,71.64
2.1809,12492,100,71.19
2.1983,12492,100,70.13
2.2157,12492,100,66.65
2.2331,12492,100,68.29
2.2505,12492,100,69.43
2.2679,12492,100,70.46
2.2853,12492,100,69.64
2.3027,12210,100,68.12
2.3201,12380,100,68.67
2.3375,12380,100,67.90
2.3549,12380,100,68.72
2.3723,12742,99,69.88
2.3897,12742,100,69.94
2.4072,12742,100,70.00
2.4246,12928,99,67.54
2.4420,12928,100,68.16
2.4594,12928,100,68.63
2.4768,12928,100,65.37
2.4943,12928,100,70.31
2.5117,12928,99,69.44
2.5291,12928,99,69.14
2.5468,12928,100,69.25
2.5643,12206,99,67.49
2.5816,12368,100,69.74
2.5991,12718,99,68.50
2.6165,12718,100,68.36
2.6340,12718,100,68.87
2.6514,12718,99,65.03
2.6688,12718,100,69.41
2.6862,12718,100,68.13
2.7036,12898,99,68.51
2.7210,12898,99,68.44
2.7384,12898,100,70.38
2.7559,12898,100,69.25
2.7732,12898,100,68.07
2.7907,12898,99,71.75
2.8084,12898,99,69.08
2.8258,12254,100,70.43
2.8432,12254,100,65.94
2.8606,12254,100,69.77
2.8780,12254,100,66.99
2.8955,12254,99,63.74
2.9129,12254,100,65.50
2.9303,12438,100,70.09
2.9477,12438,100,67.33
2.9651,12438,100,69.13
2.9825,12438,100,66.97
2.9999,12438,100,68.60
3.0174,12438,100,68.71
3.0351,12438,100,70.43
3.0526,12438,100,70.09
3.0700,12438,100,69.68
3.0874,12478,100,68.22
3.1048,12478,100,69.27
3.1222,12478,99,67.87
3.1397,12478,100,68.96
3.1572,12478,100,69.93
3.1750,12668,99,66.52
3.1925,12668,100,70.41
3.2098,12668,99,68.29
3.2272,12668,100,69.81
3.2446,12668,100,69.55
3.2620,12668,100,69.71
3.2794,12668,100,71.20
3.2968,12668,100,69.07
3.3146,12668,99,67.98
3.3320,12420,100,71.95
3.3494,12770,99,69.18
3.3668,12952,99,71.71
3.3842,12952,100,68.25
3.4016,12952,100,69.77
3.4190,13144,100,67.03
3.4364,13144,100,72.00
3.4542,13340,99,71.57
3.4716,13340,99,72.60
3.4890,13340,100,67.25
3.5064,13340,100,68.26
3.5238,13340,100,69.84
3.5412,13340,100,68.00
3.5587,13340,99,67.64
3.5761,12464,100,69.93
3.5938,12844,99,70.78
3.6116,12844,100,71.70
3.6290,12844,100,70.20
3.6465,13040,100,71.22
3.6638,13040,100,70.77
3.6812,13040,100,67.35
3.6986,13040,100,72.15
3.7164,13238,100,69.93
3.7338,13238,99,68.53
3.7512,13238,100,69.84
3.7686,13238,100,69.52
3.7861,13238,100,69.42
3.8035,13238,100,71.55
3.8209,12286,100,68.54
3.8383,12470,100,67.85
3.8557,12872,100,67.24
3.8731,12872,100,69.87
3.8905,12872,100,70.19
3.9079,12872,100,69.87
3.9256,12872,99,70.77
3.9434,12872,100,70.28
3.9608,12872,100,69.67
3.9782,13084,99,69.76
3.9957,13084,100,67.60
4.0131,13084,100,68.66
4.0306,13084,99,67.57
4.0480,13084,100,69.60
4.0654,12354,100,69.83
4.0829,12554,100,70.55
4.1002,12554,100,69.61
4.1176,12554,100,67.26
4.1351,12554,100,65.69
4.1525,12554,100,67.97
4.1699,12554,100,66.32
4.1873,12554,100,68.64
4.2047,12554,100,68.79
4.2221,12554,100,72.55
4.2395,12762,100,69.98
4.2569,12972,99,68.09
4.2743,12972,100,67.11
4.2917,13192,99,69.93
4.3091,12464,99,68.97
4.3266,12660,100,72.13
4.3440,12660,100,69.03
4.3614,12868,100,67.86
4.3788,12868,100,69.61
4.3962,12868,100,69.26
4.4140,12868,100,68.05
4.4317,12868,99,69.24
4.4491,12868,100,69.17
4.4665,12868,100,67.92
4.4840,12868,100,67.53
4.5014,12868,100,70.80
4.5188,13080,99,67.59
4.5362,12562,99,69.86
4.5536,12562,100,68.24
4.5710,12562,100,69.86
4.5884,12562,100,68.49
4.6058,12790,100,68.29
4.6233,12790,100,68.20
4.6407,12790,100,67.53
4.6581,12790,100,69.56
4.6756,12790,100,70.61
4.6930,12790,99,67.74
4.7105,12790,100,68.44
4.7278,12790,100,67.91
4.7452,12790,100,69.81
4.7626,12138,97,67.02
4.7800,12552,100,68.29
4.7975,12552,100,67.20
4.8149,12552,100,69.61
4.8323,12552,100,68.97
4.8498,12552,100,67.02
4.8672,12552,100,68.22
4.8847,12552,100,68.59
4.9024,12788,99,67.90
4.9198,12788,100,68.47
4.9372,12788,100,67.89
4.9546,12788,100,69.49
4.9720,12788,99,68.48
4.9894,12788,100,68.74
5.0068,12210,100,68.90
5.0243,12444,100,71.58
5.0417,12444,99,67.40
5.0591,12444,100,70.48
5.0766,12444,100,71.75
5.0940,12444,100,71.79
5.1114,12444,99,68.19
5.1289,12444,100,67.89
5.1464,12444,100,67.18
5.1638,12444,100,69.26
5.1812,12444,100,70.34
5.1986,12692,100,67.72
5.2161,12692,100,68.13
5.2335,12208,100,66.58
5.2509,12208,99,65.63
5.2683,12388,100,67.58
5.2858,12388,99,69.32
5.3032,12826,100,69.83
5.3206,12826,99,71.14
5.3380,12826,100,70.43
5.3555,12826,100,69.92
5.3729,12826,100,70.28
5.3904,12826,99,69.14
5.4078,12826,100,67.65
5.4252,12826,100,68.57
5.4426,12826,100,68.33
5.4600,12174,97,66.34
5.4774,12392,99,67.14
5.4948,12392,100,68.08
5.5122,12392,100,68.53
5.5297,12392,99,69.24
5.5472,12392,100,67.41
5.5646,12392,100,69.55
5.5823,12392,100,67.63
5.5998,12612,99,67.17
5.6172,12856,100,67.74
5.6350,12856,100,70.52
5.6524,12856,100,67.26
5.6698,12856,100,68.44
5.6872,12856,100,70.36
5.7046,12398,100,69.05
5.7220,12838,99,69.17
5.7394,13062,99,71.66
5.7568,13062,100,70.06
5.7742,13062,100,69.59
5.7916,13062,100,68.60
5.8090,13798,99,67.97
5.8268,13798,100,68.99
5.8443,13798,100,68.92
5.8616,14068,100,69.31
5.8791,14068,100,67.95
5.8965,14068,100,67.46
5.9139,14068,100,68.21
5.9314,12868,99,67.59
5.9488,13130,100,70.07
5.9662,13130,100,69.90
5.9836,13130,100,70.37
6.0010,13130,100,68.44
6.0188,13130,100,69.65
6.0362,13130,99,68.11
6.0536,13130,100,69.84
6.0711,13130,100,70.34
6.0886,13130,100,69.41
6.1060,13130,100,69.77
6.1241,13130,100,70.73
6.1421,13130,100,68.86
6.1602,12282,99,69.25
6.1780,12514,99,66.76
6.1954,12748,100,69.15
6.2128,12748,100,69.19
6.2306,12748,100,67.13
6.2481,13032,100,69.80
6.2655,13032,100,66.61
6.2829,13032,100,68.58
6.3010,13032,100,70.29
6.3184,13032,100,68.72
6.3364,13032,100,69.72
6.3538,13032,100,70.31
6.3712,13032,100,67.94
6.3890,12472,100,68.06
6.4064,12472,99,69.62
6.4241,12472,99,71.80
6.4418,12472,100,71.06
6.4592,12472,100,69.83
6.4770,12472,100,70.50
6.4944,12472,100,69.94
6.5122,12472,100,69.51
6.5299,12472,100,69.72
6.5477,12472,100,68.49
6.5651,12472,100,68.80
6.5828,12472,100,68.94
6.6002,12472,100,68.72
6.6176,12666,100,69.66
6.6357,12936,100,67.06
6.6531,12936,99,68.77
6.6705,12936,100,69.04
6.6882,12936,100,70.27
6.7057,13190,100,69.11
6.7234,13190,100,70.14
6.7416,13190,99,68.32
6.7590,13190,100,70.79
6.7767,13190,100,69.54
6.7941,13190,100,67.11
6.8118,13190,100,69.45
6.8299,12314,98,67.21
6.8473,12760,100,68.37
6.8654,13012,100,70.45
6.8831,13012,100,69.62
6.9005,13012,100,68.53
6.9186,13012,100,68.25
6.9366,13012,100,69.68
6.9541,13288,100,68.24
6.9715,13288,100,69.82
6.9889,13288,99,69.93
7.0064,13288,100,69.26
7.0246,13594,99,68.06
7.0423,13594,100,69.29
7.0600,12368,100,65.93
7.0776,12662,100,69.96
7.0954,12662,100,68.78
7.1131,12662,100,71.25
7.1305,12662,100,69.07
7.1482,12662,100,69.82
7.1662,12662,100,69.44
7.1842,12662,100,68.08
7.2020,12662,100,68.22
7.2194,12662,100,69.88
7.2368,12662,100,70.25
7.2542,12662,100,70.60
7.2719,12662,99,68.74
7.2899,12584,100,72.22
7.3077,12892,100,69.84
7.3255,12892,100,69.43
7.3428,12892,100,67.36
7.3602,12892,100,68.72
7.3783,12892,100,70.43
7.3964,12892,99,71.77
7.4142,12892,100,69.61
7.4316,12892,100,70.12
7.4491,12892,100,68.51
7.4666,12892,100,68.10
7.4843,12892,100,69.16
7.5021,13210,100,69.63
7.5202,12634,99,67.79
7.5376,12634,100,70.11
7.5550,12634,99,70.46
7.5727,12908,100,68.65
7.5901,13184,100,69.75
7.6075,13184,100,67.96
7.6252,13184,100,69.80
7.6433,13184,100,69.74
7.6607,13184,100,71.11
7.6781,13184,100,69.22
7.6962,13184,100,69.77
7.7142,13184,100,68.74
7.7316,13184,100,69.69
7.7494,12404,100,71.17
7.7671,12404,100,70.35
7.7845,12716,100,70.75
7.8020,12716,99,66.55
7.8194,12716,100,70.62
7.8368,12716,100,72.75
7.8545,12716,100,70.10
7.8719,12716,100,68.24
7.8900,12716,100,69.70
7.9078,12716,100,69.53
7.9257,12716,100,72.33
7.9435,12716,100,69.71
7.9610,12432,99,72.28
7.9785,12432,99,72.42
7.9961,12432,100,66.07
8.0135,13332,100,74.35
8.0314,13332,99,70.65
8.0491,13332,99,68.89
8.0665,13332,100,65.89
8.0842,13332,100,66.99
8.1016,13332,100,73.02
8.1194,13332,100,66.92
8.1368,13332,100,69.00
8.1542,13718,100,70.34
8.1716,13718,100,76.52
8.1894,13718,100,65.77
8.2068,13718,100,69.44
8.2242,13718,100,73.78
8.2416,13718,100,69.05
8.2592,12798,100,71.86
8.2766,12798,100,70.88
8.2943,12798,99,70.50
8.3117,12798,99,69.28
8.3295,12798,99,70.20
8.3472,13068,100,68.91
8.3650,13068,100,68.56
8.3828,13068,100,69.30
8.4006,13068,99,69.66
8.4180,13068,99,68.33
8.4361,13068,100,67.06
8.4535,13068,100,70.48
8.4712,13342,100,70.13
8.4886,12344,100,70.63
8.5064,12828,100,71.93
8.5245,12828,99,66.37
8.5420,12828,100,69.30
8.5597,12828,100,69.74
8.5772,12828,100,70.53
8.5950,12828,100,67.69
8.6124,12828,99,71.06
8.6302,12828,100,66.08
8.6479,12828,100,72.41
8.6656,12828,100,71.60
8.6834,12828,100,67.38
8.7011,12828,100,70.43
8.7186,12522,99,70.03
8.7366,12522,100,69.10
8.7544,12522,100,70.81
8.7721,12522,99,69.29
8.7896,12522,100,69.50
8.8077,12524,100,68.00
8.8255,12524,100,69.47
8.8432,12524,99,68.25
8.8607,12790,100,71.04
8.8781,12790,100,70.01
8.8962,12790,100,73.02
8.9142,12790,100,71.31
8.9317,12280,100,71.84
8.9491,12496,100,72.12
8.9672,13162,100,68.87
8.9849,13162,99,68.97
9.0023,13162,100,68.75
9.0204,13162,100,73.36
9.0379,13434,100,65.98
9.0556,13434,100,68.76
9.0734,13434,100,68.08
9.0908,13434,99,69.61
9.1086,13434,100,66.98
9.1260,13434,100,69.36
9.1437,13712,100,68.94
9.1611,12282,97,68.22
9.1786,12520,100,69.11
9.1963,12778,100,71.97
9.2140,12778,100,67.16
9.2317,12778,100,68.03
9.2495,13078,100,68.57
9.2670,13384,100,70.37
9.2844,13384,99,69.04
9.3022,13384,100,68.99
9.3199,13384,100,69.42
9.3376,13384,100,68.99
9.3554,13384,100,69.64
9.3734,13384,100,69.75
9.3909,12492,100,65.26
9.4083,12492,99,69.93
9.4264,12772,99,69.55
9.4439,13074,100,70.64
9.4616,13074,100,69.76
9.4798,13074,99,68.35
9.4973,13074,100,71.70
9.5148,13074,100,68.98
9.5322,13074,100,69.31
9.5496,13074,100,72.73
9.5670,13074,99,70.23
9.5844,13074,100,70.42
9.6018,13074,100,73.72
9.6195,12502,100,66.66
9.6370,12980,100,69.04
9.6544,12980,100,70.18
9.6721,13256,100,70.16
9.6896,13256,100,70.39
9.7077,13256,100,70.50
9.7252,13256,100,68.38
9.7430,13256,99,70.09
9.7607,13256,100,71.42
9.7781,13256,100,69.58
9.7958,13256,100,68.95
9.8136,13256,100,67.04
9.8310,12424,99,70.09
9.8490,12424,100,68.82
9.8668,12424,100,69.43
9.8842,12424,100,69.35
9.9016,12424,100,70.29
9.9194,12424,100,70.63
9.9369,12750,100,72.76
9.9550,12750,100,71.19
9.9724,12750,100,72.14
9.9901,12750,100,68.18
10.0082,12750,100,69.07
10.0256,12750,100,68.87
10.0433,12750,100,68.77
10.0608,12362,100,69.46
10.0782,12884,100,69.64
10.0960,12884,100,71.40
10.1138,13186,100,70.48
10.1312,13512,100,71.41
10.1490,13512,100,73.94
10.1668,13512,100,70.78
10.1842,13512,100,70.75
10.2019,13512,100,68.00
10.2200,13512,100,69.00
10.2374,13512,100,69.19
10.2555,13512,100,70.00
10.2732,13512,100,70.31
10.2909,12400,100,70.26
10.3083,12634,99,67.48
10.3260,12964,100,69.56
10.3441,12964,100,70.42
10.3618,12964,100,71.68
10.3793,12964,100,70.18
10.3967,12964,99,67.36
10.4141,12964,100,66.43
10.4319,12964,100,71.04
10.4496,13296,100,68.99
10.4678,13296,100,69.60
10.4852,13296,99,70.23
10.5030,13296,100,72.45
10.5204,12864,100,68.34
10.5382,12864,100,70.66
10.5560,12864,100,68.70
10.5734,13136,99,69.48
10.5911,13480,100,70.80
10.6089,13480,100,67.47
10.6262,13480,100,70.14
10.6440,13480,100,69.04
10.6617,13480,100,70.99
10.6791,13480,100,69.23
10.6966,13480,100,68.13
10.7147,13480,100,67.89
10.7322,12336,97,71.91
10.7499,12604,100,72.23
10.7676,12920,100,67.05
10.7857,12920,100,69.63
10.8038,12920,100,70.55
10.8215,12920,99,67.60
10.8389,12920,100,69.54
10.8567,13248,100,70.72
10.8745,13248,100,71.97
10.8918,13248,100,68.64
10.9093,13588,100,73.72
10.9270,13588,100,68.12
10.9444,13588,100,70.43
10.9622,12446,100,68.23
10.9797,13270,100,69.97
10.9971,13270,99,70.23
11.0145,13270,100,69.81
11.0320,13270,100,69.21
11.0495,13270,100,66.75
11.0669,13270,100,69.64
11.0843,13270,100,72.10
11.1020,13580,100,68.09
11.1195,13580,100,70.60
11.1372,13580,100,72.19
11.1546,13580,100,68.99
11.1721,13580,100,70.11
11.1895,12978,99,71.38
11.2069,13516,100,68.51
11.2243,14154,100,74.24
11.2417,14154,100,71.95
11.2591,14154,100,70.25
11.2766,14154,99,70.33
11.2940,14154,100,70.16
11.3117,14154,100,70.66
11.3291,14154,100,69.73
11.3465,14154,99,69.86
11.3639,14154,100,68.56
11.3814,14154,100,72.39
11.3989,14154,99,69.04
11.4164,12614,100,69.87
11.4339,12614,100,70.03
11.4514,12614,100,72.28
11.4689,12614,100,72.88
11.4862,12948,100,70.70
11.5037,12948,100,71.42
11.5211,13292,100,68.72
11.5385,13292,100,73.03
11.5560,13292,100,69.26
11.5735,13652,100,69.25
11.5910,13652,100,70.06
11.6085,13652,100,69.97
11.6259,12540,98,69.88
11.6433,13330,100,70.00
11.6607,13894,100,68.94
11.6781,14180,100,71.68
11.6955,14482,100,69.43
11.7129,14482,100,69.15
11.7303,14826,100,69.29
11.7477,15198,100,70.29
11.7652,15198,100,70.91
11.7827,15198,100,69.58
11.8004,15198,100,70.35
11.8178,15198,100,70.51
11.8353,15198,100,69.37
11.8527,12622,100,71.71
11.8701,13196,100,68.98
11.8876,13196,100,70.67
11.9050,13574,100,66.81
11.9224,13574,100,69.16
11.9398,13574,100,67.76
11.9572,13574,100,70.48
11.9746,13574,100,71.00
11.9922,13574,100,71.05
12.0096,13574,100,70.29
12.0270,13574,99,70.52
12.0444,13574,100,69.62
12.0618,13574,100,69.03
12.0792,12644,100,67.88
12.0967,12994,100,70.78
12.1141,12994,100,71.83
12.1316,12994,100,71.13
12.1490,12994,100,69.30
12.1664,12994,100,69.03
12.1838,12994,100,72.05
12.2012,12994,100,72.17
12.2188,12994,100,69.05
12.2365,12994,100,72.41
12.2538,13350,100,70.81
12.2712,13350,100,68.72
12.2887,13734,100,69.87
12.3061,12750,100,70.15
12.3234,12750,100,69.05
12.3408,12750,100,68.49
12.3583,12750,100,71.13
12.3757,12750,100,70.35
12.3931,12750,100,71.18
12.4109,12750,100,69.34
12.4283,12750,100,70.26
12.4457,12750,100,69.55
12.4631,12750,100,71.43
12.4805,12750,100,70.39
12.4979,12750,100,69.38
12.5153,12386,100,70.98
12.5328,12076,0,58.63
12.5502,12076,0,35.14
12.5677,12076,0,31.07
12.5858,13398,100,53.92
12.6033,13398,100,71.41
12.6207,14130,99,70.39
12.6382,14130,100,71.39
12.6557,14130,100,69.82
12.6731,14130,100,71.96
12.6906,14130,100,68.16
12.7083,14130,100,72.04
12.7257,14130,99,72.12
12.7432,14130,100,69.46
12.7606,14130,100,72.50
12.7780,14130,100,69.10
12.7954,12920,97,71.12
12.8128,13214,100,72.92
12.8302,13816,100,70.67
12.8476,14192,100,68.95
12.8651,14192,100,68.65
12.8824,14192,99,72.00
12.8999,14192,100,72.28
12.9177,14192,100,67.75
12.9351,14192,100,72.72
12.9525,14192,100,67.83
12.9699,14192,100,69.24
12.9873,14192,100,71.84
13.0047,14192,100,68.20
13.0221,12736,100,68.15
13.0395,13394,100,69.17
13.0569,13394,100,69.26
13.0743,13394,100,69.24
13.0918,13394,100,67.70
13.1093,13394,100,72.08
13.1267,13394,100,73.47
13.1442,13394,100,69.68
13.1616,13394,100,70.93
13.1790,13796,100,70.16
13.1964,13796,99,69.47
13.2138,13796,100,68.72
13.2313,13796,100,71.66
13.2487,12734,100,71.24
13.2660,12734,100,69.15
13.2834,13408,99,70.70
13.3008,13762,100,70.85
13.3183,14150,100,69.32
13.3357,14150,100,70.60
13.3532,14150,100,69.52
13.3707,14150,100,70.72
13.3880,14150,100,68.13
13.4054,14150,100,69.82
13.4229,14150,100,69.92
13.4406,14150,100,68.49
13.4581,14150,100,69.78
13.4755,13776,100,71.24
13.4930,14494,99,69.44
13.5108,14916,100,68.48
13.5283,14916,100,71.52
13.5457,14916,100,69.13
13.5631,14916,100,70.15
13.5806,14916,100,71.31
13.5981,14916,100,68.70
13.6154,14918,100,68.09
13.6328,14918,100,69.73
13.6502,14918,100,72.16
13.6676,14918,99,69.95
13.6850,14918,100,68.80
13.7025,13306,100,74.13
13.7200,13306,100,68.12
13.7375,13994,99,70.32
13.7549,13994,100,69.87
13.7726,13994,100,70.56
13.7900,13994,100,72.74
13.8074,14378,100,71.80
13.8248,14378,100,69.71
13.8422,14378,100,71.09
13.8600,14378,100,70.05
13.8774,14802,100,72.32
13.8949,14802,100,70.17
13.9124,12786,98,72.32
13.9298,12786,100,71.65
13.9472,12786,100,67.95
13.9646,13210,100,70.12
13.9823,13210,100,69.35
13.9997,13210,100,69.06
14.0171,13210,100,68.08
14.0345,13210,100,70.00
14.0520,13210,100,70.08
14.0694,13210,100,70.03
14.0868,13210,100,70.89
14.1042,13210,100,66.61
14.1216,13210,100,70.89
14.1390,12844,100,69.17
14.1566,13154,100,70.13
14.1740,13496,100,69.36
14.1914,13858,100,70.54
14.2088,13858,100,71.97
14.2263,14630,99,69.82
14.2437,14630,100,70.78
14.2612,14630,100,70.75
14.2786,14630,100,69.49
14.2961,14630,99,71.19
14.3134,14630,100,70.74
14.3308,14630,100,70.54
14.3482,14630,100,68.59
14.3657,12772,100,72.38
14.3832,13418,100,69.06
14.4006,13418,100,72.03
14.4180,13788,100,68.87
14.4358,13788,100,72.50
14.4532,13788,99,67.29
14.4709,13788,100,69.49
14.4884,13788,100,71.24
14.5058,13788,100,71.12
14.5235,14186,100,68.61
14.5410,14630,100,72.71
14.5584,14630,100,70.63
14.5759,14630,100,73.36
14.5933,13140,100,67.68
14.6107,13140,99,68.68
14.6281,13140,100,70.34
14.6455,13542,100,68.78
14.6632,13542,100,68.58
14.6807,13986,100,72.20
14.6981,13986,100,70.95
14.7155,13986,100,68.49
14.7329,13986,100,70.09
14.7506,13986,100,69.69
14.7681,13986,99,68.68
14.7858,13986,100,69.82
14.8032,14432,99,71.38
14.8207,13500,100,76.20
14.8382,13852,100,73.27
14.8557,14616,100,70.77
14.8731,14616,100,71.79
14.8906,14616,100,74.15
14.9080,14616,100,72.57
14.9255,14616,100,67.47
14.9428,15050,100,72.65
14.9603,15050,100,68.46
14.9777,15050,100,78.50
14.9951,15496,99,69.06
15.0125,15496,100,72.83
15.0299,15496,100,69.37
15.0473,15496,100,71.75
15.0647,15496,100,68.53
15.0821,13132,100,70.76
15.0995,13592,100,70.91
15.1169,13592,100,71.90
15.1343,13592,100,68.89
15.1518,13592,100,69.06
15.1692,13592,100,71.11
15.1867,13592,100,69.38
15.2040,13592,100,73.60
15.2214,13592,100,72.32
15.2388,13592,99,70.03
15.2563,14056,100,71.39
15.2737,14056,100,69.34
15.2911,14056,100,71.89
15.3086,14056,100,73.31
15.3260,14056,100,69.09
15.3434,14056,100,66.34
15.3609,13084,100,72.57
15.3783,13084,100,71.05
15.3957,13084,100,71.85
15.4132,13084,100,70.16
15.4309,13084,100,69.40
15.4483,13084,100,71.48
15.4658,13084,100,68.96
15.4832,13514,100,72.64
15.5006,13514,100,72.27
15.5181,13514,100,71.22
15.5354,13514,100,69.04
15.5529,13948,99,70.60
15.5702,13948,99,71.65
15.5877,14422,100,69.19
15.6051,14422,100,67.79
15.6225,14422,100,71.24
15.6400,13344,100,72.36
15.6574,13728,100,70.82
15.6748,13728,100,68.99
15.6923,14176,100,72.90
15.7098,14176,100,69.06
15.7272,14176,100,69.19
15.7446,14176,100,72.55
15.7620,14176,100,70.96
15.7794,14176,100,68.85
15.7968,14176,100,69.36
15.8143,14176,99,68.96
15.8317,14176,100,69.29
15.8491,14176,100,69.25
15.8665,14176,99,73.26
15.8840,14176,100,71.46
15.9014,13156,100,70.97
15.9188,13566,100,72.88
15.9362,14020,100,71.50
15.9538,14502,99,70.54
15.9712,14502,100,72.72
15.9886,14502,100,72.03
16.0060,14502,99,70.27
16.0234,14502,100,71.02
16.0409,14502,100,70.47
16.0583,14502,100,69.05
16.0757,14502,100,70.22
16.0932,14502,100,72.08
16.1112,14502,100,68.07
16.1293,14502,100,71.58
16.1470,14502,100,69.70
16.1651,14502,100,71.69
16.1827,13194,100,69.94
16.2004,13194,100,69.82
16.2179,13618,100,70.08
16.2356,14080,100,69.35
16.2530,14080,100,71.87
16.2708,14080,100,68.31
16.2883,14080,100,69.43
16.3060,14080,100,72.71
16.3238,14080,100,69.21
16.3412,14080,100,72.42
16.3586,14080,100,70.47
16.3763,14080,100,67.69
16.3938,14080,100,70.98
16.4115,14568,100,66.97
16.4295,14568,100,72.47
16.4470,13290,99,69.93
16.4644,13290,100,69.18
16.4821,13290,100,68.23
16.4996,13290,100,71.24
16.5173,13786,100,69.75
16.5354,13786,100,71.13
16.5531,13786,100,69.94
16.5712,13786,100,71.25
16.5886,13786,100,71.75
16.6065,13786,100,72.74
16.6246,13786,100,71.74
16.6420,13786,100,69.31
16.6598,13786,100,72.19
16.6779,13786,100,72.11
16.6957,13786,100,66.93
16.7134,13298,100,70.75
16.7308,14106,100,71.66
16.7482,14106,100,69.54
16.7660,14602,100,69.96
16.7834,14602,100,71.04
16.8008,14602,100,71.76
16.8186,14602,100,71.47
16.8360,14602,99,71.31
16.8537,14602,100,71.71
16.8711,14602,100,68.94
16.8885,14602,100,69.25
16.9060,14602,100,67.93
16.9235,14602,100,68.72
16.9408,14602,100,70.87
16.9586,14602,100,73.04
16.9760,13170,99,69.83
16.9934,13578,99,70.59
17.0112,13578,100,69.40
17.0286,13578,100,68.83
17.0463,13578,99,70.88
17.0637,13972,100,69.04
17.0814,13972,100,71.56
17.0996,13972,100,70.39
17.1170,14432,100,70.57
17.1344,14432,100,70.06
17.1521,14432,100,73.14
17.1699,14432,100,70.40
17.1877,14432,100,74.10
17.2051,14906,99,68.82
17.2228,14906,100,69.32
17.2402,13198,100,73.55
17.2576,13596,99,68.15
17.2754,13596,100,71.02
17.2932,14078,100,72.19
17.3107,14078,99,68.10
17.3284,14078,100,66.70
17.3459,14584,100,72.68
17.3636,14584,100,67.13
17.3810,14584,100,70.27
17.3991,14584,100,69.89
17.4168,14584,100,68.60
17.4344,14584,100,69.76
17.4518,14584,99,71.92
17.4696,14584,100,69.01
17.4870,14584,100,69.82
17.5049,13518,99,70.75
17.5230,14396,99,70.11
17.5408,14396,100,68.81
17.5589,14872,99,70.35
17.5763,14872,99,69.54
17.5944,14872,100,69.63
17.6118,14872,100,72.03
17.6296,14872,99,69.50
17.6470,14872,100,71.47
17.6648,14872,100,68.70
17.6830,14872,100,68.88
17.7007,14872,100,69.14
17.7181,14872,100,69.18
17.7358,14872,100,68.17
17.7532,14872,100,69.49
17.7713,13540,100,72.57
17.7890,13540,100,68.84
17.8065,13956,99,72.14
17.8239,14378,100,69.51
17.8413,14900,100,69.94
17.8587,14900,99,71.88
17.8764,14900,100,71.15
17.8940,14900,100,69.04
17.9114,14900,99,68.93
17.9295,14900,100,70.35
17.9472,14900,100,70.62
17.9647,14900,100,70.01
17.9825,14900,100,70.12
18.0002,14900,100,71.53
18.0180,13270,99,70.11
18.0357,14082,100,68.26
18.0532,14082,100,69.66
18.0706,14082,100,71.39
18.0884,14582,100,71.52
18.1058,14582,100,71.00
18.1236,14582,100,68.37
18.1411,14582,100,68.77
18.1585,14582,100,68.50
18.1762,14582,100,68.35
18.1940,14582,99,72.29
18.2117,14582,100,69.48
18.2291,14582,100,72.51
18.2472,14582,99,71.21
18.2649,14582,100,72.58
18.2826,13024,100,70.29
18.3000,13560,100,67.46
18.3174,13560,100,69.65
18.3348,13560,100,69.83
18.3523,13560,100,69.18
18.3704,13560,100,69.64
18.3878,13560,100,71.03
18.4052,13560,100,71.09
18.4229,13560,100,68.12
18.4403,13560,100,70.32
18.4577,13560,100,71.71
18.4754,13560,100,69.73
18.4930,13560,100,69.68
18.5108,13560,100,70.85
18.5286,13560,100,70.49
18.5460,13502,100,71.49
18.5638,13502,100,70.01
18.5812,13502,100,71.60
18.5992,14010,100,68.83
18.6167,14010,100,69.04
18.6341,14010,100,70.29
18.6516,14010,100,69.82
18.6691,14010,100,70.50
18.6868,14010,100,71.64
18.7046,14010,100,68.50
18.7224,14010,100,69.51
18.7398,14010,100,69.82
18.7573,14010,100,71.47
18.7754,14010,100,67.38
18.7934,13034,100,72.73
18.8113,13034,100,71.73
18.8291,13492,100,71.74
18.8465,14032,99,70.06
18.8640,14032,100,71.70
18.8814,14032,100,71.80
18.8992,14032,100,68.22
18.9172,14032,100,70.94
18.9351,14032,100,71.53
18.9527,14032,100,70.36
18.9708,14032,100,70.22
18.9885,14032,100,69.37
19.0063,14032,100,70.21
19.0236,14032,100,70.50
19.0410,14032,100,72.00
19.0584,13024,100,70.17
19.0765,13468,100,70.80
19.0942,14014,100,69.02
19.1121,14014,100,71.54
19.1295,14014,100,68.31
19.1469,14014,100,72.39
19.1646,14014,100,71.43
19.1827,14014,100,71.54
19.2008,14014,100,68.50
19.2183,14014,100,69.16
19.2358,14014,100,72.36
19.2538,14014,100,69.04
19.2716,14566,100,69.89
19.2890,14566,100,71.14
19.3068,14566,100,72.52
19.3243,13626,99,70.69
19.3417,13626,100,68.33
19.3594,13626,100,70.85
19.3772,13626,100,70.57
19.3947,13626,100,69.99
19.4121,13626,100,70.50
19.4295,13626,100,73.29
19.4472,13626,100,72.00
19.4646,13626,100,71.88
19.4824,13626,100,69.84
19.4998,13626,100,69.82
19.5175,13626,99,72.90
19.5353,13626,100,69.79
19.5531,13626,100,71.67
19.5705,13336,99,71.42
19.5880,13780,99,70.93
19.6061,14308,100,70.10
19.6239,14308,100,70.02
19.6417,14308,100,70.04
19.6597,14308,100,69.04
19.6779,14308,100,71.51
19.6960,14308,100,70.50
19.7140,14308,100,69.04
19.7314,14308,100,71.24
19.7489,14308,99,68.64
19.7666,14308,100,71.26
19.7844,14308,100,70.95
19.8022,14308,100,70.40
19.8196,14308,100,70.91
19.8371,13450,100,70.53
19.8548,14302,100,71.64
19.8725,14798,100,71.26
19.8899,14798,100,68.71
19.9076,14798,100,69.78
19.9250,14798,100,70.16
19.9427,14798,100,68.98
19.9604,14798,100,70.30
19.9779,14798,100,71.26
19.9953,15366,100,69.62
20.0131,15366,100,71.03
20.0308,15366,100,71.21
20.0483,15366,100,71.43
20.0661,15366,100,68.34
20.0842,13184,100,73.37
20.1016,13610,100,70.58
20.1190,14998,100,69.77
20.1368,14998,100,68.34
20.1542,14998,100,69.94
20.1720,14998,100,69.26
20.1894,14998,100,68.72
20.2072,14998,100,69.20
20.2246,14998,100,71.22
20.2423,14998,100,68.71
20.2600,14998,100,69.80
20.2781,14998,100,70.95
20.2959,14998,100,69.92
20.3140,15562,100,72.67
20.3315,15562,100,69.56
20.3492,13298,100,70.19
20.3670,13298,100,72.48
20.3845,13298,100,72.14
20.4023,13298,100,68.37
20.4198,13298,100,69.26
20.4374,13298,100,69.05
20.4548,13298,100,71.84
20.4726,13298,100,69.64
20.4906,13298,100,69.70
20.5080,13298,100,71.06
20.5254,13298,100,68.89
20.5428,13868,100,72.06
20.5602,13868,100,69.11
20.5777,13868,100,72.27
20.5951,13130,98,69.91
20.6132,13946,100,69.70
20.6306,14412,100,71.45
20.6480,14412,100,69.20
20.6657,14986,100,72.34
20.6831,14986,100,68.83
20.7006,14986,100,73.51
20.7183,14986,100,69.32
20.7362,14986,100,69.59
20.7536,14986,100,69.90
20.7710,14986,100,71.62
20.7891,14986,100,70.04
20.8066,14986,100,70.20
20.8240,14986,100,72.82
20.8418,14986,100,71.29
20.8593,13302,100,71.32
20.8766,13302,100,68.79
20.8944,13798,100,70.20
20.9124,13798,100,71.69
20.9302,13798,99,70.45
20.9476,13798,100,70.79
20.9651,14378,100,70.30
20.9824,14378,99,69.20
21.0000,14378,100,71.33
21.0174,14378,100,72.16
21.0348,14378,100,68.25
21.0522,14378,100,69.60
21.0696,14378,100,69.86
21.0874,14966,100,73.29
21.1048,14966,100,71.88
21.1223,13766,100,71.22
21.1397,13766,100,69.05
21.1572,14294,100,71.68
21.1746,14294,100,69.54
21.1920,14294,100,72.14
21.2095,14294,100,71.60
21.2271,14294,100,68.85
21.2445,14294,100,70.99
21.2618,14294,100,68.68
21.2796,14294,100,70.85
21.2970,14294,100,71.40
21.3146,14294,99,72.33
21.3320,14294,100,71.32
21.3495,14294,100,71.25
21.3668,13284,100,69.69
21.3846,13882,100,71.21
21.4020,13882,100,71.94
21.4194,13882,99,71.56
21.4368,13882,100,70.04
21.4544,13882,100,71.73
21.4718,13882,100,68.87
21.4893,13882,100,70.20
21.5066,13882,100,69.85
21.5240,13882,99,70.66
21.5414,13882,100,71.52
21.5589,13882,100,71.04
21.5764,13882,100,71.52
21.5938,13882,100,70.60
21.6112,13882,100,72.10
21.6287,13184,100,73.10
21.6462,13184,100,69.83
21.6636,13642,100,69.19
21.6810,14102,100,70.81
21.6984,14102,100,70.08
21.7158,14658,100,71.07
21.7332,14658,100,70.63
21.7506,14658,100,72.07
21.7680,14658,100,69.10
21.7854,14658,100,70.53
21.8029,14658,99,70.59
21.8206,14658,100,69.16
21.8381,15254,100,71.85
21.8556,15254,99,68.85
21.8730,15254,100,69.81
21.8904,14114,100,68.19
21.9078,14642,100,71.67
21.9253,14642,100,70.89
21.9427,14642,100,68.46
21.9601,14642,100,69.27
21.9775,14642,99,69.88
21.9951,14642,100,71.40
22.0125,15178,99,72.39
22.0299,15178,100,68.71
22.0472,15178,100,72.26
22.0647,15178,100,69.76
22.0820,15178,100,69.82
22.0998,15178,100,71.50
22.1172,15178,100,68.54
22.1346,15784,100,70.47
22.1520,13604,100,67.60
22.1695,14088,100,72.96
22.1870,14614,100,70.58
22.2045,14614,100,71.42
22.2220,15172,100,71.60
22.2394,15734,99,69.82
22.2569,15734,100,68.90
22.2743,15734,100,70.32
22.2917,15734,100,72.51
22.3091,15734,100,68.70
22.3266,15734,100,71.05
22.3440,15734,99,71.93
22.3614,16336,100,69.88
22.3788,16940,100,70.55
22.3963,13186,98,74.42
22.4137,14116,99,67.66
22.4311,14116,100,73.32
22.4486,14588,99,69.87
22.4660,15118,100,69.93
22.4834,15694,100,69.77
22.5009,15694,100,68.85
22.5183,15694,100,69.65
22.5358,15694,100,71.90
22.5533,15694,100,71.13
22.5706,15694,100,69.77
22.5881,15694,100,71.39
22.6056,15694,100,69.01
22.6230,15694,100,69.55
22.6404,15694,100,71.54
22.6579,13884,100,70.08
22.6756,13884,99,69.32
22.6930,14506,100,69.71
22.7104,14506,100,69.20
22.7278,14506,100,69.21
22.7452,14506,100,70.27
22.7627,14506,100,66.87
22.7802,14506,100,65.02
22.7977,14506,100,66.03
22.8150,14506,100,64.29
22.8324,14506,100,67.95
22.8498,14506,100,67.97
22.8672,14506,100,68.18
22.8846,15166,100,75.00
22.9020,15166,100,67.95
22.9195,15166,100,74.10
22.9369,15166,100,72.89
22.9542,15166,100,73.61
22.9716,14550,100,65.25
22.9890,15146,99,67.90
23.0065,15146,100,68.88
23.0242,15146,100,70.89
23.0416,15146,100,73.01
23.0590,15146,100,72.88
23.0765,15146,100,75.74
23.0938,15794,100,71.93
23.1113,15794,100,68.37
23.1288,15794,100,76.18
23.1462,15794,100,75.36
23.1637,15794,100,64.13
23.1814,15794,100,64.16
23.1988,15794,100,72.03
23.2162,15794,100,67.89
23.2338,15794,100,75.51
23.2513,15794,99,75.47
23.2688,15794,100,69.54
23.2862,13138,100,68.50
23.3037,13138,100,77.31
23.3210,13138,100,70.99
23.3385,13138,100,72.20
23.3560,13720,100,73.10
23.3734,14374,100,71.21
23.3909,14374,100,67.86
23.4083,14374,99,68.69
23.4257,14374,100,70.23
23.4432,14374,100,69.42
23.4606,14374,100,68.87
23.4780,14374,100,68.41
23.4955,14374,100,71.09
23.5128,14374,100,68.38
23.5302,14374,100,66.89
23.5477,14374,100,69.01
23.5650,14374,100,77.64
23.5828,14374,100,71.57
23.6003,13170,100,67.91
23.6177,13170,100,71.58
23.6351,13830,100,72.88
23.6525,13830,100,72.73
23.6699,13830,100,67.93
23.6873,13830,99,68.52
23.7047,13830,100,64.05
23.7221,13830,100,70.07
23.7395,13830,100,70.65
23.7569,14512,100,70.54
23.7744,14512,100,68.09
23.7918,14512,100,68.81
23.8092,14512,100,69.51
23.8266,14512,100,69.12
23.8444,14512,100,76.20
23.8618,14512,100,71.18
23.8792,14512,100,72.74
23.8966,14512,100,68.42
23.9140,13208,100,64.64
23.9314,14354,100,66.11
23.9488,14354,100,70.97
23.9662,14354,100,74.51
23.9836,14354,100,73.86
24.0010,15018,100,64.02
24.0188,15018,100,64.60
24.0362,15018,100,68.37
24.0536,15018,100,76.00
24.0711,15018,100,71.61
24.0888,15018,100,71.48
24.1062,15018,100,70.80
24.1236,15018,100,70.78
24.1415,15018,100,70.31
24.1588,15018,100,70.26
24.1766,15018,100,69.79
24.1940,15018,100,69.83
24.2115,15018,100,67.38
24.2290,13550,100,66.98
24.2464,14218,100,73.49
24.2638,14218,100,72.50
24.2813,14218,100,70.07
24.2988,14218,100,70.78
24.3162,14218,100,71.42
24.3337,14218,100,68.91
24.3511,14218,100,69.04
24.3685,14218,100,71.60
24.3862,14218,100,69.28
24.4037,14218,100,71.79
24.4211,14218,100,69.97
24.4384,14218,100,69.76
24.4558,14218,99,73.23
24.4733,14908,100,70.35
24.4907,14908,100,72.62
24.5081,14908,100,72.08
24.5255,13588,100,69.62
24.5429,14062,100,69.44
24.5603,15216,100,69.47
24.5777,15216,100,69.93
24.5951,15804,100,70.41
24.6125,15804,100,71.10
24.6302,15804,100,74.14
24.6478,15804,100,68.53
24.6652,15804,100,69.82
24.6826,15804,100,71.97
24.7000,16424,100,70.14
24.7175,16424,100,72.05
24.7350,16424,100,66.60
24.7524,16424,100,70.47
24.7699,16424,100,70.40
24.7872,16424,100,70.56
24.8046,16424,100,68.71
24.8221,13090,100,67.47
24.8395,14232,100,73.77
24.8569,14232,100,73.27
24.8743,14872,100,70.08
24.8918,14872,100,69.21
24.9092,14872,100,71.97
24.9266,15550,100,66.46
24.9440,15550,100,72.79
24.9615,15550,100,72.67
24.9788,15550,100,71.02
24.9962,15550,100,66.51
25.0137,15550,100,73.29
25.0313,15550,100,69.64
25.0488,15550,100,70.80
25.0662,15550,100,68.92
25.0836,16244,100,70.79
25.1014,16244,100,73.04
25.1189,16244,100,73.95
25.1362,13702,100,74.24
25.1537,14754,100,70.85
25.1711,14754,100,68.01
25.1886,14754,100,74.95
25.2061,14754,100,68.43
25.2236,15378,100,70.24
25.2410,15378,100,71.95
25.2584,15378,100,70.44
25.2762,15378,100,70.20
25.2937,16058,100,67.48
25.3111,16058,100,70.52
25.3285,16058,100,69.51
25.3460,16058,100,68.40
25.3634,16058,100,69.71
25.3808,16058,100,73.80
25.3982,16058,100,68.77
25.4156,16058,100,75.02
25.4331,13306,100,67.31
25.4505,13994,100,73.72
25.4679,13994,100,67.38
25.4853,13994,100,70.18
25.5027,13994,100,70.19
25.5201,13994,100,68.48
25.5375,13994,100,71.38
25.5549,13994,100,69.64
25.5723,13994,100,69.29
25.5897,13994,100,73.55
25.6071,13994,100,70.04
25.6246,13994,100,71.77
25.6420,13994,100,70.08
25.6595,13994,100,71.69
25.6772,13994,100,72.70
25.6948,13994,100,69.34
25.7125,13994,100,75.36
25.7300,13416,100,68.56
25.7474,12148,0,57.24
25.7649,12148,0,31.60
25.7823,12148,0,30.87
25.7997,12148,0,30.85
25.8180,13830,100,37.01
25.8354,14438,100,71.67
25.8529,14438,100,69.59
25.8704,14438,100,74.75
25.8879,14438,100,76.12
25.9053,14438,100,70.65
25.9227,14438,100,72.03
25.9402,14438,100,70.24
25.9579,15058,100,66.80
25.9754,15058,100,69.82
25.9928,15058,100,69.94
26.0103,15058,100,68.78
26.0277,15058,100,68.96
26.0454,15058,100,67.47
26.0630,15058,100,72.13
26.0804,15762,100,71.94
26.0979,15762,100,66.49
26.1152,13428,100,68.50
26.1334,13428,100,70.12
26.1508,14064,100,71.34
26.1684,14064,99,71.47
26.1859,14758,100,69.60
26.2034,14758,100,69.61
26.2211,14758,100,70.50
26.2389,14758,100,71.10
26.2563,14758,100,67.87
26.2741,14758,100,68.58
26.2915,14758,100,71.59
26.3090,14758,100,69.23
26.3271,14758,100,70.59
26.3452,14758,100,70.84
26.3626,14758,100,71.41
26.3800,14758,100,69.72
26.3974,14758,99,69.99
26.4152,13644,100,69.19
26.4326,14670,100,71.78
26.4501,15860,99,70.36
26.4675,15860,100,69.96
26.4853,15860,100,73.05
26.5026,15860,100,74.27
26.5201,15860,100,73.97
26.5379,15860,100,69.72
26.5554,15860,99,71.53
26.5728,15860,100,69.39
26.5902,15860,100,70.13
26.6076,15860,100,72.93
26.6253,15860,100,71.00
26.6427,16558,100,73.87
26.6605,16558,100,69.56
26.6782,16558,100,70.14
26.6956,16558,100,73.79
26.7130,14576,100,70.74
26.7307,14576,99,69.36
26.7481,15276,100,69.55
26.7658,15276,100,69.73
26.7836,15276,100,70.77
26.8016,15276,100,72.63
26.8190,15276,100,71.04
26.8368,15276,100,67.07
26.8549,15276,100,75.96
26.8725,15276,100,67.36
26.8901,15276,100,73.96
26.9078,15276,99,71.86
26.9252,15276,100,69.94
26.9427,15276,100,70.45
26.9605,15276,100,69.78
26.9779,15276,100,71.63
26.9958,13222,98,70.37
27.0139,14038,100,73.88
27.0316,14038,100,70.69
27.0491,14038,100,69.73
27.0665,14038,100,70.58
27.0839,14038,100,68.42
27.1017,14038,100,68.09
27.1194,14702,100,66.79
27.1371,14702,100,69.50
27.1552,14702,100,70.50
27.1726,14702,99,73.87
27.1901,14702,100,72.26
27.2075,14702,100,68.93
27.2249,14702,100,72.41
27.2427,15426,100,72.33
27.2601,15426,100,68.88
27.2783,15426,100,72.67
27.2960,13862,100,68.91
27.3136,13862,100,74.45
27.3313,14478,99,67.91
27.3486,14478,100,69.91
27.3661,14478,100,69.98
27.3839,14478,100,71.84
27.4016,15100,100,67.86
27.4190,15100,100,68.38
27.4365,15806,100,74.23
27.4544,15806,100,74.02
27.4721,15806,100,73.05
27.4896,15806,100,68.51
27.5071,16530,100,73.04
27.5252,16530,100,71.48
27.5426,16530,100,70.57
27.5600,16530,100,70.62
27.5774,16530,100,69.26
27.5954,13926,100,71.47
27.6136,15162,100,68.54
27.6312,15814,99,71.15
27.6486,15814,100,71.00
27.6663,15814,100,69.76
27.6844,15814,100,69.83
27.7024,15814,100,70.89
27.7198,16482,100,68.86
27.7376,16482,100,67.33
27.7550,16482,100,71.19
27.7724,16482,100,66.46
27.7902,17190,100,72.59
27.8079,17190,100,66.52
27.8253,17190,100,70.06
27.8430,17190,100,71.98
27.8610,17190,100,72.51
27.8787,13850,99,72.59
27.8966,14918,100,70.36
27.9140,15504,100,67.51
27.9318,16150,100,69.71
27.9495,16150,100,70.43
27.9669,16150,100,71.07
27.9843,16150,100,70.24
28.0020,16150,100,71.89
28.0198,16150,100,70.14
28.0376,16150,100,74.97
28.0554,16866,100,71.60
28.0731,16866,100,73.64
28.0912,16866,100,73.07
28.1086,16866,100,70.38
28.1260,16866,100,73.28
28.1434,16866,100,72.89
28.1611,16866,100,71.29
28.1792,13922,100,71.95
28.1966,14440,100,68.31
28.2140,14988,100,76.31
28.2315,14988,100,71.45
28.2492,16226,100,67.59
28.2667,16226,100,72.52
28.2848,16226,100,68.47
28.3022,16226,100,73.33
28.3200,16226,100,71.57
28.3377,16226,100,71.58
28.3556,16226,100,72.75
28.3731,16946,100,72.25
28.3909,16946,100,70.49
28.4086,16946,100,70.56
28.4261,16946,100,67.26
28.4436,16946,100,70.80
28.4617,14256,100,71.00
28.4798,15350,100,68.74
28.4978,15922,100,70.89
28.5153,16586,100,66.55
28.5334,16586,100,71.24
28.5509,16586,100,72.03
28.5686,16586,100,68.21
28.5861,16586,100,69.14
28.6035,16586,100,73.49
28.6212,16586,100,71.80
28.6394,16586,100,72.07
28.6568,16586,100,70.93
28.6745,16586,100,72.61
28.6928,16586,100,71.78
28.7102,16586,100,72.38
28.7280,16586,100,72.58
28.7458,13672,100,68.94
28.7636,14412,100,69.47
28.7811,14412,100,72.80
28.7989,14412,100,68.84
28.8163,14412,100,69.33
28.8340,14412,100,71.60
28.8518,14412,100,74.09
28.8693,14412,100,72.28
28.8870,14412,100,71.48
28.9044,14412,100,68.77
28.9222,14412,100,71.08
28.9402,14412,100,70.35
28.9576,14412,100,70.82
28.9753,14412,100,68.73
28.9928,14412,100,70.57
29.0105,14412,100,72.66
29.0285,14412,100,72.18
29.0467,13964,100,69.65
29.0646,13964,100,72.45
29.0824,14648,100,73.59
29.1002,14648,100,69.98
29.1179,14648,100,69.37
29.1356,14648,100,70.72
29.1530,14648,100,69.96
29.1706,14648,100,71.80
29.1880,14648,100,72.83
29.2058,14648,100,70.21
29.2235,14648,100,70.17
29.2412,14648,100,70.70
29.2589,14648,100,72.47
29.2764,14648,100,69.51
29.2939,14648,99,69.19
29.3117,14648,100,71.22
29.3297,13554,100,74.65
29.3479,14196,100,67.47
29.3653,14196,100,69.02
29.3830,14196,99,69.83
29.4009,14196,100,70.96
29.4183,14196,100,72.11
29.4360,14196,100,70.63
29.4536,14196,100,71.61
29.4710,14196,100,71.66
29.4887,14872,100,71.19
29.5064,14872,100,71.61
29.5245,14872,99,70.77
29.5422,15556,100,64.64
29.5596,16286,100,72.09
29.5774,16286,100,69.70
29.5948,16286,100,73.00
29.6128,13430,100,69.36
29.6305,15036,100,70.64
29.6485,15710,100,69.37
29.6662,15710,100,71.55
29.6836,15710,100,71.70
29.7010,17126,100,68.72
29.7188,17126,100,70.46
29.7365,17126,100,72.58
29.7539,17126,100,70.12
29.7720,17874,100,67.46
29.7895,17874,100,70.50
29.8069,17874,100,71.07
29.8243,17874,100,71.35
29.8418,17874,100,69.25
29.8592,17874,100,69.63
29.8769,17874,100,71.84
29.8947,17874,100,71.25
29.9124,14048,100,67.26
29.9302,14602,100,73.30
29.9479,16490,100,70.42
29.9656,16490,100,72.21
29.9830,16490,100,70.64
30.0008,16490,100,69.50
30.0181,16490,99,69.41
30.0355,16490,100,71.94
30.0532,16490,100,70.33
30.0709,16490,100,72.10
30.0883,16490,100,73.16
30.1057,16490,100,70.24
30.1238,16490,100,69.98
30.1415,16490,100,69.39
30.1593,16490,100,72.51
30.1770,16490,100,71.82
30.1948,14160,100,72.15
30.2128,14906,100,69.11
30.2309,15662,100,71.87
30.2490,15662,100,68.96
30.2664,15662,100,69.54
30.2838,15662,100,69.43
30.3017,15662,100,73.53
30.3195,15662,100,69.17
30.3376,15662,100,70.90
30.3554,15662,100,70.03
30.3731,15662,100,67.92
30.3909,15662,100,70.67
30.4084,15662,100,72.51
30.4262,15662,100,69.93
30.4441,15662,100,68.27
30.4615,15662,100,71.96
30.4790,13332,100,71.14
30.4965,14022,100,70.27
30.5142,14766,100,73.96
30.5320,14766,100,68.27
30.5496,14766,100,72.32
30.5674,14766,100,71.62
30.5849,14766,100,73.03
30.6022,14766,100,70.88
30.6196,14766,99,71.60
30.6378,14766,100,71.67
30.6555,14766,100,69.11
30.6735,14766,100,72.86
30.6914,14766,100,68.53
30.7093,14766,100,70.41
30.7271,14766,100,73.11
30.7445,14766,100,74.77
30.7619,15522,100,71.80
30.7793,14486,100,69.33
30.7967,14486,100,71.67
30.8148,15072,100,71.38
30.8323,16408,100,71.19
30.8504,16408,100,72.19
30.8678,16408,100,71.65
30.8856,16408,100,72.46
30.9033,16408,100,72.38
30.9210,16408,100,67.06
30.9391,16408,100,70.33
30.9566,16408,100,73.15
30.9741,17100,99,74.67
30.9918,17100,100,69.22
31.0093,17100,100,69.47
31.0267,17100,100,71.40
31.0445,17100,100,71.83
31.0619,13380,100,68.79
31.0793,14000,100,73.15
31.0967,14000,100,67.84
31.1142,14000,100,73.01
31.1316,14692,100,71.96
31.1490,14692,100,70.86
31.1664,15394,100,72.45
31.1839,15394,100,70.42
31.2012,15394,100,71.22
31.2187,16152,100,69.41
31.2361,16152,100,70.97
31.2535,16152,100,71.48
31.2709,16152,100,71.53
31.2888,16152,100,68.88
31.3062,16152,100,72.08
31.3237,16152,100,70.99
31.3413,13314,98,72.08
31.3587,14942,100,72.25
31.3762,14942,100,69.82
31.3937,16174,100,72.92
31.4111,16174,100,71.19
31.4286,16174,100,69.83
31.4463,16174,100,70.20
31.4637,16174,100,70.45
31.4811,16860,100,70.70
31.4985,17612,100,66.25
31.5159,17612,100,71.04
31.5333,17612,100,74.25
31.5509,17612,100,70.37
31.5683,17612,100,71.52
31.5858,17612,100,71.43
31.6033,17612,100,73.27
31.6206,17612,100,69.84
31.6380,14542,100,72.50
31.6556,15174,100,71.00
31.6730,15882,100,68.77
31.6904,15882,100,68.47
31.7078,15882,99,71.48
31.7252,15882,100,68.85
31.7426,16630,100,69.71
31.7604,16630,100,72.43
31.7777,16630,100,72.26
31.7951,16630,100,69.41
31.8125,16630,100,67.14
31.8299,16630,100,75.26
31.8476,17490,100,67.36
31.8650,17490,100,82.26
31.8828,17490,100,69.54
31.9002,17490,100,74.42
31.9179,17490,100,75.90
31.9353,17490,100,71.27
31.9527,13206,100,74.83
31.9701,13808,100,71.16
31.9876,13808,100,65.34
32.0050,15714,100,73.55
32.0224,16508,99,68.98
32.0398,16508,100,66.70
32.0572,16508,100,67.78
32.0746,16508,100,67.34
32.0920,16508,100,67.38
32.1094,16508,100,72.83
32.1268,16508,100,75.24
32.1442,16508,100,77.90
32.1616,16508,100,66.75
32.1790,16508,100,76.93
32.1964,16508,100,73.17
32.2139,16508,100,67.24
32.2313,16508,100,68.96
32.2488,16508,100,69.17
32.2662,16508,100,77.50
32.2837,16508,100,81.31
32.3011,13752,100,65.71
32.3186,14874,100,72.80
32.3360,15548,100,64.17
32.3535,15548,100,70.36
32.3709,15548,100,73.48
32.3884,15548,100,70.41
32.4058,15548,100,66.43
32.4233,15548,100,66.47
32.4407,16286,100,73.16
32.4581,16286,100,70.41
32.4756,16286,100,75.12
32.4930,16286,100,78.80
32.5104,16286,100,74.92
32.5278,16286,100,66.39
32.5452,16286,100,70.57
32.5626,16286,100,68.45
32.5801,16286,100,73.17
32.5975,16286,100,75.90
32.6149,16286,100,66.08
32.6323,13786,100,64.29
32.6498,14526,100,78.14
32.6675,14526,100,75.30
32.6850,14526,100,65.78
32.7024,14526,100,66.82
32.7198,14526,100,70.53
32.7372,15274,100,77.10
32.7546,15274,100,75.53
32.7720,16042,100,72.84
32.7894,16042,100,68.19
32.8069,16042,100,68.87
32.8244,16042,99,68.11
32.8418,16042,100,71.64
32.8592,16042,99,68.96
32.8766,16042,100,71.50
32.8940,16042,100,72.92
32.9114,16042,100,67.01
32.9288,16874,99,74.52
32.9462,16874,100,66.69
32.9636,13288,98,70.81
32.9810,14608,100,68.60
32.9985,14608,100,76.40
33.0158,14608,100,70.61
33.0333,14608,100,70.71
33.0507,14608,100,71.62
33.0682,14608,100,66.80
33.0857,14608,100,70.48
33.1032,14608,100,66.40
33.1208,14608,100,67.79
33.1382,14608,100,68.86
33.1556,14608,100,76.88
33.1731,14608,100,67.93
33.1904,14608,100,72.42
33.2081,14608,100,68.70
33.2256,14608,100,68.85
33.2430,14608,100,77.22
33.2604,14608,100,78.09
33.2779,14608,100,75.71
33.2954,13382,99,66.81
33.3131,13382,100,69.09
33.3307,13382,100,68.44
33.3481,14204,100,69.36
33.3655,14204,100,68.28
33.3829,14204,100,70.56
33.4003,14204,100,67.12
33.4178,14204,100,71.38
33.4352,14204,100,67.61
33.4527,14204,100,67.33
33.4701,15042,100,65.32
33.4875,15042,99,69.93
33.5049,15042,100,75.40
33.5225,15042,100,73.66
33.5398,15042,100,72.81
33.5572,15042,100,65.92
33.5748,15042,100,74.24
33.5922,15042,100,71.29
33.6096,15042,100,65.71
33.6270,13604,100,68.52
33.6444,13604,100,66.06
33.6618,13604,100,67.45
33.6792,13604,100,64.80
33.6973,13604,100,67.48
33.7147,13604,100,66.91
33.7321,13604,100,64.44
33.7495,13604,100,68.03
33.7670,14378,100,68.54
33.7844,14378,100,68.70
33.8018,14378,99,72.52
33.8192,14378,99,70.85
33.8367,14378,100,69.93
33.8540,14378,100,74.50
33.8714,14378,100,77.47
33.8888,14378,100,65.05
33.9062,14378,100,71.60
33.9237,15214,100,75.14
33.9410,15214,100,73.70
33.9585,13626,100,72.23
33.9758,13626,100,76.07
33.9932,13626,100,69.26
34.0106,14386,100,65.13
34.0280,14386,100,66.39
34.0455,14386,100,69.31
34.0632,14386,100,73.92
34.0807,15200,100,69.08
34.0981,15200,100,67.86
34.1156,15200,100,68.49
34.1330,15200,100,73.90
34.1504,15200,100,64.59
34.1678,15200,100,69.68
34.1852,15200,100,66.08
34.2027,15200,100,75.22
34.2201,15200,100,68.14
34.2375,15200,100,68.88
34.2549,15200,100,66.37
34.2723,15200,100,68.82
34.2897,15100,100,74.06
34.3072,15100,100,69.26
34.3246,15100,100,64.91
34.3420,15100,100,69.78
34.3594,15820,100,71.33
34.3769,15820,100,77.20
34.3942,15820,100,72.19
34.4120,15820,100,75.54
34.4294,15820,100,70.64
34.4469,15820,100,69.29
34.4643,15820,100,64.50
34.4817,15820,100,71.26
34.4992,15820,100,80.56
34.5166,15820,100,69.60
34.5340,15820,100,71.43
34.5514,15820,100,73.78
34.5688,15820,100,68.05
34.5863,16650,100,65.34
34.6038,13462,100,69.46
34.6213,14240,100,77.99
34.6387,14240,100,69.32
34.6561,14240,100,69.94
34.6738,14240,100,66.82
34.6912,14240,100,73.10
34.7087,14240,100,73.87
34.7261,14240,99,72.21
34.7435,14240,100,70.08
34.7610,15084,100,71.98
34.7784,15084,100,68.37
34.7958,15084,100,72.67
34.8135,15084,99,72.20
34.8310,15084,100,70.79
34.8485,15084,100,72.29
34.8662,15084,100,65.22
34.8836,15084,100,66.73
34.9010,15084,100,73.80
34.9184,15084,100,77.99
34.9358,15058,99,71.77
34.9533,15058,99,69.56
34.9706,15774,100,68.22
34.9882,15774,100,71.79
35.0056,15774,100,68.38
35.0236,15774,100,76.71
35.0410,15774,100,73.62
35.0586,16540,99,63.02
35.0760,17336,99,69.59
35.0934,18154,100,65.54
35.1108,18154,100,74.92
35.1286,18154,100,67.38
35.1460,18154,100,73.09
35.1635,18154,100,77.14
35.1809,18154,100,69.76
35.1984,18154,100,74.47
35.2158,18154,100,69.55
35.2332,18154,100,68.01
35.2506,14458,99,74.10
35.2680,14458,100,73.63
35.2855,14458,100,82.00
35.3030,14458,100,73.31
35.3204,14458,100,70.48
35.3378,14458,100,73.04
35.3554,14458,100,66.99
35.3728,14458,100,67.99
35.3902,14458,100,70.30
35.4076,14458,100,73.32
35.4251,14458,100,69.54
35.4426,14458,100,71.46
35.4600,14458,100,71.19
35.4774,15230,100,80.94
35.4948,15230,100,68.66
35.5122,15230,100,74.24
35.5299,15230,99,68.69
35.5473,15230,100,70.70
35.5650,13372,100,75.06
35.5826,14104,100,67.05
35.6000,14104,100,76.77
35.6175,14862,100,77.19
35.6348,14862,100,67.28
35.6522,14862,100,65.05
35.6696,14862,100,73.31
35.6871,14862,100,73.60
35.7045,14862,100,71.24
35.7219,14862,100,68.75
35.7396,14862,100,72.73
35.7571,14862,100,68.32
35.7745,15638,100,72.27
35.7920,16480,100,75.62
35.8094,16480,100,65.72
35.8269,16480,100,76.54
35.8443,16480,100,68.54
35.8617,16480,100,71.98
35.8791,13912,99,69.65
35.8968,15196,100,74.06
35.9142,16006,100,68.67
35.9317,16006,100,69.62
35.9491,16006,100,69.55
35.9665,16834,100,66.96
35.9839,16834,100,70.68
36.0012,16834,100,71.89
36.0187,16834,100,74.39
36.0361,16834,100,68.54
36.0536,16834,100,72.73
36.0711,16834,100,67.78
36.0885,16834,100,69.48
36.1060,16834,100,71.37
36.1241,16834,100,74.22
36.1418,16834,100,66.39
36.1594,17690,100,68.93
36.1768,17690,100,66.78
36.1942,17214,100,69.58
36.2116,14262,100,75.86
36.2291,14262,99,73.36
36.2465,14262,100,70.78
36.2642,15048,99,72.13
36.2822,15048,100,68.99
36.3000,15048,100,74.99
36.3180,15048,100,72.39
36.3356,15048,100,70.77
36.3530,15048,100,66.30
36.3706,15048,100,72.76
36.3883,15048,100,74.62
36.4057,15048,100,69.00
36.4236,15048,100,71.14
36.4410,15048,100,74.61
36.4584,15048,100,67.50
36.4763,15048,100,69.21
36.4937,15048,100,69.63
36.5114,13492,100,66.71
36.5295,14130,100,69.18
36.5476,14130,100,65.72
36.5651,14130,100,71.31
36.5825,14912,100,70.32
36.5999,15698,100,64.59
36.6174,15698,100,67.21
36.6348,15698,100,68.67
36.6522,15698,100,69.93
36.6699,15698,100,74.35
36.6873,16498,100,70.94
36.7047,16498,100,67.96
36.7221,16498,100,66.83
36.7395,16498,100,72.00
36.7569,16498,100,76.85
36.7751,16498,100,68.88
36.7925,17324,100,71.31
36.8106,17324,100,73.40
36.8283,14302,99,69.71
36.8458,15062,99,73.97
36.8632,15854,99,73.59
36.8806,16712,100,74.11
36.8980,16712,100,69.53
36.9154,16712,100,69.39
36.9328,16712,100,75.37
36.9503,16712,100,75.20
36.9677,16712,100,67.87
36.9855,16712,99,78.23
37.0035,16712,100,76.11
37.0213,16712,100,69.14
37.0387,16712,100,75.14
37.0562,16712,100,73.70
37.0743,16712,100,74.39
37.0920,16712,100,74.97
37.1094,16712,99,64.93
37.1272,16712,100,74.43
37.1446,14002,100,73.25
37.1621,16000,99,71.88
37.1798,16000,100,72.84
37.1973,16000,100,73.16
37.2154,16000,100,72.09
37.2334,16000,100,70.45
37.2514,16000,100,71.52
37.2693,16000,99,69.26
37.2868,16000,100,74.48
37.3048,16000,100,70.47
37.3226,16000,100,67.79
37.3402,16000,100,71.24
37.3582,16792,100,69.97
37.3764,16792,100,74.26
37.3942,16792,100,72.92
37.4119,16792,100,68.73
37.4294,16792,100,67.24
37.4468,16792,100,66.71
37.4647,14164,100,66.37
37.4824,14164,100,68.93
37.4998,14948,100,66.89
37.5172,14948,99,78.19
37.5353,16588,99,71.97
37.5535,16588,100,71.67
37.5709,16588,100,70.16
37.5886,16588,100,79.57
37.6068,17422,100,80.13
37.6242,17422,100,73.19
37.6417,17422,100,68.98
37.6592,17422,100,68.09
37.6772,17422,100,68.25
37.6947,18286,100,74.92
37.7122,18286,100,67.43
37.7296,18286,100,65.14
37.7471,18286,100,74.29
37.7645,18286,100,69.16
37.7819,14626,100,71.40
37.7994,15284,100,73.61
37.8174,15284,100,73.70
37.8351,15284,100,72.10
37.8533,15954,100,69.66
37.8714,15954,100,70.54
37.8888,15954,100,69.54
37.9062,16632,100,74.83
37.9244,16632,100,71.21
37.9418,18232,100,73.44
37.9599,18232,100,73.86
37.9780,18232,100,67.87
37.9960,18232,100,73.40
38.0134,18232,100,74.07
38.0309,18232,100,71.18
38.0490,18232,100,68.79
38.0664,18232,100,72.20
38.0841,13756,100,71.32
38.1018,13756,100,72.57
38.1196,13756,100,72.27
38.1371,13756,100,67.51
38.1549,13756,100,73.65
38.1724,13756,100,67.08
38.1899,13756,100,75.00
38.2076,13756,100,68.34
38.2250,13756,100,79.99
38.2428,13756,100,72.75
38.2602,13756,100,65.25
38.2776,13756,100,72.56
38.2953,13756,100,73.88
38.3134,13756,100,76.35
38.3315,13756,100,70.41
38.3490,13756,100,72.79
38.3664,14620,100,76.83
38.3838,14620,100,68.72
38.4015,14196,100,68.16
38.4193,14196,100,72.39
38.4375,15784,100,71.55
38.4555,15784,100,71.54
38.4729,16644,100,67.81
38.4907,16644,100,70.39
38.5086,16644,100,76.25
38.5264,16644,100,78.02
38.5438,16644,100,70.53
38.5613,16644,100,76.15
38.5787,16644,100,76.81
38.5965,16644,100,69.83
38.6147,16644,100,68.07
38.6325,16644,100,72.02
38.6502,16644,100,71.97
38.6683,16644,100,65.47
38.6862,16644,100,76.69
38.7037,16644,100,70.34
38.7212,13758,100,69.11
38.7386,14528,100,73.66
38.7560,14528,100,67.94
38.7734,14528,100,71.25
38.7912,14528,100,69.95
38.8086,15370,100,67.53
38.8264,15370,100,70.97
38.8439,15370,100,71.78
38.8614,15370,100,66.38
38.8792,15370,100,70.76
38.8969,15370,100,70.62
38.9144,15370,100,70.40
38.9321,16238,100,65.83
38.9498,16238,100,68.32
38.9676,16238,100,69.52
38.9853,16238,100,69.73
39.0027,16238,100,75.61
39.0202,13482,100,70.13
39.0376,14164,100,71.35
39.0554,14164,100,70.07
39.0731,14164,100,70.99
39.0909,14164,100,72.10
39.1083,14164,100,70.21
39.1259,14164,100,71.01
39.1436,14164,100,69.78
39.1612,14164,100,71.13
39.1786,14956,100,66.31
39.1963,14956,100,68.68
39.2141,14956,100,67.46
39.2319,14956,100,68.89
39.2499,14956,100,68.59
39.2673,14956,100,70.05
39.2847,15800,100,68.22
39.3021,15800,100,68.56
39.3195,15800,100,68.78
39.3369,14430,100,67.30
39.3547,15234,100,70.48
39.3724,15234,100,74.06
39.3903,15234,100,72.10
39.4077,15234,99,71.38
39.4254,15234,100,70.41
39.4435,15234,100,71.55
39.4610,15234,100,74.01
39.4784,15234,99,73.21
39.4962,15234,100,68.10
39.5143,15234,100,71.32
39.5317,16064,100,73.86
39.5491,16064,100,70.76
39.5670,16064,100,69.73
39.5850,16064,100,66.21
39.6025,16064,99,70.14
39.6203,16930,100,73.03
39.6378,14278,99,74.23
39.6552,15136,100,69.67
39.6727,15136,100,68.72
39.6908,15136,100,67.07
39.7082,15136,100,72.28
39.7262,15136,100,77.15
39.7437,15136,100,69.41
39.7614,15136,100,69.90
39.7788,15136,100,71.47
39.7966,15136,100,68.94
39.8140,15136,100,69.30
39.8314,15136,100,68.23
39.8494,15136,100,70.86
39.8669,15136,100,70.26
39.8843,15136,100,74.09
39.9020,15136,100,69.29
39.9194,15136,100,69.27
39.9368,16004,99,73.47
39.9542,14560,100,75.58
39.9718,14560,100,73.96
39.9898,14560,100,72.73
40.0075,14560,100,72.31
40.0252,14560,100,69.48
40.0426,14560,100,66.79
40.0604,14560,100,72.54
40.0779,14560,100,71.54
40.0955,14560,100,72.54
40.1138,14560,100,77.28
40.1315,14560,100,72.71
40.1493,14560,100,70.13
40.1667,14560,100,72.93
40.1844,14560,100,69.84
40.2021,14560,100,66.21
40.2195,15436,100,71.26
40.2369,15436,100,73.62
40.2548,13778,100,69.23
40.2722,15286,100,71.67
40.2896,15286,100,67.61
40.3073,15286,100,70.69
40.3249,15286,100,73.16
40.3426,15286,100,69.64
40.3603,15286,100,69.89
40.3777,15286,100,72.48
40.3953,15286,100,74.20
40.4134,15286,100,73.68
40.4313,15286,100,78.47
40.4490,15286,100,71.66
40.4668,15286,100,69.52
40.4846,16136,99,69.96
40.5023,16996,100,75.45
40.5197,16996,100,73.82
40.5371,16996,100,73.46
40.5550,16996,100,70.46
40.5728,14632,100,65.00
40.5905,14632,100,72.69
40.6080,15458,100,71.83
40.6254,15458,100,73.15
40.6428,15458,100,71.23
40.6606,15458,100,70.78
40.6781,16338,100,69.33
40.6958,16338,100,67.42
40.7136,16338,99,66.15
40.7313,16338,100,72.86
40.7488,16338,100,69.34
40.7666,16338,100,71.14
40.7843,16338,100,74.05
40.8024,16338,100,71.66
40.8201,16338,100,67.96
40.8383,16338,100,69.34
40.8558,16338,100,73.39
40.8735,13650,100,70.39
40.8909,15094,100,67.93
40.9084,15094,100,70.45
40.9262,15094,100,70.45
40.9442,15978,100,68.83
40.9624,15978,100,64.43
40.9798,15978,100,71.09
40.9972,15978,100,69.57
41.0149,15978,100,71.64
41.0324,15978,100,69.11
41.0506,15978,100,72.15
41.0680,15978,100,70.51
41.0854,15978,100,69.24
41.1028,15978,100,70.79
41.1203,15978,100,74.37
41.1376,15978,100,72.79
41.1550,15978,100,70.55
41.1725,15978,100,69.88
41.1900,14012,100,75.93
41.2074,12318,0,53.69
41.2249,12318,0,31.76
41.2423,12318,0,31.16
41.2600,12318,0,31.09
41.2780,12318,0,30.99
41.2965,13404,100,42.02
41.3140,14042,100,67.76
41.3317,14690,100,69.48
41.3493,14690,100,68.24
41.3666,14690,100,72.91
41.3842,16146,100,64.92
41.4016,16146,100,73.75
41.4190,16956,99,67.97
41.4364,16956,100,70.28
41.4538,16956,100,70.49
41.4712,16956,100,69.63
41.4886,16956,100,72.97
41.5061,17818,99,70.54
41.5242,17818,100,70.35
41.5416,17818,100,69.14
41.5590,17818,100,72.88
41.5764,17818,100,70.90
41.5938,17818,100,68.76
41.6112,17818,100,73.69
41.6286,17818,100,71.17
41.6460,17818,100,68.43
41.6634,17818,100,70.70
41.6812,17818,100,71.70
41.6986,18694,100,70.95
41.7160,18694,100,72.98
41.7335,18694,100,73.91
41.7512,18694,100,69.94
41.7689,18694,100,70.01
41.7863,18694,100,69.23
41.8037,18694,100,70.92
41.8212,18694,100,71.45
41.8387,18694,100,73.54
41.8561,18694,100,71.94
41.8736,18694,100,71.38
41.8910,18694,100,66.14
41.9084,18694,100,78.06
41.9258,18694,100,69.39
41.9434,18694,100,74.69
41.9607,18694,100,70.68
41.9781,18694,100,74.37
41.9955,18694,100,67.92
42.0130,18694,100,73.92
42.0304,18694,100,69.61
42.0478,18694,100,68.68
42.0652,18694,100,73.01
42.0826,18694,100,74.10
42.1000,18694,100,70.76
42.1175,18694,100,70.76
42.1351,18694,100,69.61
42.1524,18694,100,72.85
42.1698,18694,100,73.14
42.1872,18694,100,69.91
42.2047,18694,100,74.89
42.2221,18694,100,70.28
42.2395,18694,100,68.23
42.2569,18694,100,67.23
42.2743,18694,100,72.71
42.2917,18694,100,72.07
42.3091,18694,100,73.95
42.3265,18694,100,70.16
42.3440,18694,100,75.60
42.3614,18694,99,73.93
42.3788,18694,100,69.36
42.3963,18694,100,69.55
42.4138,18694,100,78.18
42.4312,18694,100,70.90
42.4486,18694,100,69.44
42.4661,18694,100,70.38
42.4837,18694,100,69.93
42.5010,18694,100,71.22
42.5185,18694,100,66.41
42.5359,18694,100,67.18
42.5532,18694,100,70.96
42.5706,18694,100,73.92
42.5881,18694,100,69.74
42.6055,18694,100,68.57
42.6231,18694,100,74.95
42.6404,18694,100,76.44
42.6578,18694,100,69.50
42.6752,18694,100,70.43
42.6927,18694,100,72.93
42.7100,18694,100,72.93
42.7274,18694,99,69.68
42.7448,18694,100,71.14
42.7622,18694,100,69.47
42.7803,18694,100,72.27
42.7977,18694,100,69.42
42.8152,18694,100,73.83
42.8326,18694,100,72.10
42.8500,18694,100,74.74
42.8675,18694,100,71.00
42.8849,18694,100,67.92
42.9024,18694,100,67.48
42.9199,18694,100,68.00
42.9376,18694,100,73.11
42.9550,18694,100,68.43
42.9724,18694,100,71.82
42.9899,18694,100,69.18
43.0072,18694,100,74.49
43.0247,18694,100,70.99
43.0422,18694,100,71.03
43.0597,18694,100,73.12
43.0772,18694,100,72.07
43.0946,18694,100,70.78
43.1120,18694,100,67.57
43.1294,18694,100,77.59
43.1468,18694,100,71.77
43.1642,18694,100,71.23
43.1817,18694,100,74.95
43.1991,18694,100,69.20
43.2165,18694,100,74.17
43.2340,18694,100,70.18
43.2514,18694,100,70.84
43.2688,18694,99,70.62
43.2862,18694,100,69.93
43.3036,18694,100,72.64
43.3211,18694,100,74.33
43.3386,18694,100,68.67
43.3560,18694,100,69.60
43.3735,18694,100,72.67
43.3908,18694,100,70.45
43.4084,18694,100,72.57
43.4259,18694,100,68.91
43.4433,18694,100,75.40
43.4607,18694,100,74.02
43.4781,18694,100,71.16
43.4957,18694,100,66.46
43.5130,18694,100,70.49
43.5308,18694,100,71.30
43.5483,18694,100,71.58
43.5658,18694,100,69.60
43.5833,18694,100,69.78
43.6007,18694,100,72.39
43.6183,18694,100,69.97
43.6356,18694,100,74.31
43.6530,18694,100,71.50
43.6704,18694,100,67.81
43.6878,18694,100,70.85
43.7054,18694,100,73.72
43.7228,18694,100,72.08
43.7402,18694,100,71.77
43.7576,18694,100,72.41
43.7750,18694,100,70.74
43.7924,18694,100,73.43
43.8098,18694,100,68.85
43.8273,18694,100,67.53
43.8447,18694,100,69.93
43.8621,18694,100,66.70
43.8796,18694,100,75.02
43.8971,18694,100,65.16
43.9144,18694,100,70.61
43.9319,18694,100,70.60
43.9493,18694,100,72.50
43.9667,18694,100,72.01
43.9841,18694,100,73.50
44.0015,18694,100,69.14
44.0189,18694,100,67.62
44.0363,18694,100,70.29
44.0537,18694,100,70.10
44.0711,18694,100,69.49
44.0886,18694,100,68.75
44.1060,18694,100,70.39
44.1234,18694,100,71.75
44.1408,18694,100,68.31
44.1582,18694,100,69.47
44.1756,18694,100,70.44
44.1931,18694,100,71.27
44.2108,18694,100,70.08
44.2283,18694,100,72.66
44.2460,18694,100,72.31
44.2634,18694,100,68.01
44.2810,18694,100,73.12
44.2984,18694,100,71.57
44.3160,18694,100,72.86
44.3334,18694,100,66.65
44.3508,18694,99,71.60
44.3683,18694,100,68.18
44.3857,18694,100,69.45
44.4032,18694,100,72.93
44.4207,18694,100,71.43
44.4382,18694,100,75.93
44.4557,18694,100,74.68
44.4733,18694,100,68.35
44.4908,18694,100,70.31
44.5084,18694,100,71.32
44.5258,18694,100,69.30
44.5432,18694,100,70.54
44.5606,18694,100,72.40
44.5780,18694,100,71.84
44.5954,18694,100,74.14
44.6128,18694,100,74.30
44.6302,18694,100,72.72
44.6477,18694,100,72.30
44.6650,18694,100,69.87
44.6828,18694,100,71.04
44.7003,18694,100,70.53
44.7179,18694,100,69.49
44.7354,18694,100,68.76
44.7528,18694,100,69.89
44.7702,18694,100,71.37
44.7876,18694,100,72.02
44.8050,18694,100,74.01
44.8225,18694,100,68.57
44.8398,18694,100,69.84
44.8573,18694,99,73.78
44.8747,18694,100,69.06
44.8921,18694,100,69.25
44.9095,18694,100,74.33
44.9269,18694,100,71.86
44.9445,18694,100,70.29
44.9619,18694,100,70.18
44.9793,18694,100,71.38
44.9967,18694,100,67.47
45.0141,18694,100,71.31
45.0316,18694,100,70.20
45.0491,18694,100,73.27
45.0665,18694,100,74.32
45.0839,18694,100,72.48
45.1013,18694,100,69.15
45.1187,18694,100,70.30
45.1362,18694,100,71.90
45.1536,18694,100,67.55
45.1710,18694,100,71.81
45.1887,18694,100,66.76
45.2062,18694,100,71.17
45.2237,18694,100,74.80
45.2410,18694,100,72.56
45.2584,18694,100,68.34
45.2759,18694,100,73.33
45.2934,18694,100,69.74
45.3109,18694,100,71.04
45.3284,18694,100,69.10
45.3461,18694,100,69.43
45.3635,18694,100,71.97
45.3809,18694,100,71.27
45.3984,18694,100,71.71
45.4159,18694,100,69.37
45.4337,18694,100,70.94
45.4512,18694,100,70.38
45.4687,18694,100,73.76
45.4861,18694,100,72.97
45.5035,18694,100,70.62
45.5209,18694,100,70.79
45.5383,18694,99,73.13
45.5557,18694,100,69.59
45.5733,18694,100,70.97
45.5906,18694,100,71.43
45.6081,18694,100,71.98
45.6255,18694,100,72.61
45.6430,18694,100,71.35
45.6604,18694,100,71.24
45.6778,18694,100,70.35
45.6952,18694,100,72.24
45.7127,18694,100,70.99
45.7302,18694,100,71.39
45.7476,18694,99,72.10
45.7654,18694,100,72.07
45.7828,18694,100,71.43
45.8005,18694,100,73.36
45.8179,18694,100,69.05
45.8353,18694,99,69.08
45.8527,18694,100,70.01
45.8701,18694,100,69.94
45.8875,18694,100,73.35
45.9050,18694,100,70.04
45.9223,18694,100,67.74
45.9397,18694,100,67.79
45.9572,18694,100,71.42
45.9746,18694,100,71.17
45.9920,18694,100,69.92
46.0094,18694,100,69.84
46.0268,18694,100,73.36
46.0444,18694,100,74.85
46.0618,18694,100,73.45
46.0794,18694,100,68.15
46.0971,18694,100,69.50
46.1151,18694,100,71.33
46.1328,18694,100,66.96
46.1509,18694,100,70.59
46.1683,18694,100,70.34
46.1864,18694,100,70.49
46.2043,18694,100,69.30
46.2218,18694,100,72.92
46.2395,18694,100,70.44
46.2572,18694,100,73.38
46.2750,18694,100,70.32
46.2924,18694,100,69.79
46.3100,18694,100,72.08
46.3281,18694,100,72.70
46.3458,18694,100,71.19
46.3636,18694,100,69.68
46.3810,18694,100,72.41
46.3984,18694,100,70.89
46.4162,18694,100,70.80
46.4337,18694,100,75.57
46.4510,18694,100,71.11
46.4685,18694,100,68.86
46.4867,18694,100,72.09
46.5042,18694,100,68.81
46.5216,18694,100,73.81
46.5395,18694,100,70.36
46.5569,18694,100,72.12
46.5747,18694,100,70.44
46.5921,18694,100,68.90
46.6095,18694,100,71.32
46.6273,18694,100,71.90
46.6450,18694,100,70.27
46.6624,18694,100,74.68
46.6803,18694,100,73.10
46.6978,18694,100,71.91
46.7152,18694,100,73.17
46.7328,18694,100,71.71
46.7505,18694,100,72.11
46.7679,18694,100,72.74
46.7856,18694,100,73.56
46.8030,18694,100,70.98
46.8209,18694,100,72.26
46.8391,18694,100,71.38
46.8565,18694,100,68.72
46.8738,18694,100,68.62
46.8912,18694,100,70.29
46.9088,18694,100,70.05
46.9263,18694,100,72.05
46.9436,18694,100,67.98
46.9612,18694,100,71.41
46.9789,18694,100,72.46
46.9970,18694,100,71.34
47.0147,18694,100,69.41
47.0321,18694,100,72.02
47.0500,18694,100,71.07
47.0677,18694,100,73.96
47.0852,18694,100,71.71
47.1026,18694,100,70.30
47.1203,18694,100,71.01
47.1379,18694,100,69.28
47.1557,18694,100,69.15
47.1731,18694,100,71.97
47.1906,18694,100,73.71
47.2080,18694,100,70.91
47.2254,18694,100,67.97
47.2431,18694,99,71.15
47.2609,18694,100,70.14
47.2789,18694,100,70.17
47.2963,18694,100,70.41
47.3140,18694,100,72.63
47.3314,18694,99,72.35
47.3488,18694,100,70.22
47.3665,18694,100,68.37
47.3839,18694,100,72.01
47.4013,18694,100,69.07
47.4194,18694,100,71.93
47.4372,18694,100,71.21
47.4546,18694,100,72.98
47.4724,18694,100,72.53
47.4901,18694,100,72.79
47.5078,18694,100,71.80
47.5254,18694,100,71.21
47.5428,18694,100,69.90
47.5605,18694,100,73.18
47.5786,18694,100,70.04
47.5960,18694,100,70.13
47.6134,18694,100,71.84
47.6311,18694,100,71.42
47.6488,18694,100,70.52
47.6662,18694,100,75.08
47.6840,18694,100,70.57
47.7014,18694,100,71.45
47.7192,18694,100,70.09
47.7370,18694,100,70.23
47.7547,18694,100,70.70
47.7721,18694,100,69.31
47.7902,18694,100,70.88
47.8077,18694,100,69.69
47.8251,18694,100,69.61
47.8429,18694,100,68.71
47.8609,18694,100,72.22
47.8783,18694,100,71.44
47.8960,18694,100,71.09
47.9134,18694,100,73.38
47.9308,18694,100,68.07
47.9486,18694,100,68.34
47.9660,18694,100,70.56
47.9837,18694,100,71.71
48.0014,18694,100,67.74
48.0192,18694,100,71.76
48.0369,18694,100,70.02
48.0546,18694,99,71.52
48.0722,18694,100,73.81
48.0895,18694,99,72.57
48.1070,18694,100,73.53
48.1247,18694,100,70.48
48.1422,18694,99,70.68
48.1596,18694,100,70.23
48.1771,18694,100,72.02
48.1944,18694,100,71.96
48.2119,18694,100,72.33
48.2300,18694,100,69.90
48.2475,18694,100,70.11
48.2648,18694,100,72.46
48.2822,18694,100,70.60
48.2997,18694,100,70.59
48.3178,18694,100,72.19
48.3352,18694,100,71.41
48.3530,18694,100,68.08
48.3704,18694,100,68.15
48.3881,18694,100,72.54
48.4058,18694,100,69.90
48.4236,18694,100,75.86
48.4410,18694,100,69.65
48.4587,18694,100,72.50
48.4761,18694,100,72.43
48.4935,18694,100,69.77
48.5110,18694,100,72.28
48.5285,18694,100,70.35
48.5459,18694,100,68.72
48.5634,18694,100,69.89
48.5808,18694,100,70.29
48.5986,18694,100,68.84
48.6166,18694,100,71.03
48.6340,18694,99,70.61
48.6518,18694,100,73.14
48.6698,18694,100,70.40
48.6872,18694,100,69.45
48.7051,18694,100,72.63
48.7230,18694,100,69.62
48.7404,18694,100,69.45
48.7582,18694,100,70.80
48.7756,18694,100,69.22
48.7930,18694,100,71.50
48.8104,18694,100,70.55
48.8282,18694,100,67.14
48.8458,18694,100,75.40
48.8636,18694,99,71.83
48.8814,18694,100,74.52
48.8989,18694,100,69.74
48.9170,18694,100,72.55
48.9347,18694,100,70.07
48.9521,18694,99,73.31
48.9698,18694,100,70.46
48.9876,18694,100,72.57
49.0054,18694,100,68.38
49.0230,18694,100,72.88
49.0407,18694,100,71.83
49.0584,18694,100,68.42
49.0762,18694,100,72.11
49.0937,18694,99,70.96
49.1115,18694,100,70.90
49.1293,18694,100,71.20
49.1471,18694,100,70.54
49.1649,18694,100,73.92
49.1826,18694,100,71.49
49.2000,18694,100,72.33
49.2178,18694,100,70.48
49.2355,18694,100,73.88
49.2530,18694,100,69.05
49.2708,18694,100,69.83
49.2882,18694,100,71.32
49.3060,18694,100,72.43
49.3234,18694,100,69.10
49.3409,18694,100,72.11
49.3586,18694,100,73.47
49.3760,18694,100,71.27
49.3940,18694,100,68.81
49.4118,18694,100,69.77
49.4299,18694,100,71.93
49.4473,18694,100,71.00
49.4647,18694,100,72.02
49.4822,18694,100,71.40
49.4996,18694,99,70.91
49.5177,18694,100,71.43
49.5355,18694,100,70.08
49.5532,18694,100,72.03
49.5706,18694,100,74.45
49.5880,18694,100,76.91
49.6062,18694,100,72.43
49.6240,18694,100,72.14
49.6414,18694,100,72.72
49.6589,18694,100,72.35
49.6766,18694,100,72.81
49.6940,18694,100,71.72
49.7114,18694,100,70.50
49.7291,18694,100,74.64
49.7472,18694,100,70.96
49.7650,18694,100,73.33
49.7827,18694,100,69.79
49.8004,18694,100,73.81
49.8186,18694,100,69.18
49.8364,18694,100,71.83
49.8541,18694,100,72.04
49.8720,18694,100,71.33
49.8898,18694,100,70.74
49.9073,18694,100,71.10
49.9254,18694,100,72.84
49.9432,18694,100,75.93
49.9606,18694,100,68.12
49.9780,18694,100,70.57
49.9954,18694,100,72.24
50.0132,18694,100,69.03
50.0307,18694,100,71.02
50.0481,18694,100,72.85
50.0658,18694,100,70.29
50.0837,18694,100,71.57
50.1014,18694,100,70.80
50.1192,18694,100,69.98
50.1366,18694,100,71.55
50.1547,18694,100,70.04
50.1728,18694,100,71.68
50.1910,18694,100,69.08
50.2085,18694,100,71.97
50.2259,18694,100,72.09
50.2440,18694,100,71.01
50.2618,18694,100,71.83
50.2792,18694,100,67.78
50.2966,18694,100,72.79
50.3147,18694,100,70.64
50.3329,18694,100,73.31
50.3506,18694,100,70.17
50.3684,18694,100,67.76
50.3861,18694,99,69.17
50.4038,18694,100,69.21
50.4212,18694,100,69.54
50.4388,18694,100,73.55
50.4569,18694,100,70.17
50.4748,18694,100,69.04
50.4924,18694,100,69.88
50.5101,18694,100,70.76
50.5279,18694,100,71.92
50.5453,18694,100,70.44
50.5634,18694,100,71.09
50.5814,18694,100,70.99
50.5992,18694,100,71.46
50.6170,18694,100,71.86
50.6351,18694,100,70.71
50.6528,18694,100,71.35
50.6709,18694,100,73.14
50.6884,18694,100,68.60
50.7058,18694,100,72.93
50.7236,18694,100,71.99
50.7410,18694,100,70.79
50.7590,18694,100,69.81
50.7772,18694,99,70.96
50.7946,18694,100,72.85
50.8120,18694,99,69.03
50.8297,18694,100,72.14
50.8474,18694,100,71.08
50.8656,18694,100,70.45
50.8831,18694,100,72.53
50.9013,18694,100,68.56
50.9187,18694,100,71.75
50.9365,18694,100,73.82
50.9539,18694,100,71.17
50.9714,18694,100,70.58
50.9888,18694,100,69.74
51.0063,18694,100,70.72
51.0238,18694,100,72.39
51.0413,18694,100,71.14
51.0587,18694,100,72.73
51.0760,18694,100,67.10
51.0935,18694,100,71.27
51.1110,18694,100,71.97
51.1285,18694,100,70.71
51.1459,18694,100,70.39
51.1633,18694,100,70.99
51.1807,18694,100,68.36
51.1982,18694,100,74.00
51.2157,18694,100,72.91
51.2331,18694,100,72.16
51.2505,18694,100,71.42
51.2679,18694,99,71.56
51.2853,18694,100,69.16
51.3028,18694,100,71.94
51.3203,18694,100,71.54
51.3376,18694,100,70.86
51.3554,18694,100,73.20
51.3729,18694,100,71.45
51.3904,18694,100,71.18
51.4078,18694,99,67.41
51.4253,18694,100,71.46
51.4428,18694,100,68.54
51.4602,18694,100,72.62
51.4776,18694,100,71.65
51.4950,18694,100,68.75
51.5124,18694,100,71.41
51.5300,18694,100,71.74
51.5474,18694,100,71.47
51.5649,18694,100,71.46
51.5823,18694,100,69.85
51.5997,18694,100,70.74
51.6173,18694,100,72.95
51.6347,18694,100,72.83
51.6520,18694,100,69.39
51.6696,18694,100,68.21
51.6871,18694,100,69.88
51.7046,18694,100,70.00
51.7221,18694,100,70.21
51.7394,18694,100,71.15
51.7568,18694,100,72.24
51.7742,18694,99,66.97
51.7920,18694,100,69.45
51.8094,18694,100,70.31
51.8269,18694,100,71.60
51.8443,18694,100,71.57
51.8617,18694,100,71.87
51.8791,18694,100,70.07
51.8965,18694,100,71.74
51.9140,18694,100,72.73
51.9318,18694,100,72.89
51.9492,18694,100,70.09
51.9666,18694,100,71.94
51.9840,18694,100,69.61
52.0014,18694,100,71.45
52.0188,18694,100,71.56
52.0362,18694,100,74.24
52.0536,18694,100,72.21
52.0711,18694,100,70.05
52.0885,18694,100,70.67
52.1059,18694,100,73.36
52.1233,18694,100,69.36
52.1407,18694,99,72.13
52.1581,18694,100,72.35
52.1756,18694,100,71.33
52.1930,18694,100,70.24
52.2105,18694,100,70.86
52.2281,18694,100,73.23
52.2456,18694,100,72.32
52.2633,18694,100,67.88
52.2806,18694,99,70.96
52.2984,18694,100,70.06
52.3158,18694,100,71.31
52.3332,18694,100,68.84
52.3507,18694,100,70.47
52.3682,18694,100,69.89
52.3856,18694,100,70.57
52.4030,18694,100,69.78
52.4204,18694,100,72.52
52.4379,18694,100,68.69
52.4553,18694,100,68.49
52.4727,18694,100,71.56
52.4902,18694,100,68.42
52.5077,18694,100,71.68
52.5252,18694,100,71.35
52.5426,18694,100,70.13
52.5601,18694,100,72.87
52.5775,18694,100,72.96
52.5948,18694,100,72.53
52.6123,18694,100,71.25
52.6298,18694,100,72.55
52.6473,18694,100,72.38
52.6647,18694,100,71.68
52.6821,18694,100,70.85
52.6996,18694,100,69.89
52.7170,18694,100,69.81
52.7344,18694,100,71.07
52.7519,18694,100,70.44
52.7693,18694,100,71.73
52.7868,18694,100,71.68
52.8042,18694,100,73.10
52.8216,18694,100,70.38
52.8391,18694,100,68.34
52.8566,18694,100,71.74
52.8740,18694,100,70.01
52.8914,18694,100,69.27
52.9088,18694,100,72.05
52.9262,18694,100,70.72
52.9438,18694,100,71.58
52.9612,18694,100,71.58
52.9787,18694,100,73.08
52.9962,18694,100,70.14
53.0136,18694,100,71.59
53.0311,18694,100,70.58
53.0485,18694,100,71.02
53.0659,18694,100,71.81
53.0835,18694,100,72.67
53.1010,18694,100,71.90
53.1184,18694,100,71.64
53.1358,18694,100,70.79
53.1532,18694,100,71.55
53.1706,18694,100,69.94
53.1880,18694,100,70.99
53.2054,18694,100,69.57
53.2230,18694,100,70.68
53.2407,18694,100,73.82
53.2581,18694,100,69.25
53.2756,18694,100,70.78
53.2931,18694,100,69.47
53.3105,18694,100,70.31
53.3279,18694,100,71.51
53.3454,18694,100,70.11
53.3630,18694,100,74.21
53.3804,18694,100,70.16
53.3978,18694,100,70.59
53.4156,18694,100,70.47
53.4330,18694,100,70.55
53.4504,18694,100,71.58
53.4680,18694,100,68.97
53.4854,18694,99,72.63
53.5029,18694,100,69.26
53.5203,18694,100,68.04
53.5378,18694,100,74.58
53.5553,18694,100,73.34
53.5726,18694,100,70.46
53.5902,18694,100,71.55
53.6076,18694,100,74.87
53.6250,18694,99,70.18
53.6426,18694,100,68.54
53.6600,18694,100,70.67
53.6775,18694,100,73.65
53.6950,18694,100,69.31
53.7130,18694,100,69.69
53.7304,18694,100,71.79
53.7479,18694,100,71.54
53.7653,18694,100,72.78
53.7827,18694,100,71.40
53.8001,18694,100,69.79
53.8176,18694,100,70.73
53.8352,18694,100,71.52
53.8527,18694,100,68.49
53.8700,18694,100,72.02
53.8876,18694,100,71.11
53.9051,18694,100,69.66
53.9226,18694,100,71.74
53.9400,18694,100,71.63
53.9574,18694,99,72.85
53.9749,18694,100,75.14
53.9923,18694,100,72.61
54.0100,18694,100,74.31
54.0274,18694,100,69.49
54.0449,18694,100,71.21
54.0623,18694,100,72.06
54.0797,18694,100,70.94
54.0971,18694,100,72.74
54.1145,18694,100,68.69
54.1319,18694,100,70.15
54.1494,18694,99,71.83
54.1668,18694,100,72.75
54.1842,18694,100,70.59
54.2017,18694,100,69.78
54.2191,18694,100,73.00
54.2366,18694,100,70.25
54.2540,18694,100,70.77
54.2715,18694,100,71.89
54.2889,18694,100,68.87
54.3063,18694,100,69.63
54.3237,18694,100,68.49
54.3412,18694,100,72.86
54.3587,18694,100,70.35
54.3761,18694,100,70.89
54.3936,18694,100,70.32
54.4111,18694,100,71.62
54.4285,18694,99,72.11
54.4459,18694,100,70.51
54.4634,18694,100,72.39
54.4808,18694,100,70.47
54.4983,18694,100,67.34
54.5157,18694,100,72.05
54.5331,18694,100,69.46
54.5507,18694,100,72.03
54.5680,18694,99,72.07
54.5854,18694,100,71.87
54.6028,18694,100,69.42
54.6204,18694,100,70.03
54.6378,18694,100,73.21
54.6553,18694,100,73.91
54.6728,18694,100,72.68
54.6902,18694,100,70.74
54.7078,18694,100,69.79
54.7252,18694,100,69.06
54.7426,18694,100,72.34
54.7601,18694,100,70.01
54.7776,18694,100,70.61
54.7950,18694,100,70.83
54.8125,18694,100,70.73
54.8298,18694,100,72.57
54.8473,18694,100,70.68
54.8647,18694,100,68.99
54.8821,18694,100,71.52
54.8995,18694,100,70.22
54.9170,18694,100,73.27
54.9344,18694,100,71.28
54.9518,18694,99,69.37
54.9692,18694,100,72.14
54.9866,18694,100,72.45
55.0041,18694,100,72.73
55.0217,18694,100,70.72
55.0391,18694,100,72.67
55.0565,18694,100,70.69
55.0739,18694,100,70.46
55.0913,18694,100,71.98
55.1088,18694,100,68.88
55.1262,18694,100,69.33
55.1436,18694,100,72.39
55.1610,18694,100,71.82
55.1784,18694,100,72.82
55.1962,18694,100,72.91
55.2136,18694,100,71.23
55.2311,18694,100,68.75
55.2485,18694,100,68.83
55.2659,18694,100,71.84
55.2833,18694,100,71.09
55.3007,18694,100,70.12
55.3181,18694,100,71.89
55.3355,18694,100,69.44
55.3530,18694,100,68.27
55.3705,18694,100,69.60
55.3880,18694,100,69.57
55.4054,18694,100,69.74
55.4228,18694,100,71.53
55.4403,18694,100,71.18
55.4577,18694,100,70.57
55.4751,18694,100,72.09
55.4926,18694,100,73.29
55.5099,18694,100,70.93
55.5274,18694,100,71.35
55.5449,18694,100,68.38
55.5624,18694,100,69.53
55.5798,18694,100,72.18
55.5972,18694,100,70.68
55.6147,18694,100,72.03
55.6321,18694,100,69.65
55.6499,18694,100,69.37
55.6675,18694,100,71.60
55.6849,18694,100,69.95
55.7023,18694,100,70.56
55.7196,18694,100,70.75
55.7370,18694,100,70.25
55.7545,13912,100,68.64
55.7720,12320,79,67.29
55.7895,12320,0,31.28
55.8069,12320,0,30.95
55.8244,12320,0,30.89
55.8418,12320,0,30.91
55.8604,12320,0,30.88
55.8791,13784,100,51.10
55.8969,15010,100,71.19
55.9143,15010,100,70.49
55.9319,15782,100,71.24
55.9493,15782,99,72.00
55.9667,15782,100,70.27
55.9841,15782,100,72.28
56.0015,15782,100,71.46
56.0189,15782,100,71.75
56.0363,15782,100,72.51
56.0537,15782,100,70.99
56.0713,15782,100,70.63
56.0887,15782,99,69.71
56.1061,16606,100,70.44
56.1239,16606,100,72.57
56.1416,16606,99,69.54
56.1594,16606,100,71.83
56.1775,16606,100,70.21
56.1952,16606,99,66.35
56.2130,16606,100,72.09
56.2307,16606,100,68.99
56.2482,16606,100,72.16
56.2663,16606,100,72.09
56.2841,16606,100,70.48
56.3022,16606,100,73.43
56.3196,16606,100,72.24
56.3374,16606,100,72.81
56.3551,16606,100,69.67
56.3726,16606,100,70.73
56.3900,16606,100,70.23
56.4077,16606,100,67.87
56.4252,16606,100,69.86
56.4426,16606,99,70.25
56.4606,16606,100,71.16
56.4781,16606,100,71.76
56.4958,16606,100,71.53
56.5136,16606,100,70.09
56.5310,16606,100,72.76
56.5489,16606,100,71.10
56.5667,16606,100,72.31
56.5841,16606,100,71.82
56.6015,16606,100,72.24
56.6189,16606,100,72.89
56.6366,16606,100,70.70
56.6540,16606,100,71.32
56.6715,16606,100,68.65
56.6893,16606,99,69.74
56.7072,16606,100,72.16
56.7246,16606,100,72.53
56.7421,16606,100,69.34
56.7596,16606,100,71.38
56.7770,16606,100,68.17
56.7944,16606,100,70.14
56.8123,16606,100,72.47
56.8298,17432,100,70.71
56.8475,17432,100,73.29
56.8652,17432,100,67.92
56.8831,17432,100,71.69
56.9009,17432,100,70.01
56.9184,17432,100,70.08
56.9364,17432,100,71.62
56.9539,17432,100,71.50
56.9714,17432,100,72.69
56.9888,17432,100,69.40
57.0062,17432,100,72.41
57.0238,17432,100,70.81
57.0415,17432,100,69.03
57.0591,17432,100,72.01
57.0764,17432,100,68.71
57.0938,17432,100,74.04
57.1119,17432,100,70.24
57.1296,17432,100,71.31
57.1474,17432,100,69.85
57.1653,17432,100,70.81
57.1833,17432,100,69.95
57.2010,17432,100,72.05
57.2188,17432,100,71.72
57.2366,17432,100,74.08
57.2544,17432,100,73.17
57.2718,17432,100,70.67
57.2893,17432,100,70.00
57.3068,17432,100,73.80
57.3242,17432,100,72.24
57.3416,17432,100,70.47
57.3591,17432,100,71.69
57.3768,17432,100,70.88
57.3942,17432,100,71.55
57.4124,17432,100,70.18
57.4304,17432,100,71.38
57.4485,17432,100,71.68
57.4660,17432,100,72.78
57.4839,17432,100,70.15
57.5014,17432,100,72.03
57.5188,17432,100,70.18
57.5363,17432,100,68.67
57.5537,17432,100,72.55
57.5711,17432,100,72.56
57.5885,17432,99,71.03
57.6062,17432,100,70.80
57.6243,17432,100,72.04
57.6420,17432,100,70.62
57.6598,17432,100,71.01
57.6775,17432,100,72.17
57.6953,17432,99,70.86
57.7134,17432,100,71.91
57.7312,17432,100,71.61
57.7490,17432,100,72.31
57.7668,17432,100,70.42
57.7843,17432,100,70.58
57.8020,17432,100,70.24
57.8195,17432,100,71.35
57.8369,17432,100,68.38
57.8550,17432,100,69.59
57.8729,17432,100,70.98
57.8902,17432,100,71.79
57.9076,17432,100,70.12
57.9251,17432,100,72.78
57.9424,17432,100,71.44
57.9606,17432,100,72.31
57.9783,17432,100,69.80
57.9959,17432,100,68.30
58.0133,17432,100,72.37
58.0311,17432,100,70.38
58.0484,17432,100,70.27
58.0659,17432,100,70.65
58.0833,17432,100,70.13
58.1014,17432,100,72.66
58.1189,17432,100,69.02
58.1363,17432,100,69.99
58.1538,17432,100,70.60
58.1716,17432,100,71.32
58.1893,17432,100,70.70
58.2071,17432,100,69.89
58.2252,17432,100,69.26
58.2430,17432,100,70.71
58.2604,17432,100,71.50
58.2785,17432,100,71.87
58.2963,17432,100,72.96
58.3144,17432,100,72.42
58.3321,17432,100,71.52
58.3502,17432,100,70.16
58.3677,17432,100,74.67
58.3852,17432,100,71.90
58.4030,17432,100,69.86
58.4204,17432,100,70.62
58.4382,17432,100,71.74
58.4560,17432,100,68.99
58.4737,17432,100,70.17
58.4912,17432,100,72.98
58.5087,17432,99,70.94
58.5264,17432,100,71.58
58.5442,17432,100,70.45
58.5616,17432,100,71.71
58.5794,17432,100,69.78
58.5968,17432,100,72.88
58.6142,17432,100,68.99
58.6323,17432,100,70.64
58.6504,17432,100,70.75
58.6681,17432,100,71.25
58.6856,17432,100,71.05
58.7036,17432,100,70.51
58.7214,17432,100,68.67
58.7388,17432,100,70.43
58.7563,17432,100,71.67
58.7739,17432,100,70.66
58.7912,17432,100,67.54
58.8094,17432,100,70.50
58.8269,17432,100,68.74
58.8450,17432,100,72.93
58.8624,17432,100,69.70
58.8800,17432,100,70.90
58.8974,17432,100,72.69
58.9152,17432,99,69.39
58.9326,17432,100,71.43
58.9503,17432,100,69.58
58.9677,17432,100,70.52
58.9855,17432,100,70.53
59.0028,17432,100,70.31
59.0206,17432,100,70.00
59.0381,17432,100,72.67
59.0562,17432,100,69.09
59.0736,17432,100,71.09
59.0910,17432,100,70.59
59.1084,17432,100,71.25
59.1258,17432,100,70.53
59.1436,17432,100,72.06
59.1617,17432,100,73.74
59.1800,17432,100,71.23
59.1977,17432,100,69.07
59.2155,17432,100,71.62
59.2335,17432,100,68.82
59.2509,17432,100,71.13
59.2688,17432,100,70.85
59.2862,17432,100,70.06
59.3036,17432,100,70.34
59.3216,17432,100,71.44
59.3397,17432,100,68.17
59.3578,17432,100,72.28
59.3752,17432,100,70.41
59.3926,17432,100,70.86
59.4103,17432,100,68.76
59.4280,17432,100,69.55
59.4459,17432,100,70.29
59.4639,17432,100,69.42
59.4821,17432,100,70.25
59.4995,17432,100,71.46
59.5173,17432,100,70.78
59.5346,17432,100,70.03
59.5522,17432,100,73.70
59.5704,17432,100,71.15
59.5879,17432,99,72.35
59.6060,17432,100,71.74
59.6235,17432,100,70.87
59.6409,17432,100,69.74
59.6585,17432,100,70.92
59.6762,17432,100,71.08
59.6937,17432,100,71.39
59.7114,17432,100,69.24
59.7289,17432,100,71.60
59.7463,17432,100,71.97
59.7641,17432,100,70.79
59.7818,17432,100,70.86
59.7996,17432,100,70.67
59.8174,17432,100,70.40
59.8348,17432,100,69.01
59.8526,17432,100,70.50
59.8700,17432,100,69.81
59.8874,17432,100,69.80
59.9049,17432,100,69.94
59.9227,17432,100,71.12
59.9401,17432,100,69.85
59.9578,17432,100,70.12
59.9761,17432,100,71.32
59.9941,17432,100,71.73
60.0119,17432,100,70.40
60.0296,17432,100,69.50
60.0471,17432,99,71.43
60.0648,17432,100,70.52
60.0830,17432,100,69.64
60.1007,17432,99,70.05
60.1184,17432,100,70.51
60.1362,17432,100,68.23
60.1540,17432,99,70.78
60.1717,17432,100,69.11
60.1893,17432,100,71.20
60.2068,17432,100,71.15
60.2245,17432,100,70.09
60.2423,17432,100,73.21
60.2604,17432,100,72.89
60.2785,17432,100,68.66
60.2966,17432,100,71.46
60.3145,17432,100,71.32
60.3326,17432,100,70.79
60.3501,17432,100,69.38
60.3676,17432,100,70.86
60.3857,17432,100,72.02
60.4035,17432,100,71.29
60.4216,17432,100,72.14
60.4394,17432,100,69.64
60.4571,17432,100,72.19
60.4746,17432,100,71.49
60.4924,17432,100,68.63
60.5104,17432,100,72.13
60.5282,17432,100,71.05
60.5460,17432,100,71.27
60.5635,17432,100,70.85
60.5811,17432,99,69.97
60.5988,17432,100,70.22
60.6162,17432,100,72.23
60.6338,17432,99,73.21
60.6515,17432,100,70.90
60.6690,17432,100,71.51
60.6866,17432,99,70.83
60.7041,17432,100,70.91
60.7218,17432,100,71.54
60.7395,17432,99,71.26
60.7569,17432,100,70.48
60.7743,17432,100,72.09
60.7924,17432,99,69.21
60.8098,17432,100,71.55
60.8273,17432,100,72.21
60.8450,17432,100,70.05
60.8625,17432,100,69.64
60.8799,17432,100,71.86
60.8972,17432,99,69.68
60.9147,17432,100,72.66
60.9322,17432,100,72.59
60.9496,17432,100,72.57
60.9670,17432,100,70.01
60.9848,17432,100,72.46
61.0022,17432,100,71.14
61.0196,17432,100,69.09
61.0370,17432,100,69.84
61.0545,17432,100,69.60
61.0719,17432,100,71.22
61.0893,17432,100,70.50
61.1067,17432,100,73.18
61.1242,17432,100,71.77
61.1416,17432,100,71.89
61.1591,17432,100,69.21
61.1766,17432,100,74.03
61.1942,17432,100,71.78
61.2116,17432,100,71.94
61.2290,17432,100,70.97
61.2467,17432,100,69.66
61.2642,17432,100,71.78
61.2817,17432,100,70.45
61.2991,17432,99,69.96
61.3164,17432,100,73.83
61.3339,17432,100,71.54
61.3513,17432,100,71.58
61.3689,17432,100,70.58
61.3862,17432,100,71.10
61.4037,17432,100,70.84
61.4212,17432,100,70.72
61.4387,17432,100,69.51
61.4561,17432,100,70.47
61.4735,17432,100,71.09
61.4909,17432,100,70.24
61.5083,17432,100,70.39
61.5257,17432,100,70.99
61.5432,17432,100,68.68
61.5606,17432,99,70.66
61.5780,17432,100,70.94
61.5956,17432,100,72.84
61.6130,17432,100,72.70
61.6305,17432,100,71.56
61.6483,17432,100,71.60
61.6658,17432,100,71.80
61.6832,17432,100,70.02
61.7006,17432,100,72.46
61.7181,17432,100,72.92
61.7354,17432,100,68.29
61.7532,17432,100,71.62
61.7707,17432,100,70.08
61.7882,17432,100,67.72
61.8056,17432,100,68.87
61.8231,17432,100,70.74
61.8404,17432,100,71.68
61.8579,17432,99,71.83
61.8752,17432,100,71.29
61.8927,17432,100,70.03
61.9102,17432,99,68.75
61.9276,17432,100,70.00
61.9451,17432,100,70.13
61.9628,17432,99,71.97
61.9806,17432,100,70.98
61.9980,17432,100,72.81
62.0154,17432,100,70.75
62.0328,17432,100,70.73
62.0506,17432,100,70.20
62.0681,17432,100,70.20
62.0855,17432,100,71.06
62.1029,17432,100,70.17
62.1202,17432,100,69.42
62.1377,17432,100,70.57
62.1551,17432,100,72.34
62.1729,17432,100,72.31
62.1906,17432,100,70.43
62.2082,17432,100,72.25
62.2256,17432,100,70.58
62.2430,17432,100,71.11
62.2604,17432,100,72.16
62.2778,17432,100,72.81
62.2952,17432,100,70.25
62.3126,17432,100,70.55
62.3302,17432,100,70.88
62.3476,17432,100,71.90
62.3654,17432,100,70.72
62.3828,17432,100,72.49
62.4004,17432,100,70.18
62.4178,17432,100,71.63
62.4353,17432,100,69.44
62.4527,17432,100,69.08
62.4703,17432,100,71.84
62.4876,17432,100,70.11
62.5051,17432,100,69.75
62.5225,17432,100,70.15
62.5399,17432,100,72.04
62.5573,17432,100,69.67
62.5749,17432,100,70.51
62.5922,17432,100,71.27
62.6098,17432,100,70.26
62.6276,17432,100,69.84
62.6450,17432,100,71.16
62.6625,17432,100,67.72
62.6799,17432,100,72.84
62.6973,17432,100,71.53
62.7149,17432,100,71.20
62.7322,17432,100,71.85
62.7497,17432,100,70.75
62.7672,17432,100,69.14
62.7846,17432,100,69.23
62.8020,17432,100,68.96
62.8195,17432,100,71.75
62.8369,17432,100,69.44
62.8544,17432,100,69.43
62.8719,17432,100,69.15
62.8893,17432,100,70.47
62.9068,17432,100,71.49
62.9242,17432,100,73.07
62.9416,17432,100,70.62
62.9590,17432,100,70.85
62.9764,17432,100,69.01
62.9938,17432,99,71.88
63.0112,17432,100,70.22
63.0286,17432,100,69.79
63.0463,17432,100,73.64
63.0638,17432,100,71.52
63.0812,17432,100,68.24
63.0986,17432,100,71.02
63.1161,17432,100,70.41
63.1335,17432,100,71.93
63.1509,17432,99,69.45
63.1685,17432,100,71.72
63.1858,17432,100,71.16
63.2032,17432,99,71.73
63.2206,17432,100,70.60
63.2380,17432,100,72.71
63.2555,17432,99,71.77
63.2730,17432,100,70.86
63.2905,17432,100,69.50
63.3078,17432,100,68.20
63.3253,17432,100,72.57
63.3427,17432,100,70.24
63.3602,17432,100,72.69
63.3776,17432,100,69.36
63.3951,17432,100,72.91
63.4125,17432,100,68.62
63.4299,17432,100,71.25
63.4475,17432,100,68.06
63.4648,17432,100,72.92
63.4823,17432,100,70.40
63.4998,17432,100,69.70
63.5172,17432,100,70.24
63.5346,17432,100,71.08
63.5521,17432,100,71.05
63.5696,17432,100,70.14
63.5870,17432,100,70.49
63.6045,17432,100,71.14
63.6220,17432,100,70.42
63.6395,17432,100,71.38
63.6570,17432,100,71.30
63.6744,17432,100,68.89
63.6918,17432,100,70.94
63.7092,17432,100,70.60
63.7268,17432,99,71.29
63.7442,17432,100,70.92
63.7617,17432,100,70.22
63.7792,17432,99,70.44
63.7967,17432,100,69.54
63.8141,17432,100,68.84
63.8316,17432,100,71.10
63.8490,17432,100,70.91
63.8664,17432,100,72.41
63.8838,17432,100,72.66
63.9013,17432,100,69.53
63.9187,17432,100,71.85
63.9365,17432,100,70.00
63.9539,17432,100,70.30
63.9713,17432,100,73.12
63.9888,17432,100,69.97
64.0062,17432,100,72.51
64.0236,17432,100,73.02
64.0410,17432,100,71.88
64.0584,17432,100,71.42
64.0761,17432,100,69.09
64.0935,17432,100,71.47
64.1110,17432,100,69.76
64.1284,17432,100,71.50
64.1459,17432,100,70.44
64.1633,17432,100,71.16
64.1807,17432,100,70.13
64.1982,17432,100,70.52
64.2156,17432,100,72.79
64.2331,17432,100,72.20
64.2506,17432,100,72.29
64.2681,17432,100,69.82
64.2855,17432,100,70.90
64.3029,17432,100,70.42
64.3204,17432,100,71.25
64.3380,17432,100,71.69
64.3555,17432,100,68.98
64.3730,17432,100,70.72
64.3904,17432,100,70.25
64.4078,17432,100,72.69
64.4253,17432,100,72.11
64.4427,17432,100,69.14
64.4601,17432,100,69.82
64.4775,17432,100,73.96
64.4950,17432,100,70.77
64.5125,17432,100,71.61
64.5301,17432,100,69.82
64.5478,17432,100,70.96
64.5653,17432,99,69.95
64.5827,17432,100,71.71
64.6001,17432,100,70.77
64.6176,17432,99,69.01
64.6351,17432,100,70.68
64.6524,17432,100,71.17
64.6698,17432,100,72.10
64.6873,17432,100,69.54
64.7048,17432,100,70.24
64.7223,17432,100,71.28
64.7397,17432,100,68.85
64.7573,17432,100,70.19
64.7747,17432,100,69.03
64.7921,17432,100,69.92
64.8096,17432,100,70.17
64.8270,17432,100,67.97
64.8445,17432,100,73.51
64.8620,17432,100,70.28
64.8794,17432,99,69.22
64.8968,17432,100,70.26
64.9142,17432,100,70.80
64.9320,17432,100,71.29
64.9494,17432,100,69.74
64.9668,17432,100,70.06
64.9845,17432,100,70.23
65.0020,17432,100,71.03
65.0194,17432,100,71.21
65.0368,17432,99,70.71
65.0542,17432,100,71.29
65.0716,17432,100,71.11
65.0890,17432,100,71.76
65.1064,17432,100,72.25
65.1240,17432,100,71.82
65.1415,17432,100,69.72
65.1589,17432,100,72.01
65.1764,17432,100,73.22
65.1939,17432,100,72.63
65.2113,17432,100,70.29
65.2287,17432,100,70.14
65.2461,17432,100,70.53
65.2640,17432,100,70.93
65.2814,17432,100,71.12
65.2988,17432,100,71.12
65.3163,17432,100,70.68
65.3337,17432,100,70.57
65.3513,17432,100,70.55
65.3690,17432,100,70.98
65.3867,17432,100,70.77
65.4042,17432,100,72.00
65.4216,17432,100,69.37
65.4391,17432,100,70.69
65.4565,17432,100,71.24
65.4742,17432,100,72.68
65.4917,17432,100,70.60
65.5092,17432,100,71.62
65.5267,17432,100,70.68
65.5441,17432,100,70.90
65.5620,17432,100,71.61
65.5795,17432,100,70.77
65.5969,17432,100,68.77
65.6143,17432,100,70.21
65.6317,17432,100,71.61
65.6493,17432,100,71.66
65.6668,17432,100,71.51
65.6846,17432,100,70.77
65.7021,17432,100,69.42
65.7195,17432,100,70.14
65.7370,17432,100,67.83
65.7543,17432,100,68.02
65.7717,17432,100,71.47
65.7891,17432,100,69.95
65.8065,17432,100,71.10
65.8243,17432,100,72.86
65.8417,17432,100,72.17
65.8592,17432,100,70.51
65.8766,17432,100,71.56
65.8940,17432,99,71.59
65.9114,17432,100,71.56
65.9288,17432,100,71.05
65.9463,17432,99,70.36
65.9637,17432,100,72.84
65.9811,17432,100,70.65
65.9986,17432,100,71.84
66.0161,17432,100,74.19
66.0335,17432,100,71.73
66.0513,17432,100,69.76
66.0688,17432,100,71.43
66.0863,17432,100,72.01
66.1037,17432,100,71.39
66.1214,17432,100,70.94
66.1392,17432,100,73.26
66.1573,17432,100,69.25
66.1750,17432,100,69.71
66.1925,17432,100,69.07
66.2102,17432,100,70.99
66.2280,17432,100,73.34
66.2457,17432,100,71.11
66.2634,17432,100,69.92
66.2813,17432,100,72.65
66.2986,17432,100,69.32
66.3167,17432,100,71.49
66.3346,17432,100,69.93
66.3521,17432,100,70.81
66.3696,17432,100,70.92
66.3877,17432,99,71.42
66.4051,17432,100,69.51
66.4230,17432,100,68.89
66.4404,17432,100,69.05
66.4581,17432,100,71.02
66.4762,17432,100,70.11
66.4936,17432,100,71.55
66.5117,17432,100,68.65
66.5292,17432,100,69.23
66.5466,17432,100,71.42
66.5644,17432,100,70.06
66.5824,17432,100,72.96
66.5998,17432,100,68.19
66.6172,17432,99,67.99
66.6350,17432,100,71.55
66.6528,17432,100,70.19
66.6703,17432,100,72.32
66.6878,17432,100,70.57
66.7057,17432,100,70.31
66.7235,17432,100,71.56
66.7410,17432,100,73.03
66.7584,17432,100,71.07
66.7761,17432,100,69.50
66.7942,17432,100,71.19
66.8117,17432,100,70.61
66.8291,17432,100,73.73
66.8465,17432,100,71.99
66.8640,17432,100,70.30
66.8814,17432,100,69.71
66.8988,17432,100,69.91
66.9166,17432,100,69.94
66.9340,17432,100,71.53
66.9516,17432,100,71.32
66.9693,17432,100,71.06
66.9868,17432,100,70.46
67.0046,17432,100,72.26
67.0227,17432,100,71.16
67.0400,17432,100,69.68
67.0578,17432,100,72.82
67.0752,17432,100,72.61
67.0932,17432,100,71.04
67.1110,17432,99,73.01
67.1284,17432,100,70.43
67.1462,17432,100,70.92
67.1641,17432,100,71.10
67.1819,17432,100,71.74
67.1996,17432,100,70.19
67.2172,17432,100,72.68
67.2350,17432,100,71.63
67.2527,17432,100,70.38
67.2705,17432,100,71.29
67.2886,17432,99,71.56
67.3060,17432,100,68.14
67.3235,17432,100,72.51
67.3413,17432,100,70.48
67.3590,17432,100,71.72
67.3769,17432,100,72.06
67.3950,17432,100,70.37
67.4124,17432,100,71.09
67.4305,17432,100,71.72
67.4483,17432,100,69.85
67.4658,17432,100,68.96
67.4835,17432,100,70.07
67.5016,17432,100,70.97
67.5190,17432,100,73.13
67.5367,17432,100,71.26
67.5545,17432,100,71.09
67.5723,17432,100,72.67
67.5900,17432,100,71.84
67.6077,17432,100,70.66
67.6255,17432,100,69.92
67.6433,17432,100,72.67
67.6611,17432,100,73.45
67.6789,17432,100,69.06
67.6965,17432,100,73.00
67.7139,17432,100,71.10
67.7320,17432,100,70.10
67.7500,17432,100,69.47
67.7681,17432,100,71.38
67.7858,17432,100,69.57
67.8033,17432,100,72.70
67.8211,17432,100,68.80
67.8388,17432,100,70.21
67.8565,17432,100,68.88
67.8743,17432,100,71.81
67.8923,17432,100,71.71
67.9097,17432,100,70.76
67.9271,17432,100,68.56
67.9452,17432,100,71.18
67.9632,17432,100,70.63
67.9810,17432,100,72.54
67.9984,17432,100,69.61
68.0158,17432,100,70.89
68.0340,17432,100,70.44
68.0515,17432,100,72.34
68.0691,17432,100,69.89
68.0868,17432,100,70.56
68.1042,17432,100,66.98
68.1219,17432,100,72.52
68.1397,17432,100,69.90
68.1570,17432,100,72.19
68.1745,17432,100,69.44
68.1919,17432,100,69.04
68.2096,17432,100,71.44
68.2274,17432,100,71.24
68.2449,17432,99,71.37
68.2627,17432,100,73.03
68.2804,17432,100,72.37
68.2982,17432,100,72.15
68.3157,17432,100,70.76
68.3331,17432,100,70.53
68.3506,17432,100,70.31
68.3684,17432,100,68.90
68.3858,17432,100,70.04
68.4032,17432,100,69.92
68.4206,17432,100,72.13
68.4380,17432,100,70.95
68.4555,17432,100,71.79
68.4732,17432,99,73.07
68.4912,17432,100,70.23
68.5094,17432,100,70.76
68.5273,17432,100,70.36
68.5448,17432,100,72.87
68.5624,17432,100,71.95
68.5798,17432,100,70.87
68.5976,17432,100,71.96
68.6151,17432,100,70.16
68.6332,17432,100,73.16
68.6509,17432,99,69.44
68.6690,17432,100,70.99
68.6865,17432,100,71.67
68.7039,17432,99,70.48
68.7215,17432,100,69.18
68.7393,17432,100,71.02
68.7575,17432,100,70.85
68.7750,17432,100,72.61
68.7926,17432,100,71.82
68.8103,17432,100,70.48
68.8281,17432,99,72.03
68.8459,17432,100,71.72
68.8639,17432,100,70.15
68.8820,17432,100,71.71
68.8994,17432,100,69.30
68.9168,17432,100,70.81
68.9343,17432,100,71.23
68.9517,17432,100,70.60
68.9698,17432,100,71.72
68.9872,17432,100,71.27
69.0051,17432,100,72.25
69.0224,17432,100,71.77
69.0403,17432,100,72.33
69.0585,17432,100,70.87
69.0758,17432,100,70.29
69.0936,13842,100,72.18
69.1113,12318,0,61.12
69.1291,12318,0,31.42
69.1468,12318,0,30.95
69.1646,12318,0,30.94
69.1820,12318,0,30.90
69.2004,12838,74,31.76
69.2182,15394,99,70.08
69.2357,15394,100,73.01
69.2535,15394,99,71.25
69.2709,15394,100,70.76
69.2887,15394,100,71.15
69.3064,15394,100,72.56
69.3240,15394,100,73.00
69.3415,15394,100,68.17
69.3591,15394,100,70.46
69.3764,15394,100,72.03
69.3938,15394,100,70.26
69.4116,15394,100,72.12
69.4296,15394,100,70.96
69.4470,16134,100,69.82
69.4648,16134,100,70.90
69.4828,16134,99,67.80
69.5006,16898,100,72.29
69.5188,16898,100,72.17
69.5363,16898,100,69.28
69.5545,16898,100,73.46
69.5726,16898,100,69.36
69.5900,17688,100,72.26
69.6075,17688,100,70.84
69.6254,17688,100,70.99
69.6435,17688,100,70.98
69.6609,17688,99,70.41
69.6784,17688,100,71.60
69.6961,17688,100,70.70
69.7138,17688,100,70.72
69.7316,17688,100,71.32
69.7493,17688,100,71.85
69.7668,17688,100,69.88
69.7846,17688,100,73.84
69.8020,17688,100,70.04
69.8195,17688,100,70.55
69.8370,17688,100,72.97
69.8546,17688,100,69.36
69.8724,17688,100,71.44
69.8902,17688,100,69.71
69.9082,17688,100,73.71
69.9256,17688,100,69.25
69.9430,17688,100,70.85
69.9605,17688,100,71.55
69.9780,17688,100,69.94
69.9955,17688,100,71.92
70.0129,17688,100,71.12
70.0310,17688,100,69.54
70.0484,17688,100,70.06
70.0658,17688,100,70.19
70.0835,17688,100,70.74
70.1012,17688,100,70.05
70.1191,17688,100,70.28
70.1372,17688,100,72.96
70.1547,17688,100,67.87
70.1725,17688,100,71.11
70.1902,17688,100,72.27
70.2080,17688,100,70.12
70.2258,17688,100,70.51
70.2432,17688,100,70.84
70.2613,17688,100,74.04
70.2794,17688,100,69.92
70.2976,17688,100,70.23
70.3151,17688,100,71.81
70.3324,17688,100,68.12
70.3502,17688,100,72.51
70.3681,17688,100,69.57
70.3862,17688,100,69.72
70.4040,17688,100,68.47
70.4214,17688,100,71.26
70.4391,17688,100,70.88
70.4568,17688,100,70.85
70.4744,17688,99,70.82
70.4925,17688,100,71.16
70.5102,17688,100,71.30
70.5280,17688,100,68.82
70.5457,17688,100,70.59
70.5634,17688,100,72.08
70.5812,17688,100,72.75
70.5987,17688,100,72.98
70.6162,17688,100,72.23
70.6336,17688,100,72.52
70.6511,17688,100,71.63
70.6689,17688,100,71.57
70.6864,17688,100,71.67
70.7042,17688,100,72.21
70.7217,17688,100,69.79
70.7391,17688,100,71.07
70.7565,17688,100,70.61
70.7740,17688,100,68.57
70.7916,17688,100,71.09
70.8094,17688,100,70.22
70.8269,17688,100,72.16
70.8443,17688,100,73.62
70.8617,17688,100,69.66
70.8798,17688,100,74.74
70.8972,17688,100,69.91
70.9148,17688,100,70.29
70.9322,17688,99,72.35
70.9497,17688,100,72.76
70.9671,17688,100,72.11
70.9850,17688,99,69.86
71.0025,17688,100,73.03
71.0200,17688,100,70.69
71.0375,17688,100,69.61
71.0549,17688,100,68.95
71.0724,17688,100,71.43
71.0899,17688,100,71.39
71.1074,17688,100,70.59
71.1248,17688,100,69.39
71.1424,17688,100,69.71
71.1598,17688,99,72.07
71.1772,17688,100,71.66
71.1946,17688,100,72.79
71.2120,17688,100,73.09
71.2295,17688,100,72.03
71.2470,17688,100,73.23
71.2645,17688,100,70.06
71.2819,17688,100,72.27
71.2994,17688,100,69.32
71.3170,17688,100,72.54
71.3345,17688,100,72.59
71.3519,17688,100,71.45
71.3697,17688,100,70.41
71.3872,17688,100,73.55
71.4048,17688,100,70.20
71.4222,17688,100,69.93
71.4396,17688,100,70.14
71.4570,17688,100,71.12
71.4745,17688,100,72.91
71.4920,17688,100,70.71
71.5095,17688,100,68.95
71.5271,17688,100,70.36
71.5446,17688,100,67.73
71.5621,17688,100,71.67
71.5796,17688,100,69.00
71.5970,17688,100,69.76
71.6144,17688,100,73.50
71.6318,17688,100,68.15
71.6493,17688,100,71.69
71.6667,17688,99,70.26
71.6841,17688,100,71.02
71.7016,17688,100,70.74
71.7190,17688,100,73.66
71.7365,17688,100,69.36
71.7546,17688,100,71.40
71.7720,17688,100,73.97
71.7894,17688,100,73.26
71.8068,17688,100,71.33
71.8242,17688,100,69.13
71.8419,17688,99,70.98
71.8593,17688,100,69.60
71.8768,17688,100,69.01
71.8943,17688,100,72.02
71.9117,17688,100,71.81
71.9293,17688,100,71.94
71.9468,17688,100,73.40
71.9642,17688,100,69.35
71.9816,17688,100,70.93
71.9990,17688,100,69.55
72.0164,17688,100,70.42
72.0339,17688,100,70.99
72.0513,17688,100,70.16
72.0689,17688,100,69.57
72.0863,17688,100,71.00
72.1037,17688,100,69.92
72.1212,17688,99,68.65
72.1386,17688,100,72.38
72.1560,17688,100,69.65
72.1734,17688,100,70.49
72.1909,17688,100,70.28
72.2082,17688,100,71.00
72.2256,17688,100,70.71
72.2433,17688,100,68.84
72.2610,17688,100,69.46
72.2784,17688,100,69.61
72.2959,17688,100,73.13
72.3133,17688,100,73.06
72.3307,17688,100,73.69
72.3480,17688,100,71.66
72.3658,17688,100,71.01
72.3832,17688,100,69.33
72.4007,17688,100,70.32
72.4182,17688,100,72.97
72.4360,17688,99,71.74
72.4535,17688,100,72.32
72.4710,17688,100,68.96
72.4884,17688,100,71.40
72.5058,17688,100,72.11
72.5235,17688,99,74.05
72.5409,17688,100,71.60
72.5583,17688,100,72.35
72.5757,17688,99,70.09
72.5932,17688,100,72.90
72.6107,17688,100,70.03
72.6281,17688,100,67.85
72.6455,17688,100,69.21
72.6629,17688,100,72.01
72.6802,17688,100,71.01
72.6980,17688,100,72.25
72.7158,17688,100,72.12
72.7336,17688,100,69.62
72.7510,17688,100,69.06
72.7684,17688,100,71.51
72.7858,17688,100,72.24
72.8036,17688,100,69.82
72.8209,17688,100,69.04
72.8386,17688,100,72.30
72.8560,17688,100,71.39
72.8734,17688,100,71.28
72.8909,17688,100,69.23
72.9082,17688,100,72.36
72.9256,17688,100,72.77
72.9430,17688,100,72.03
72.9606,17688,100,72.38
72.9780,17688,100,70.61
72.9953,17688,100,73.19
73.0130,17688,100,72.03
73.0304,17688,100,72.57
73.0479,17688,100,70.66
73.0653,17688,100,70.59
73.0827,17688,100,72.58
73.1001,17688,100,68.56
73.1175,17688,100,70.69
73.1352,17688,100,70.78
73.1526,17688,100,71.57
73.1701,17688,100,71.28
73.1874,17688,100,72.24
73.2049,17688,100,73.79
73.2226,17688,100,69.80
73.2403,17688,100,70.64
73.2577,17688,100,71.83
73.2751,17688,100,68.58
73.2928,17688,100,70.66
73.3102,17688,100,71.66
73.3277,17688,100,69.78
73.3451,17688,100,71.73
73.3625,17688,100,72.55
73.3799,17688,99,69.49
73.3973,17688,100,71.14
73.4147,17688,100,70.64
73.4322,17688,99,71.46
73.4497,17688,100,72.02
73.4670,17688,100,70.63
73.4849,17688,100,69.67
73.5023,17688,100,71.42
73.5197,17688,100,69.57
73.5371,17688,100,70.32
73.5545,17688,100,71.74
73.5722,17688,100,71.76
73.5896,17688,100,70.68
73.6070,17688,100,69.73
73.6245,17688,100,72.99
73.6419,17688,100,73.59
73.6596,17688,100,69.07
73.6770,17688,100,70.92
73.6944,17688,100,68.68
73.7118,17688,100,71.35
73.7293,17688,100,70.35
73.7474,17688,100,71.54
73.7648,17688,100,70.36
73.7822,17688,100,72.57
73.7996,17688,100,70.42
73.8171,17688,100,69.88
73.8346,17688,100,72.28
73.8520,17688,100,71.23
73.8696,17688,100,69.82
73.8871,17688,100,72.44
73.9045,17688,100,70.10
73.9220,17688,100,69.73
73.9395,17688,100,69.08
73.9569,17688,100,71.35
73.9743,17688,100,71.90
73.9917,17688,100,73.97
74.0094,17688,100,71.11
74.0267,17688,100,73.07
74.0441,17688,100,68.91
74.0615,17688,100,70.93
74.0790,17688,100,71.18
74.0965,17688,100,72.58
74.1139,17688,100,72.01
74.1313,17688,100,72.60
74.1488,17688,100,67.90
74.1666,17688,100,69.17
74.1847,17688,100,69.53
74.2021,17688,100,70.00
74.2194,17688,100,71.85
74.2369,17688,100,69.71
74.2544,17688,100,70.29
74.2719,17688,100,69.95
74.2897,17688,100,72.12
74.3071,17688,100,72.44
74.3244,17688,100,68.98
74.3418,17688,100,73.51
74.3592,17688,100,71.18
74.3766,17688,100,72.39
74.3940,17688,100,72.12
74.4114,17688,100,72.40
74.4288,17688,100,68.58
74.4463,17688,100,73.24
74.4637,17688,100,71.35
74.4812,17688,99,72.00
74.4986,17688,100,71.98
74.5160,17688,100,71.98
74.5334,17688,100,70.21
74.5508,17688,100,69.14
74.5682,17688,100,70.67
74.5857,17688,100,72.16
74.6031,17688,100,72.39
74.6208,17688,100,73.20
74.6386,17688,100,69.43
74.6563,17688,100,72.05
74.6738,17688,100,68.27
74.6912,17688,100,68.96
74.7086,17688,100,71.32
74.7260,17688,100,69.94
74.7438,17688,100,71.64
74.7613,17688,100,70.76
74.7787,17688,100,72.43
74.7960,17688,100,70.07
74.8134,17688,100,73.42
74.8308,17688,99,71.58
74.8485,17688,100,72.57
74.8659,17688,100,71.33
74.8832,17688,100,72.39
74.9007,17688,100,72.69
74.9182,17688,100,71.21
74.9356,17688,100,69.51
74.9530,17688,100,69.99
74.9704,17688,100,70.64
74.9878,17688,100,70.25
75.0055,17688,99,69.98
75.0229,17688,100,70.66
75.0403,17688,100,71.60
75.0580,17688,100,71.25
75.0755,17688,100,72.61
75.0930,17688,100,70.61
75.1105,17688,100,72.31
75.1279,17688,100,72.10
75.1453,17688,100,71.65
75.1627,17688,100,71.55
75.1801,17688,100,71.55
75.1975,17688,100,71.17
75.2149,17688,100,71.65
75.2327,17688,99,70.33
75.2502,17688,100,71.98
75.2676,17688,100,70.94
75.2850,17688,100,72.05
75.3028,17688,100,71.18
75.3201,17688,100,71.68
75.3375,17688,100,69.82
75.3549,17688,99,71.78
75.3723,17688,100,70.24
75.3897,17688,100,71.26
75.4071,17688,100,70.81
75.4245,17688,100,70.75
75.4419,17688,100,69.66
75.4593,17688,100,69.74
75.4767,17688,100,69.47
75.4941,17688,100,69.07
75.5116,17688,100,73.25
75.5294,17688,100,74.01
75.5468,17688,100,72.58
75.5645,17688,100,73.20
75.5819,17688,100,74.14
75.5993,17688,100,72.30
75.6170,17688,100,71.34
75.6351,17688,100,73.04
75.6525,17688,100,70.92
75.6699,17688,100,71.56
75.6873,17688,100,71.95
75.7047,17688,99,72.13
75.7221,17688,100,70.46
75.7396,17688,100,70.19
75.7570,17688,100,71.14
75.7748,17688,100,71.87
75.7922,17688,100,72.07
75.8097,17688,100,72.38
75.8270,17688,99,68.25
75.8444,17688,100,70.27
75.8618,17688,100,69.43
75.8792,17688,100,71.02
75.8966,17688,100,70.41
75.9141,17688,100,72.93
75.9315,17688,100,67.78
75.9492,17688,100,72.70
75.9666,17688,100,74.22
75.9840,17688,100,70.81
76.0017,17688,100,71.88
76.0191,17688,100,70.85
76.0365,17688,100,70.71
76.0542,17688,100,68.33
76.0716,17688,100,71.55
76.0890,17688,100,70.38
76.1065,17688,100,71.11
76.1241,17688,100,68.78
76.1418,17688,100,69.10
76.1596,17688,100,71.43
76.1777,17688,100,70.70
76.1954,17688,100,69.92
76.2135,17688,100,70.70
76.2312,17688,100,71.60
76.2487,17688,100,72.17
76.2662,17688,100,70.00
76.2840,17688,100,70.85
76.3018,17688,100,71.82
76.3192,17688,100,71.08
76.3370,17688,100,72.27
76.3549,17688,100,70.82
76.3723,17688,100,70.63
76.3901,17688,100,69.89
76.4081,17688,100,69.10
76.4255,17688,100,71.14
76.4432,17688,100,69.76
76.4607,17688,100,69.16
76.4786,17688,100,72.54
76.4960,17688,100,70.29
76.5142,17688,100,68.00
76.5319,17688,100,70.72
76.5497,17688,100,72.03
76.5676,17688,100,71.13
76.5850,17688,100,73.18
76.6024,17688,100,71.68
76.6199,17688,99,68.62
76.6380,17688,100,68.44
76.6560,17688,100,71.01
76.6734,17688,100,70.87
76.6918,17688,100,74.19
76.7093,17688,100,70.86
76.7274,17688,100,70.75
76.7451,17688,99,69.85
76.7626,17688,100,68.90
76.7806,17688,100,72.96
76.7987,17688,100,70.22
76.8169,17688,100,71.20
76.8346,17688,100,72.09
76.8521,17688,100,72.50
76.8701,17688,99,71.68
76.8875,17688,100,71.34
76.9049,17688,100,71.36
76.9223,17688,100,73.64
76.9397,17688,100,70.99
76.9574,17688,100,69.70
76.9749,17688,100,69.06
76.9924,17688,100,70.28
77.0101,17688,100,70.60
77.0275,17688,100,72.58
77.0457,17688,100,72.11
77.0634,17688,100,71.95
77.0809,17688,100,73.83
77.0988,17688,100,69.64
77.1162,17688,99,70.73
77.1339,17688,100,70.71
77.1516,17688,100,68.66
77.1694,17688,100,72.73
77.1872,17688,100,72.10
77.2046,17688,100,71.03
77.2223,17688,100,70.70
77.2397,17688,100,70.68
77.2571,17688,100,70.87
77.2745,17688,100,70.93
77.2922,17688,100,71.11
77.3097,17688,100,72.29
77.3271,17688,100,70.41
77.3444,17688,100,71.22
77.3626,17688,100,70.56
77.3802,17688,100,70.28
77.3980,17688,100,69.54
77.4155,17688,100,70.57
77.4333,17688,100,70.90
77.4507,17688,100,70.39
77.4687,17688,100,72.40
77.4861,17688,100,70.45
77.5042,17688,100,70.98
77.5219,17688,100,69.90
77.5396,17688,100,70.22
77.5577,17688,100,67.99
77.5752,17688,100,70.51
77.5927,17688,100,70.75
77.6101,17688,100,69.98
77.6278,17688,100,68.59
77.6456,17688,100,71.79
77.6630,17688,99,70.50
77.6810,17688,100,70.94
77.6992,17688,100,71.97
77.7166,17688,100,70.38
77.7343,17688,100,70.92
77.7518,17688,100,71.20
77.7695,17688,100,67.88
77.7872,17688,100,73.09
77.8054,17688,100,71.38
77.8231,17688,100,71.55
77.8410,17688,100,70.38
77.8584,17688,99,72.97
77.8762,17688,100,71.16
77.8940,17688,100,70.99
77.9114,17688,100,72.19
77.9288,17688,100,74.11
77.9462,17688,100,71.26
77.9638,17688,100,70.25
77.9816,17688,100,71.72
77.9990,17688,100,69.25
78.0168,17688,100,74.48
78.0343,17688,100,69.90
78.0521,17688,100,71.72
78.0702,17688,100,70.67
78.0880,17688,100,70.62
78.1058,17688,100,73.46
78.1235,17688,100,71.78
78.1416,17688,100,69.82
78.1591,17688,100,69.13
78.1772,17688,99,71.51
78.1946,17688,100,68.21
78.2128,17688,100,70.91
78.2309,17688,100,70.13
78.2484,17688,100,69.34
78.2661,17688,100,67.02
78.2835,17688,100,70.80
78.3012,17688,99,72.35
78.3190,17688,100,71.60
78.3364,17688,100,71.51
78.3541,17688,100,69.07
78.3718,17688,100,73.08
78.3893,17688,100,69.92
78.4074,17688,100,74.49
78.4254,17688,100,73.23
78.4432,17688,100,70.54
78.4610,17688,100,71.76
78.4784,17688,100,69.29
78.4965,17688,100,68.60
78.5139,17688,100,70.47
78.5318,17688,100,70.19
78.5495,17688,100,72.79
78.5676,17688,100,69.89
78.5851,17688,100,69.34
78.6024,17688,100,70.67
78.6200,17688,100,72.22
78.6375,17688,100,71.53
78.6556,17688,100,72.51
78.6731,17688,100,69.48
78.6905,17688,100,73.82
78.7079,17688,100,70.89
78.7256,17688,100,69.68
78.7434,17688,100,70.40
78.7612,17688,100,71.87
78.7790,17688,100,69.80
78.7967,17688,100,69.89
78.8145,17688,100,71.78
78.8323,17688,100,69.89
78.8497,17688,100,70.11
78.8672,17688,99,72.13
78.8850,17688,100,69.13
78.9026,17688,100,70.99
78.9207,17688,100,71.64
78.9384,17688,100,69.45
78.9565,17688,100,73.95
78.9739,17688,100,72.92
78.9913,17688,100,71.43
79.0091,17688,100,68.60
79.0274,17688,100,68.78
79.0448,17688,100,74.07
79.0624,17688,99,69.45
79.0802,17688,100,71.18
79.0977,17688,100,71.00
79.1159,17688,100,72.49
79.1340,17688,100,71.63
79.1517,17688,100,73.71
79.1691,17688,100,69.03
79.1868,17688,100,69.93
79.2046,17688,100,69.14
79.2220,17688,100,69.89
79.2397,17688,100,72.09
79.2571,17688,100,74.80
79.2745,17688,100,70.72
79.2924,17688,100,73.23
79.3104,17688,100,69.28
79.3282,17688,100,69.78
79.3459,17688,100,70.80
79.3633,17688,100,73.53
79.3807,17688,100,71.70
79.3982,17688,100,72.62
79.4157,17688,100,68.23
79.4331,17688,100,70.76
79.4508,17688,100,72.01
79.4690,17688,100,70.41
79.4865,17688,100,72.54
79.5042,17688,99,70.16
79.5216,17688,100,70.60
79.5393,17688,100,71.32
79.5569,17688,100,71.71
79.5746,17688,100,71.36
79.5926,17688,100,71.34
79.6104,17688,100,69.61
79.6278,17688,100,69.40
79.6456,17688,100,70.46
79.6630,17688,100,69.31
79.6804,17688,100,71.31
79.6978,17688,99,72.37
79.7159,17688,100,69.87
79.7333,17688,100,72.42
79.7508,17688,100,70.30
79.7685,17688,100,72.04
79.7866,17688,100,70.22
79.8043,17688,100,69.72
79.8220,17688,99,70.92
79.8396,17688,100,69.68
79.8570,17688,100,70.69
79.8746,17688,100,72.81
79.8923,17688,100,70.34
79.9100,17688,100,73.26
79.9281,17688,100,72.69
79.9459,17688,100,69.14
79.9637,17688,100,70.18
79.9815,17688,100,69.66
79.9994,17688,100,71.96
80.0168,17688,100,67.47
80.0346,17688,100,72.82
80.0520,17688,100,70.26
80.0701,17688,100,69.11
80.0876,17688,100,70.35
80.1051,17688,100,71.83
80.1225,17688,100,71.12
80.1400,17688,100,70.92
80.1577,17688,100,69.65
80.1758,17688,100,70.15
80.1936,17688,100,70.05
80.2114,17688,100,71.52
80.2292,17688,100,73.92
80.2471,17688,100,69.28
80.2651,17688,100,71.86
80.2829,17688,100,71.50
80.3004,17688,100,72.65
80.3182,17688,100,71.74
80.3359,17688,100,69.19
80.3534,17688,100,69.41
80.3714,17688,100,69.29
80.3896,17688,100,68.68
80.4075,17688,99,69.86
80.4248,17688,100,68.89
80.4423,17688,100,72.57
80.4601,17688,100,70.95
80.4779,17688,100,71.38
80.4953,17688,100,71.19
80.5130,17688,100,70.82
80.5313,17688,100,70.42
80.5487,17688,100,70.92
80.5662,17688,100,69.64
80.5836,17688,100,70.74
80.6014,17688,100,72.76
80.6192,17688,100,69.90
80.6369,17688,100,70.01
80.6548,17688,100,69.14
80.6723,17688,100,73.27
80.6900,17688,100,73.19
80.7074,17688,100,72.24
80.7253,17688,100,71.49
80.7427,17688,100,70.23
80.7601,17688,100,70.15
80.7782,17688,100,70.04
80.7958,17688,100,70.61
80.8134,17688,100,71.01
80.8309,17688,100,71.89
80.8483,17688,99,71.15
80.8657,17688,100,70.87
80.8833,17688,100,70.20
80.9008,17688,100,70.42
80.9185,17688,100,71.88
80.9366,17688,100,70.58
80.9544,17688,100,69.31
80.9718,17688,100,70.96
80.9893,17688,100,68.90
81.0074,17688,100,68.79
81.0247,17688,100,70.73
81.0421,17688,100,70.30
81.0599,17688,100,70.20
81.0774,17688,100,70.99
81.0950,17688,100,69.64
81.1125,17688,100,70.86
81.1303,17688,100,71.99
81.1480,17688,100,73.55
81.1655,17688,100,69.92
81.1828,17688,100,71.55
81.2004,17688,100,71.86
81.2179,17688,100,71.26
81.2352,17688,100,69.69
81.2530,17688,100,70.41
81.2705,17688,100,69.54
81.2881,17688,100,71.78
81.3056,17688,100,73.39
81.3230,17688,100,71.59
81.3404,17688,100,70.22
81.3579,17688,100,71.32
81.3753,17688,100,72.20
81.3927,17688,100,72.55
81.4101,17688,100,70.78
81.4277,17688,100,72.79
81.4451,17688,100,73.28
81.4626,17688,100,74.20
81.4801,17688,99,72.57
81.4978,17688,100,73.20
81.5153,17688,100,70.49
81.5327,17688,100,71.91
81.5501,17688,100,69.94
81.5674,17688,100,71.02
81.5850,17688,100,70.79
81.6024,17688,99,72.06
81.6198,17688,100,73.33
81.6372,17688,100,72.21
81.6546,13798,100,72.25
81.6721,12318,100,68.96
81.6894,12318,0,32.06
81.7069,12318,0,30.95
81.7243,12318,0,30.93
81.7417,12318,0,30.89
81.7600,12318,0,30.75
